CSDUID,CSD,Period,IndicatorSummaryDescription,Gender,UnitOfMeasure,OriginalValue
4807044,Sedgewick,2011,Life Expectancy,Female,Years,83.30000
4807044,Sedgewick,2012,Life Expectancy,Female,Years,82.91000
4807044,Sedgewick,2013,Life Expectancy,Female,Years,82.53000
4807044,Sedgewick,2014,Life Expectancy,Female,Years,82.05000
4807044,Sedgewick,2015,Life Expectancy,Female,Years,81.85000
4807044,Sedgewick,2016,Life Expectancy,Female,Years,81.76000
4807044,Sedgewick,2017,Life Expectancy,Female,Years,81.61000
4807044,Sedgewick,2018,Life Expectancy,Female,Years,81.41000
4807044,Sedgewick,2019,Life Expectancy,Female,Years,80.85000
4807044,Sedgewick,2020,Life Expectancy,Female,Years,80.91000
4807044,Sedgewick,2021,Life Expectancy,Female,Years,81.57000
4807044,Sedgewick,2022,Life Expectancy,Female,Years,82.33000
4807044,Sedgewick,2011,Life Expectancy,Male,Years,77.95000
4807044,Sedgewick,2012,Life Expectancy,Male,Years,78.03000
4807044,Sedgewick,2013,Life Expectancy,Male,Years,77.70000
4807044,Sedgewick,2014,Life Expectancy,Male,Years,77.55000
4807044,Sedgewick,2015,Life Expectancy,Male,Years,77.86000
4807044,Sedgewick,2016,Life Expectancy,Male,Years,77.68000
4807044,Sedgewick,2017,Life Expectancy,Male,Years,77.90000
4807044,Sedgewick,2018,Life Expectancy,Male,Years,77.93000
4807044,Sedgewick,2019,Life Expectancy,Male,Years,77.84000
4807044,Sedgewick,2020,Life Expectancy,Male,Years,77.32000
4807044,Sedgewick,2021,Life Expectancy,Male,Years,77.06000
4807044,Sedgewick,2022,Life Expectancy,Male,Years,76.91000
4807044,Sedgewick,2011,Life Expectancy,Both,Years,80.52000
4807044,Sedgewick,2012,Life Expectancy,Both,Years,80.39000
4807044,Sedgewick,2013,Life Expectancy,Both,Years,80.00000
4807044,Sedgewick,2014,Life Expectancy,Both,Years,79.70000
4807044,Sedgewick,2015,Life Expectancy,Both,Years,79.73000
4807044,Sedgewick,2016,Life Expectancy,Both,Years,79.58000
4807044,Sedgewick,2017,Life Expectancy,Both,Years,79.60000
4807044,Sedgewick,2018,Life Expectancy,Both,Years,79.55000
4807044,Sedgewick,2019,Life Expectancy,Both,Years,79.24000
4807044,Sedgewick,2020,Life Expectancy,Both,Years,78.98000
4807044,Sedgewick,2021,Life Expectancy,Both,Years,79.14000
4807044,Sedgewick,2022,Life Expectancy,Both,Years,79.40000
4807046,Lougheed,2011,Life Expectancy,Female,Years,83.30000
4807046,Lougheed,2012,Life Expectancy,Female,Years,82.91000
4807046,Lougheed,2013,Life Expectancy,Female,Years,82.53000
4807046,Lougheed,2014,Life Expectancy,Female,Years,82.05000
4807046,Lougheed,2015,Life Expectancy,Female,Years,81.85000
4807046,Lougheed,2016,Life Expectancy,Female,Years,81.76000
4807046,Lougheed,2017,Life Expectancy,Female,Years,81.61000
4807046,Lougheed,2018,Life Expectancy,Female,Years,81.41000
4807046,Lougheed,2019,Life Expectancy,Female,Years,80.85000
4807046,Lougheed,2020,Life Expectancy,Female,Years,80.91000
4807046,Lougheed,2021,Life Expectancy,Female,Years,81.57000
4807046,Lougheed,2022,Life Expectancy,Female,Years,82.33000
4807046,Lougheed,2011,Life Expectancy,Male,Years,77.95000
4807046,Lougheed,2012,Life Expectancy,Male,Years,78.03000
4807046,Lougheed,2013,Life Expectancy,Male,Years,77.70000
4807046,Lougheed,2014,Life Expectancy,Male,Years,77.55000
4807046,Lougheed,2015,Life Expectancy,Male,Years,77.86000
4807046,Lougheed,2016,Life Expectancy,Male,Years,77.68000
4807046,Lougheed,2017,Life Expectancy,Male,Years,77.90000
4807046,Lougheed,2018,Life Expectancy,Male,Years,77.93000
4807046,Lougheed,2019,Life Expectancy,Male,Years,77.84000
4807046,Lougheed,2020,Life Expectancy,Male,Years,77.32000
4807046,Lougheed,2021,Life Expectancy,Male,Years,77.06000
4807046,Lougheed,2022,Life Expectancy,Male,Years,76.91000
4807046,Lougheed,2011,Life Expectancy,Both,Years,80.52000
4807046,Lougheed,2012,Life Expectancy,Both,Years,80.39000
4807046,Lougheed,2013,Life Expectancy,Both,Years,80.00000
4807046,Lougheed,2014,Life Expectancy,Both,Years,79.70000
4807046,Lougheed,2015,Life Expectancy,Both,Years,79.73000
4807046,Lougheed,2016,Life Expectancy,Both,Years,79.58000
4807046,Lougheed,2017,Life Expectancy,Both,Years,79.60000
4807046,Lougheed,2018,Life Expectancy,Both,Years,79.55000
4807046,Lougheed,2019,Life Expectancy,Both,Years,79.24000
4807046,Lougheed,2020,Life Expectancy,Both,Years,78.98000
4807046,Lougheed,2021,Life Expectancy,Both,Years,79.14000
4807046,Lougheed,2022,Life Expectancy,Both,Years,79.40000
4808011,Red Deer,2011,Life Expectancy,Female,Years,82.48130
4808011,Red Deer,2012,Life Expectancy,Female,Years,82.45398
4808011,Red Deer,2013,Life Expectancy,Female,Years,82.60659
4808011,Red Deer,2014,Life Expectancy,Female,Years,82.59747
4808011,Red Deer,2015,Life Expectancy,Female,Years,82.75589
4808011,Red Deer,2016,Life Expectancy,Female,Years,82.95114
4808011,Red Deer,2017,Life Expectancy,Female,Years,83.06124
4808011,Red Deer,2018,Life Expectancy,Female,Years,83.21152
4808011,Red Deer,2019,Life Expectancy,Female,Years,83.35645
4808011,Red Deer,2020,Life Expectancy,Female,Years,83.22499
4808011,Red Deer,2021,Life Expectancy,Female,Years,83.18438
4808011,Red Deer,2022,Life Expectancy,Female,Years,83.23767
4808011,Red Deer,2023,Life Expectancy,Female,Years,83.11811
4808011,Red Deer,2011,Life Expectancy,Male,Years,77.35317
4808011,Red Deer,2012,Life Expectancy,Male,Years,77.46081
4808011,Red Deer,2013,Life Expectancy,Male,Years,77.66614
4808011,Red Deer,2014,Life Expectancy,Male,Years,77.73241
4808011,Red Deer,2015,Life Expectancy,Male,Years,77.89310
4808011,Red Deer,2016,Life Expectancy,Male,Years,78.17058
4808011,Red Deer,2017,Life Expectancy,Male,Years,78.25856
4808011,Red Deer,2018,Life Expectancy,Male,Years,78.22584
4808011,Red Deer,2019,Life Expectancy,Male,Years,78.26612
4808011,Red Deer,2020,Life Expectancy,Male,Years,78.35404
4808011,Red Deer,2021,Life Expectancy,Male,Years,78.13125
4808011,Red Deer,2022,Life Expectancy,Male,Years,77.93085
4808011,Red Deer,2023,Life Expectancy,Male,Years,77.79166
4808011,Red Deer,2011,Life Expectancy,Both,Years,79.96049
4808011,Red Deer,2012,Life Expectancy,Both,Years,79.99808
4808011,Red Deer,2013,Life Expectancy,Both,Years,80.17278
4808011,Red Deer,2014,Life Expectancy,Both,Years,80.20258
4808011,Red Deer,2015,Life Expectancy,Both,Years,80.36607
4808011,Red Deer,2016,Life Expectancy,Both,Years,80.60593
4808011,Red Deer,2017,Life Expectancy,Both,Years,80.69659
4808011,Red Deer,2018,Life Expectancy,Both,Years,80.74002
4808011,Red Deer,2019,Life Expectancy,Both,Years,80.82518
4808011,Red Deer,2020,Life Expectancy,Both,Years,80.80339
4808011,Red Deer,2021,Life Expectancy,Both,Years,80.66868
4808011,Red Deer,2022,Life Expectancy,Both,Years,80.57601
4808011,Red Deer,2023,Life Expectancy,Both,Years,80.42064
4805018,Strathmore,2011,Life Expectancy,Female,Years,81.75000
4805018,Strathmore,2012,Life Expectancy,Female,Years,81.92000
4805018,Strathmore,2013,Life Expectancy,Female,Years,81.81000
4805018,Strathmore,2014,Life Expectancy,Female,Years,81.92000
4805018,Strathmore,2015,Life Expectancy,Female,Years,81.92000
4805018,Strathmore,2016,Life Expectancy,Female,Years,81.92000
4805018,Strathmore,2017,Life Expectancy,Female,Years,82.08000
4805018,Strathmore,2018,Life Expectancy,Female,Years,82.13000
4805018,Strathmore,2019,Life Expectancy,Female,Years,81.96000
4805018,Strathmore,2020,Life Expectancy,Female,Years,81.69000
4805018,Strathmore,2021,Life Expectancy,Female,Years,81.53000
4805018,Strathmore,2022,Life Expectancy,Female,Years,81.25000
4805018,Strathmore,2011,Life Expectancy,Male,Years,76.96000
4805018,Strathmore,2012,Life Expectancy,Male,Years,76.89000
4805018,Strathmore,2013,Life Expectancy,Male,Years,77.20000
4805018,Strathmore,2014,Life Expectancy,Male,Years,77.41000
4805018,Strathmore,2015,Life Expectancy,Male,Years,77.36000
4805018,Strathmore,2016,Life Expectancy,Male,Years,77.32000
4805018,Strathmore,2017,Life Expectancy,Male,Years,77.52000
4805018,Strathmore,2018,Life Expectancy,Male,Years,77.48000
4805018,Strathmore,2019,Life Expectancy,Male,Years,77.12000
4805018,Strathmore,2020,Life Expectancy,Male,Years,76.90000
4805018,Strathmore,2021,Life Expectancy,Male,Years,76.58000
4805018,Strathmore,2022,Life Expectancy,Male,Years,76.21000
4805018,Strathmore,2011,Life Expectancy,Both,Years,79.25000
4805018,Strathmore,2012,Life Expectancy,Both,Years,79.31000
4805018,Strathmore,2013,Life Expectancy,Both,Years,79.43000
4805018,Strathmore,2014,Life Expectancy,Both,Years,79.60000
4805018,Strathmore,2015,Life Expectancy,Both,Years,79.58000
4805018,Strathmore,2016,Life Expectancy,Both,Years,79.55000
4805018,Strathmore,2017,Life Expectancy,Both,Years,79.74000
4805018,Strathmore,2018,Life Expectancy,Both,Years,79.75000
4805018,Strathmore,2019,Life Expectancy,Both,Years,79.48000
4805018,Strathmore,2020,Life Expectancy,Both,Years,79.23000
4805018,Strathmore,2021,Life Expectancy,Both,Years,78.98000
4805018,Strathmore,2022,Life Expectancy,Both,Years,78.65000
4805019,Hussar,2011,Life Expectancy,Female,Years,81.75000
4805019,Hussar,2012,Life Expectancy,Female,Years,81.92000
4805019,Hussar,2013,Life Expectancy,Female,Years,81.81000
4805019,Hussar,2014,Life Expectancy,Female,Years,81.92000
4805019,Hussar,2015,Life Expectancy,Female,Years,81.92000
4805019,Hussar,2016,Life Expectancy,Female,Years,81.92000
4805019,Hussar,2017,Life Expectancy,Female,Years,82.08000
4805019,Hussar,2018,Life Expectancy,Female,Years,82.13000
4805019,Hussar,2019,Life Expectancy,Female,Years,81.96000
4805019,Hussar,2020,Life Expectancy,Female,Years,81.69000
4805019,Hussar,2021,Life Expectancy,Female,Years,81.53000
4805019,Hussar,2022,Life Expectancy,Female,Years,81.25000
4805019,Hussar,2011,Life Expectancy,Male,Years,76.96000
4805019,Hussar,2012,Life Expectancy,Male,Years,76.89000
4805019,Hussar,2013,Life Expectancy,Male,Years,77.20000
4805019,Hussar,2014,Life Expectancy,Male,Years,77.41000
4805019,Hussar,2015,Life Expectancy,Male,Years,77.36000
4805019,Hussar,2016,Life Expectancy,Male,Years,77.32000
4805019,Hussar,2017,Life Expectancy,Male,Years,77.52000
4805019,Hussar,2018,Life Expectancy,Male,Years,77.48000
4805019,Hussar,2019,Life Expectancy,Male,Years,77.12000
4805019,Hussar,2020,Life Expectancy,Male,Years,76.90000
4805019,Hussar,2021,Life Expectancy,Male,Years,76.58000
4805019,Hussar,2022,Life Expectancy,Male,Years,76.21000
4805019,Hussar,2011,Life Expectancy,Both,Years,79.25000
4805019,Hussar,2012,Life Expectancy,Both,Years,79.31000
4805019,Hussar,2013,Life Expectancy,Both,Years,79.43000
4805019,Hussar,2014,Life Expectancy,Both,Years,79.60000
4805019,Hussar,2015,Life Expectancy,Both,Years,79.58000
4805019,Hussar,2016,Life Expectancy,Both,Years,79.55000
4805019,Hussar,2017,Life Expectancy,Both,Years,79.74000
4805019,Hussar,2018,Life Expectancy,Both,Years,79.75000
4805019,Hussar,2019,Life Expectancy,Both,Years,79.48000
4805019,Hussar,2020,Life Expectancy,Both,Years,79.23000
4805019,Hussar,2021,Life Expectancy,Both,Years,78.98000
4805019,Hussar,2022,Life Expectancy,Both,Years,78.65000
4805021,Standard,2011,Life Expectancy,Female,Years,81.75000
4805021,Standard,2012,Life Expectancy,Female,Years,81.92000
4805021,Standard,2013,Life Expectancy,Female,Years,81.81000
4805021,Standard,2014,Life Expectancy,Female,Years,81.92000
4805021,Standard,2015,Life Expectancy,Female,Years,81.92000
4805021,Standard,2016,Life Expectancy,Female,Years,81.92000
4805021,Standard,2017,Life Expectancy,Female,Years,82.08000
4805021,Standard,2018,Life Expectancy,Female,Years,82.13000
4805021,Standard,2019,Life Expectancy,Female,Years,81.96000
4805021,Standard,2020,Life Expectancy,Female,Years,81.69000
4805021,Standard,2021,Life Expectancy,Female,Years,81.53000
4805021,Standard,2022,Life Expectancy,Female,Years,81.25000
4805021,Standard,2011,Life Expectancy,Male,Years,76.96000
4805021,Standard,2012,Life Expectancy,Male,Years,76.89000
4805021,Standard,2013,Life Expectancy,Male,Years,77.20000
4805021,Standard,2014,Life Expectancy,Male,Years,77.41000
4805021,Standard,2015,Life Expectancy,Male,Years,77.36000
4805021,Standard,2016,Life Expectancy,Male,Years,77.32000
4805021,Standard,2017,Life Expectancy,Male,Years,77.52000
4805021,Standard,2018,Life Expectancy,Male,Years,77.48000
4805021,Standard,2019,Life Expectancy,Male,Years,77.12000
4805021,Standard,2020,Life Expectancy,Male,Years,76.90000
4805021,Standard,2021,Life Expectancy,Male,Years,76.58000
4805021,Standard,2022,Life Expectancy,Male,Years,76.21000
4805021,Standard,2011,Life Expectancy,Both,Years,79.25000
4805021,Standard,2012,Life Expectancy,Both,Years,79.31000
4805021,Standard,2013,Life Expectancy,Both,Years,79.43000
4805021,Standard,2014,Life Expectancy,Both,Years,79.60000
4805021,Standard,2015,Life Expectancy,Both,Years,79.58000
4805021,Standard,2016,Life Expectancy,Both,Years,79.55000
4805021,Standard,2017,Life Expectancy,Both,Years,79.74000
4805021,Standard,2018,Life Expectancy,Both,Years,79.75000
4805021,Standard,2019,Life Expectancy,Both,Years,79.48000
4805021,Standard,2020,Life Expectancy,Both,Years,79.23000
4805021,Standard,2021,Life Expectancy,Both,Years,78.98000
4805021,Standard,2022,Life Expectancy,Both,Years,78.65000
4805022,Rockyford,2011,Life Expectancy,Female,Years,81.75000
4805022,Rockyford,2012,Life Expectancy,Female,Years,81.92000
4805022,Rockyford,2013,Life Expectancy,Female,Years,81.81000
4805022,Rockyford,2014,Life Expectancy,Female,Years,81.92000
4805022,Rockyford,2015,Life Expectancy,Female,Years,81.92000
4805022,Rockyford,2016,Life Expectancy,Female,Years,81.92000
4805022,Rockyford,2017,Life Expectancy,Female,Years,82.08000
4805022,Rockyford,2018,Life Expectancy,Female,Years,82.13000
4805022,Rockyford,2019,Life Expectancy,Female,Years,81.96000
4805022,Rockyford,2020,Life Expectancy,Female,Years,81.69000
4805022,Rockyford,2021,Life Expectancy,Female,Years,81.53000
4805022,Rockyford,2022,Life Expectancy,Female,Years,81.25000
4805022,Rockyford,2011,Life Expectancy,Male,Years,76.96000
4805022,Rockyford,2012,Life Expectancy,Male,Years,76.89000
4805022,Rockyford,2013,Life Expectancy,Male,Years,77.20000
4805022,Rockyford,2014,Life Expectancy,Male,Years,77.41000
4805022,Rockyford,2015,Life Expectancy,Male,Years,77.36000
4805022,Rockyford,2016,Life Expectancy,Male,Years,77.32000
4805022,Rockyford,2017,Life Expectancy,Male,Years,77.52000
4805022,Rockyford,2018,Life Expectancy,Male,Years,77.48000
4805022,Rockyford,2019,Life Expectancy,Male,Years,77.12000
4805022,Rockyford,2020,Life Expectancy,Male,Years,76.90000
4805022,Rockyford,2021,Life Expectancy,Male,Years,76.58000
4805022,Rockyford,2022,Life Expectancy,Male,Years,76.21000
4805022,Rockyford,2011,Life Expectancy,Both,Years,79.25000
4805022,Rockyford,2012,Life Expectancy,Both,Years,79.31000
4805022,Rockyford,2013,Life Expectancy,Both,Years,79.43000
4805022,Rockyford,2014,Life Expectancy,Both,Years,79.60000
4805022,Rockyford,2015,Life Expectancy,Both,Years,79.58000
4805022,Rockyford,2016,Life Expectancy,Both,Years,79.55000
4805022,Rockyford,2017,Life Expectancy,Both,Years,79.74000
4805022,Rockyford,2018,Life Expectancy,Both,Years,79.75000
4805022,Rockyford,2019,Life Expectancy,Both,Years,79.48000
4805022,Rockyford,2020,Life Expectancy,Both,Years,79.23000
4805022,Rockyford,2021,Life Expectancy,Both,Years,78.98000
4805022,Rockyford,2022,Life Expectancy,Both,Years,78.65000
4805026,Drumheller,2011,Life Expectancy,Female,Years,80.84000
4805026,Drumheller,2012,Life Expectancy,Female,Years,80.60000
4805026,Drumheller,2013,Life Expectancy,Female,Years,80.43000
4805026,Drumheller,2014,Life Expectancy,Female,Years,80.66000
4805026,Drumheller,2015,Life Expectancy,Female,Years,80.51000
4805026,Drumheller,2016,Life Expectancy,Female,Years,80.15000
4805026,Drumheller,2017,Life Expectancy,Female,Years,80.59000
4805026,Drumheller,2018,Life Expectancy,Female,Years,81.03000
4805026,Drumheller,2019,Life Expectancy,Female,Years,80.94000
4805026,Drumheller,2020,Life Expectancy,Female,Years,81.12000
4805026,Drumheller,2021,Life Expectancy,Female,Years,81.17000
4805026,Drumheller,2022,Life Expectancy,Female,Years,80.91000
4805026,Drumheller,2011,Life Expectancy,Male,Years,75.78000
4805026,Drumheller,2012,Life Expectancy,Male,Years,75.98000
4805026,Drumheller,2013,Life Expectancy,Male,Years,76.19000
4805026,Drumheller,2014,Life Expectancy,Male,Years,76.33000
4805026,Drumheller,2015,Life Expectancy,Male,Years,76.13000
4805026,Drumheller,2016,Life Expectancy,Male,Years,75.80000
4805026,Drumheller,2017,Life Expectancy,Male,Years,76.13000
4805026,Drumheller,2018,Life Expectancy,Male,Years,76.07000
4805026,Drumheller,2019,Life Expectancy,Male,Years,76.03000
4805026,Drumheller,2020,Life Expectancy,Male,Years,76.32000
4805026,Drumheller,2021,Life Expectancy,Male,Years,76.40000
4805026,Drumheller,2022,Life Expectancy,Male,Years,76.03000
4805026,Drumheller,2011,Life Expectancy,Both,Years,78.25000
4805026,Drumheller,2012,Life Expectancy,Both,Years,78.24000
4805026,Drumheller,2013,Life Expectancy,Both,Years,78.28000
4805026,Drumheller,2014,Life Expectancy,Both,Years,78.45000
4805026,Drumheller,2015,Life Expectancy,Both,Years,78.25000
4805026,Drumheller,2016,Life Expectancy,Both,Years,77.91000
4805026,Drumheller,2017,Life Expectancy,Both,Years,78.28000
4805026,Drumheller,2018,Life Expectancy,Both,Years,78.42000
4805026,Drumheller,2019,Life Expectancy,Both,Years,78.36000
4805026,Drumheller,2020,Life Expectancy,Both,Years,78.59000
4805026,Drumheller,2021,Life Expectancy,Both,Years,78.64000
4805026,Drumheller,2022,Life Expectancy,Both,Years,78.31000
4805031,Starland County,2011,Life Expectancy,Female,Years,80.84000
4805031,Starland County,2012,Life Expectancy,Female,Years,80.60000
4805031,Starland County,2013,Life Expectancy,Female,Years,80.43000
4805031,Starland County,2014,Life Expectancy,Female,Years,80.66000
4805031,Starland County,2015,Life Expectancy,Female,Years,80.51000
4805031,Starland County,2016,Life Expectancy,Female,Years,80.15000
4805031,Starland County,2017,Life Expectancy,Female,Years,80.59000
4805031,Starland County,2018,Life Expectancy,Female,Years,81.03000
4805031,Starland County,2019,Life Expectancy,Female,Years,80.94000
4805031,Starland County,2020,Life Expectancy,Female,Years,81.12000
4805031,Starland County,2021,Life Expectancy,Female,Years,81.17000
4805031,Starland County,2022,Life Expectancy,Female,Years,80.91000
4805031,Starland County,2011,Life Expectancy,Male,Years,75.78000
4805031,Starland County,2012,Life Expectancy,Male,Years,75.98000
4805031,Starland County,2013,Life Expectancy,Male,Years,76.19000
4805031,Starland County,2014,Life Expectancy,Male,Years,76.33000
4805031,Starland County,2015,Life Expectancy,Male,Years,76.13000
4805031,Starland County,2016,Life Expectancy,Male,Years,75.80000
4805031,Starland County,2017,Life Expectancy,Male,Years,76.13000
4805031,Starland County,2018,Life Expectancy,Male,Years,76.07000
4805031,Starland County,2019,Life Expectancy,Male,Years,76.03000
4805031,Starland County,2020,Life Expectancy,Male,Years,76.32000
4805031,Starland County,2021,Life Expectancy,Male,Years,76.40000
4805031,Starland County,2022,Life Expectancy,Male,Years,76.03000
4805031,Starland County,2011,Life Expectancy,Both,Years,78.25000
4805031,Starland County,2012,Life Expectancy,Both,Years,78.24000
4805031,Starland County,2013,Life Expectancy,Both,Years,78.28000
4805031,Starland County,2014,Life Expectancy,Both,Years,78.45000
4805031,Starland County,2015,Life Expectancy,Both,Years,78.25000
4805031,Starland County,2016,Life Expectancy,Both,Years,77.91000
4805031,Starland County,2017,Life Expectancy,Both,Years,78.28000
4805031,Starland County,2018,Life Expectancy,Both,Years,78.42000
4805031,Starland County,2019,Life Expectancy,Both,Years,78.36000
4805031,Starland County,2020,Life Expectancy,Both,Years,78.59000
4805031,Starland County,2021,Life Expectancy,Both,Years,78.64000
4805031,Starland County,2022,Life Expectancy,Both,Years,78.31000
4805034,Delia,2011,Life Expectancy,Female,Years,80.84000
4805034,Delia,2012,Life Expectancy,Female,Years,80.60000
4805034,Delia,2013,Life Expectancy,Female,Years,80.43000
4805034,Delia,2014,Life Expectancy,Female,Years,80.66000
4805034,Delia,2015,Life Expectancy,Female,Years,80.51000
4805034,Delia,2016,Life Expectancy,Female,Years,80.15000
4805034,Delia,2017,Life Expectancy,Female,Years,80.59000
4805034,Delia,2018,Life Expectancy,Female,Years,81.03000
4805034,Delia,2019,Life Expectancy,Female,Years,80.94000
4805034,Delia,2020,Life Expectancy,Female,Years,81.12000
4805034,Delia,2021,Life Expectancy,Female,Years,81.17000
4805034,Delia,2022,Life Expectancy,Female,Years,80.91000
4805034,Delia,2011,Life Expectancy,Male,Years,75.78000
4805034,Delia,2012,Life Expectancy,Male,Years,75.98000
4805034,Delia,2013,Life Expectancy,Male,Years,76.19000
4805034,Delia,2014,Life Expectancy,Male,Years,76.33000
4805034,Delia,2015,Life Expectancy,Male,Years,76.13000
4805034,Delia,2016,Life Expectancy,Male,Years,75.80000
4805034,Delia,2017,Life Expectancy,Male,Years,76.13000
4805034,Delia,2018,Life Expectancy,Male,Years,76.07000
4805034,Delia,2019,Life Expectancy,Male,Years,76.03000
4805034,Delia,2020,Life Expectancy,Male,Years,76.32000
4805034,Delia,2021,Life Expectancy,Male,Years,76.40000
4805034,Delia,2022,Life Expectancy,Male,Years,76.03000
4805034,Delia,2011,Life Expectancy,Both,Years,78.25000
4805034,Delia,2012,Life Expectancy,Both,Years,78.24000
4805034,Delia,2013,Life Expectancy,Both,Years,78.28000
4805034,Delia,2014,Life Expectancy,Both,Years,78.45000
4805034,Delia,2015,Life Expectancy,Both,Years,78.25000
4805034,Delia,2016,Life Expectancy,Both,Years,77.91000
4805034,Delia,2017,Life Expectancy,Both,Years,78.28000
4805034,Delia,2018,Life Expectancy,Both,Years,78.42000
4805034,Delia,2019,Life Expectancy,Both,Years,78.36000
4805034,Delia,2020,Life Expectancy,Both,Years,78.59000
4805034,Delia,2021,Life Expectancy,Both,Years,78.64000
4805034,Delia,2022,Life Expectancy,Both,Years,78.31000
4805036,Munson,2011,Life Expectancy,Female,Years,80.84000
4805036,Munson,2012,Life Expectancy,Female,Years,80.60000
4805036,Munson,2013,Life Expectancy,Female,Years,80.43000
4805036,Munson,2014,Life Expectancy,Female,Years,80.66000
4805036,Munson,2015,Life Expectancy,Female,Years,80.51000
4805036,Munson,2016,Life Expectancy,Female,Years,80.15000
4805036,Munson,2017,Life Expectancy,Female,Years,80.59000
4805036,Munson,2018,Life Expectancy,Female,Years,81.03000
4805036,Munson,2019,Life Expectancy,Female,Years,80.94000
4805036,Munson,2020,Life Expectancy,Female,Years,81.12000
4805036,Munson,2021,Life Expectancy,Female,Years,81.17000
4805036,Munson,2022,Life Expectancy,Female,Years,80.91000
4805036,Munson,2011,Life Expectancy,Male,Years,75.78000
4805036,Munson,2012,Life Expectancy,Male,Years,75.98000
4805036,Munson,2013,Life Expectancy,Male,Years,76.19000
4805036,Munson,2014,Life Expectancy,Male,Years,76.33000
4805036,Munson,2015,Life Expectancy,Male,Years,76.13000
4805036,Munson,2016,Life Expectancy,Male,Years,75.80000
4805036,Munson,2017,Life Expectancy,Male,Years,76.13000
4805036,Munson,2018,Life Expectancy,Male,Years,76.07000
4805036,Munson,2019,Life Expectancy,Male,Years,76.03000
4805036,Munson,2020,Life Expectancy,Male,Years,76.32000
4805036,Munson,2021,Life Expectancy,Male,Years,76.40000
4805036,Munson,2022,Life Expectancy,Male,Years,76.03000
4805036,Munson,2011,Life Expectancy,Both,Years,78.25000
4805036,Munson,2012,Life Expectancy,Both,Years,78.24000
4805036,Munson,2013,Life Expectancy,Both,Years,78.28000
4805036,Munson,2014,Life Expectancy,Both,Years,78.45000
4805036,Munson,2015,Life Expectancy,Both,Years,78.25000
4805036,Munson,2016,Life Expectancy,Both,Years,77.91000
4805036,Munson,2017,Life Expectancy,Both,Years,78.28000
4805036,Munson,2018,Life Expectancy,Both,Years,78.42000
4805036,Munson,2019,Life Expectancy,Both,Years,78.36000
4805036,Munson,2020,Life Expectancy,Both,Years,78.59000
4805036,Munson,2021,Life Expectancy,Both,Years,78.64000
4805036,Munson,2022,Life Expectancy,Both,Years,78.31000
4805038,Morrin,2011,Life Expectancy,Female,Years,80.84000
4805038,Morrin,2012,Life Expectancy,Female,Years,80.60000
4805038,Morrin,2013,Life Expectancy,Female,Years,80.43000
4805038,Morrin,2014,Life Expectancy,Female,Years,80.66000
4805038,Morrin,2015,Life Expectancy,Female,Years,80.51000
4805038,Morrin,2016,Life Expectancy,Female,Years,80.15000
4805038,Morrin,2017,Life Expectancy,Female,Years,80.59000
4805038,Morrin,2018,Life Expectancy,Female,Years,81.03000
4805038,Morrin,2019,Life Expectancy,Female,Years,80.94000
4805038,Morrin,2020,Life Expectancy,Female,Years,81.12000
4805038,Morrin,2021,Life Expectancy,Female,Years,81.17000
4805038,Morrin,2022,Life Expectancy,Female,Years,80.91000
4805038,Morrin,2011,Life Expectancy,Male,Years,75.78000
4805038,Morrin,2012,Life Expectancy,Male,Years,75.98000
4805038,Morrin,2013,Life Expectancy,Male,Years,76.19000
4805038,Morrin,2014,Life Expectancy,Male,Years,76.33000
4805038,Morrin,2015,Life Expectancy,Male,Years,76.13000
4805038,Morrin,2016,Life Expectancy,Male,Years,75.80000
4805038,Morrin,2017,Life Expectancy,Male,Years,76.13000
4805038,Morrin,2018,Life Expectancy,Male,Years,76.07000
4805038,Morrin,2019,Life Expectancy,Male,Years,76.03000
4805038,Morrin,2020,Life Expectancy,Male,Years,76.32000
4805038,Morrin,2021,Life Expectancy,Male,Years,76.40000
4805038,Morrin,2022,Life Expectancy,Male,Years,76.03000
4805038,Morrin,2011,Life Expectancy,Both,Years,78.25000
4805038,Morrin,2012,Life Expectancy,Both,Years,78.24000
4805038,Morrin,2013,Life Expectancy,Both,Years,78.28000
4805038,Morrin,2014,Life Expectancy,Both,Years,78.45000
4805038,Morrin,2015,Life Expectancy,Both,Years,78.25000
4805038,Morrin,2016,Life Expectancy,Both,Years,77.91000
4805038,Morrin,2017,Life Expectancy,Both,Years,78.28000
4805038,Morrin,2018,Life Expectancy,Both,Years,78.42000
4805038,Morrin,2019,Life Expectancy,Both,Years,78.36000
4805038,Morrin,2020,Life Expectancy,Both,Years,78.59000
4805038,Morrin,2021,Life Expectancy,Both,Years,78.64000
4805038,Morrin,2022,Life Expectancy,Both,Years,78.31000
4805041,Kneehill County,2011,Life Expectancy,Female,Years,81.96583
4805041,Kneehill County,2012,Life Expectancy,Female,Years,81.78998
4805041,Kneehill County,2013,Life Expectancy,Female,Years,81.69807
4805041,Kneehill County,2014,Life Expectancy,Female,Years,81.80849
4805041,Kneehill County,2015,Life Expectancy,Female,Years,81.97812
4805041,Kneehill County,2016,Life Expectancy,Female,Years,82.02426
4805041,Kneehill County,2017,Life Expectancy,Female,Years,82.35981
4805041,Kneehill County,2018,Life Expectancy,Female,Years,82.81661
4805041,Kneehill County,2019,Life Expectancy,Female,Years,82.94557
4805041,Kneehill County,2020,Life Expectancy,Female,Years,83.26781
4805041,Kneehill County,2021,Life Expectancy,Female,Years,83.32802
4805041,Kneehill County,2022,Life Expectancy,Female,Years,83.30736
4805041,Kneehill County,2011,Life Expectancy,Male,Years,78.29746
4805041,Kneehill County,2012,Life Expectancy,Male,Years,78.49161
4805041,Kneehill County,2013,Life Expectancy,Male,Years,78.78503
4805041,Kneehill County,2014,Life Expectancy,Male,Years,78.64075
4805041,Kneehill County,2015,Life Expectancy,Male,Years,78.72408
4805041,Kneehill County,2016,Life Expectancy,Male,Years,78.77745
4805041,Kneehill County,2017,Life Expectancy,Male,Years,78.97527
4805041,Kneehill County,2018,Life Expectancy,Male,Years,79.13180
4805041,Kneehill County,2019,Life Expectancy,Male,Years,78.97027
4805041,Kneehill County,2020,Life Expectancy,Male,Years,79.08020
4805041,Kneehill County,2021,Life Expectancy,Male,Years,78.81689
4805041,Kneehill County,2022,Life Expectancy,Male,Years,78.43217
4805041,Kneehill County,2011,Life Expectancy,Both,Years,80.13347
4805041,Kneehill County,2012,Life Expectancy,Both,Years,80.15104
4805041,Kneehill County,2013,Life Expectancy,Both,Years,80.25322
4805041,Kneehill County,2014,Life Expectancy,Both,Years,80.21981
4805041,Kneehill County,2015,Life Expectancy,Both,Years,80.33885
4805041,Kneehill County,2016,Life Expectancy,Both,Years,80.39375
4805041,Kneehill County,2017,Life Expectancy,Both,Years,80.65019
4805041,Kneehill County,2018,Life Expectancy,Both,Years,80.93849
4805041,Kneehill County,2019,Life Expectancy,Both,Years,80.91830
4805041,Kneehill County,2020,Life Expectancy,Both,Years,81.12107
4805041,Kneehill County,2021,Life Expectancy,Both,Years,81.00207
4805041,Kneehill County,2022,Life Expectancy,Both,Years,80.78131
4805042,Carbon,2011,Life Expectancy,Female,Years,80.84000
4805042,Carbon,2012,Life Expectancy,Female,Years,80.60000
4805042,Carbon,2013,Life Expectancy,Female,Years,80.43000
4805042,Carbon,2014,Life Expectancy,Female,Years,80.66000
4805042,Carbon,2015,Life Expectancy,Female,Years,80.51000
4805042,Carbon,2016,Life Expectancy,Female,Years,80.15000
4805042,Carbon,2017,Life Expectancy,Female,Years,80.59000
4805042,Carbon,2018,Life Expectancy,Female,Years,81.03000
4805042,Carbon,2019,Life Expectancy,Female,Years,80.94000
4805042,Carbon,2020,Life Expectancy,Female,Years,81.12000
4805042,Carbon,2021,Life Expectancy,Female,Years,81.17000
4805042,Carbon,2022,Life Expectancy,Female,Years,80.91000
4805042,Carbon,2023,Life Expectancy,Female,Years,80.95000
4805042,Carbon,2011,Life Expectancy,Male,Years,75.78000
4805042,Carbon,2012,Life Expectancy,Male,Years,75.98000
4805042,Carbon,2013,Life Expectancy,Male,Years,76.19000
4805042,Carbon,2014,Life Expectancy,Male,Years,76.33000
4805042,Carbon,2015,Life Expectancy,Male,Years,76.13000
4805042,Carbon,2016,Life Expectancy,Male,Years,75.80000
4805042,Carbon,2017,Life Expectancy,Male,Years,76.13000
4805042,Carbon,2018,Life Expectancy,Male,Years,76.07000
4805042,Carbon,2019,Life Expectancy,Male,Years,76.03000
4805042,Carbon,2020,Life Expectancy,Male,Years,76.32000
4805042,Carbon,2021,Life Expectancy,Male,Years,76.40000
4805042,Carbon,2022,Life Expectancy,Male,Years,76.03000
4805042,Carbon,2023,Life Expectancy,Male,Years,76.48000
4805042,Carbon,2011,Life Expectancy,Both,Years,78.25000
4805042,Carbon,2012,Life Expectancy,Both,Years,78.24000
4805042,Carbon,2013,Life Expectancy,Both,Years,78.28000
4805042,Carbon,2014,Life Expectancy,Both,Years,78.45000
4805042,Carbon,2015,Life Expectancy,Both,Years,78.25000
4805042,Carbon,2016,Life Expectancy,Both,Years,77.91000
4805042,Carbon,2017,Life Expectancy,Both,Years,78.28000
4805042,Carbon,2018,Life Expectancy,Both,Years,78.42000
4805042,Carbon,2019,Life Expectancy,Both,Years,78.36000
4805042,Carbon,2020,Life Expectancy,Both,Years,78.59000
4805042,Carbon,2021,Life Expectancy,Both,Years,78.64000
4805042,Carbon,2022,Life Expectancy,Both,Years,78.31000
4805042,Carbon,2023,Life Expectancy,Both,Years,78.57000
4808012,Sylvan Lake,2011,Life Expectancy,Female,Years,83.73000
4808012,Sylvan Lake,2012,Life Expectancy,Female,Years,83.14000
4808012,Sylvan Lake,2013,Life Expectancy,Female,Years,82.85000
4808012,Sylvan Lake,2014,Life Expectancy,Female,Years,82.82000
4808012,Sylvan Lake,2015,Life Expectancy,Female,Years,83.07000
4808012,Sylvan Lake,2016,Life Expectancy,Female,Years,83.06000
4808012,Sylvan Lake,2017,Life Expectancy,Female,Years,83.24000
4808012,Sylvan Lake,2018,Life Expectancy,Female,Years,83.31000
4808012,Sylvan Lake,2019,Life Expectancy,Female,Years,82.95000
4808012,Sylvan Lake,2020,Life Expectancy,Female,Years,82.68000
4808012,Sylvan Lake,2021,Life Expectancy,Female,Years,83.34000
4808012,Sylvan Lake,2022,Life Expectancy,Female,Years,83.20000
4808012,Sylvan Lake,2011,Life Expectancy,Male,Years,78.03000
4808012,Sylvan Lake,2012,Life Expectancy,Male,Years,78.25000
4808012,Sylvan Lake,2013,Life Expectancy,Male,Years,78.35000
4808012,Sylvan Lake,2014,Life Expectancy,Male,Years,78.35000
4808012,Sylvan Lake,2015,Life Expectancy,Male,Years,78.51000
4808012,Sylvan Lake,2016,Life Expectancy,Male,Years,78.81000
4808012,Sylvan Lake,2017,Life Expectancy,Male,Years,78.70000
4808012,Sylvan Lake,2018,Life Expectancy,Male,Years,78.98000
4808012,Sylvan Lake,2019,Life Expectancy,Male,Years,78.79000
4808012,Sylvan Lake,2020,Life Expectancy,Male,Years,78.66000
4808012,Sylvan Lake,2021,Life Expectancy,Male,Years,78.53000
4808012,Sylvan Lake,2022,Life Expectancy,Male,Years,78.73000
4808012,Sylvan Lake,2011,Life Expectancy,Both,Years,80.90000
4808012,Sylvan Lake,2012,Life Expectancy,Both,Years,80.77000
4808012,Sylvan Lake,2013,Life Expectancy,Both,Years,80.70000
4808012,Sylvan Lake,2014,Life Expectancy,Both,Years,80.71000
4808012,Sylvan Lake,2015,Life Expectancy,Both,Years,80.88000
4808012,Sylvan Lake,2016,Life Expectancy,Both,Years,80.99000
4808012,Sylvan Lake,2017,Life Expectancy,Both,Years,81.00000
4808012,Sylvan Lake,2018,Life Expectancy,Both,Years,81.15000
4808012,Sylvan Lake,2019,Life Expectancy,Both,Years,80.87000
4808012,Sylvan Lake,2020,Life Expectancy,Both,Years,80.65000
4808012,Sylvan Lake,2021,Life Expectancy,Both,Years,80.89000
4808012,Sylvan Lake,2022,Life Expectancy,Both,Years,80.93000
4808013,Norglenwold,2011,Life Expectancy,Female,Years,83.73000
4808013,Norglenwold,2012,Life Expectancy,Female,Years,83.14000
4808013,Norglenwold,2013,Life Expectancy,Female,Years,82.85000
4808013,Norglenwold,2014,Life Expectancy,Female,Years,82.82000
4808013,Norglenwold,2015,Life Expectancy,Female,Years,83.07000
4808013,Norglenwold,2016,Life Expectancy,Female,Years,83.06000
4808013,Norglenwold,2017,Life Expectancy,Female,Years,83.24000
4808013,Norglenwold,2018,Life Expectancy,Female,Years,83.31000
4808013,Norglenwold,2019,Life Expectancy,Female,Years,82.95000
4808013,Norglenwold,2020,Life Expectancy,Female,Years,82.68000
4808013,Norglenwold,2021,Life Expectancy,Female,Years,83.34000
4808013,Norglenwold,2022,Life Expectancy,Female,Years,83.20000
4808013,Norglenwold,2011,Life Expectancy,Male,Years,78.03000
4808013,Norglenwold,2012,Life Expectancy,Male,Years,78.25000
4808013,Norglenwold,2013,Life Expectancy,Male,Years,78.35000
4808013,Norglenwold,2014,Life Expectancy,Male,Years,78.35000
4808013,Norglenwold,2015,Life Expectancy,Male,Years,78.51000
4808013,Norglenwold,2016,Life Expectancy,Male,Years,78.81000
4808013,Norglenwold,2017,Life Expectancy,Male,Years,78.70000
4808013,Norglenwold,2018,Life Expectancy,Male,Years,78.98000
4808013,Norglenwold,2019,Life Expectancy,Male,Years,78.79000
4808013,Norglenwold,2020,Life Expectancy,Male,Years,78.66000
4808013,Norglenwold,2021,Life Expectancy,Male,Years,78.53000
4808013,Norglenwold,2022,Life Expectancy,Male,Years,78.73000
4808013,Norglenwold,2011,Life Expectancy,Both,Years,80.90000
4808013,Norglenwold,2012,Life Expectancy,Both,Years,80.77000
4808013,Norglenwold,2013,Life Expectancy,Both,Years,80.70000
4808013,Norglenwold,2014,Life Expectancy,Both,Years,80.71000
4808013,Norglenwold,2015,Life Expectancy,Both,Years,80.88000
4808013,Norglenwold,2016,Life Expectancy,Both,Years,80.99000
4808013,Norglenwold,2017,Life Expectancy,Both,Years,81.00000
4808013,Norglenwold,2018,Life Expectancy,Both,Years,81.15000
4808013,Norglenwold,2019,Life Expectancy,Both,Years,80.87000
4808013,Norglenwold,2020,Life Expectancy,Both,Years,80.65000
4808013,Norglenwold,2021,Life Expectancy,Both,Years,80.89000
4808013,Norglenwold,2022,Life Expectancy,Both,Years,80.93000
4801009,Foremost,2011,Life Expectancy,Female,Years,81.17000
4801009,Foremost,2012,Life Expectancy,Female,Years,81.17000
4801009,Foremost,2013,Life Expectancy,Female,Years,81.16000
4801009,Foremost,2014,Life Expectancy,Female,Years,81.34000
4801009,Foremost,2015,Life Expectancy,Female,Years,81.51000
4801009,Foremost,2016,Life Expectancy,Female,Years,82.00000
4801009,Foremost,2017,Life Expectancy,Female,Years,82.15000
4801009,Foremost,2018,Life Expectancy,Female,Years,82.39000
4801009,Foremost,2019,Life Expectancy,Female,Years,82.69000
4801009,Foremost,2020,Life Expectancy,Female,Years,82.71000
4801009,Foremost,2021,Life Expectancy,Female,Years,82.52000
4801009,Foremost,2022,Life Expectancy,Female,Years,83.14000
4801009,Foremost,2011,Life Expectancy,Male,Years,76.69000
4801009,Foremost,2012,Life Expectancy,Male,Years,77.19000
4801009,Foremost,2013,Life Expectancy,Male,Years,77.22000
4801009,Foremost,2014,Life Expectancy,Male,Years,77.77000
4801009,Foremost,2015,Life Expectancy,Male,Years,77.76000
4801009,Foremost,2016,Life Expectancy,Male,Years,78.35000
4801009,Foremost,2017,Life Expectancy,Male,Years,78.71000
4801009,Foremost,2018,Life Expectancy,Male,Years,78.23000
4801009,Foremost,2019,Life Expectancy,Male,Years,78.56000
4801009,Foremost,2020,Life Expectancy,Male,Years,79.69000
4801009,Foremost,2021,Life Expectancy,Male,Years,79.33000
4801009,Foremost,2022,Life Expectancy,Male,Years,78.68000
4801009,Foremost,2011,Life Expectancy,Both,Years,78.81000
4801009,Foremost,2012,Life Expectancy,Both,Years,79.07000
4801009,Foremost,2013,Life Expectancy,Both,Years,79.08000
4801009,Foremost,2014,Life Expectancy,Both,Years,79.46000
4801009,Foremost,2015,Life Expectancy,Both,Years,79.52000
4801009,Foremost,2016,Life Expectancy,Both,Years,80.03000
4801009,Foremost,2017,Life Expectancy,Both,Years,80.36000
4801009,Foremost,2018,Life Expectancy,Both,Years,80.22000
4801009,Foremost,2019,Life Expectancy,Both,Years,80.52000
4801009,Foremost,2020,Life Expectancy,Both,Years,81.14000
4801009,Foremost,2021,Life Expectancy,Both,Years,80.84000
4801009,Foremost,2022,Life Expectancy,Both,Years,80.77000
4801014,Bow Island,2011,Life Expectancy,Female,Years,81.17000
4801014,Bow Island,2012,Life Expectancy,Female,Years,81.17000
4801014,Bow Island,2013,Life Expectancy,Female,Years,81.16000
4801014,Bow Island,2014,Life Expectancy,Female,Years,81.34000
4801014,Bow Island,2015,Life Expectancy,Female,Years,81.51000
4801014,Bow Island,2016,Life Expectancy,Female,Years,82.00000
4801014,Bow Island,2017,Life Expectancy,Female,Years,82.15000
4801014,Bow Island,2018,Life Expectancy,Female,Years,82.39000
4801014,Bow Island,2019,Life Expectancy,Female,Years,82.69000
4801014,Bow Island,2020,Life Expectancy,Female,Years,82.71000
4801014,Bow Island,2021,Life Expectancy,Female,Years,82.52000
4801014,Bow Island,2022,Life Expectancy,Female,Years,83.14000
4801014,Bow Island,2023,Life Expectancy,Female,Years,83.27000
4801014,Bow Island,2011,Life Expectancy,Male,Years,76.69000
4801014,Bow Island,2012,Life Expectancy,Male,Years,77.19000
4801014,Bow Island,2013,Life Expectancy,Male,Years,77.22000
4801014,Bow Island,2014,Life Expectancy,Male,Years,77.77000
4801014,Bow Island,2015,Life Expectancy,Male,Years,77.76000
4801014,Bow Island,2016,Life Expectancy,Male,Years,78.35000
4801014,Bow Island,2017,Life Expectancy,Male,Years,78.71000
4801014,Bow Island,2018,Life Expectancy,Male,Years,78.23000
4801014,Bow Island,2019,Life Expectancy,Male,Years,78.56000
4801014,Bow Island,2020,Life Expectancy,Male,Years,79.69000
4801014,Bow Island,2021,Life Expectancy,Male,Years,79.33000
4801014,Bow Island,2022,Life Expectancy,Male,Years,78.68000
4801014,Bow Island,2023,Life Expectancy,Male,Years,78.38000
4801014,Bow Island,2011,Life Expectancy,Both,Years,78.81000
4801014,Bow Island,2012,Life Expectancy,Both,Years,79.07000
4801014,Bow Island,2013,Life Expectancy,Both,Years,79.08000
4801014,Bow Island,2014,Life Expectancy,Both,Years,79.46000
4801014,Bow Island,2015,Life Expectancy,Both,Years,79.52000
4801014,Bow Island,2016,Life Expectancy,Both,Years,80.03000
4801014,Bow Island,2017,Life Expectancy,Both,Years,80.36000
4801014,Bow Island,2018,Life Expectancy,Both,Years,80.22000
4801014,Bow Island,2019,Life Expectancy,Both,Years,80.52000
4801014,Bow Island,2020,Life Expectancy,Both,Years,81.14000
4801014,Bow Island,2021,Life Expectancy,Both,Years,80.84000
4801014,Bow Island,2022,Life Expectancy,Both,Years,80.77000
4801014,Bow Island,2023,Life Expectancy,Both,Years,80.67000
4801018,Redcliff,2011,Life Expectancy,Female,Years,84.01000
4801018,Redcliff,2012,Life Expectancy,Female,Years,85.90000
4801018,Redcliff,2013,Life Expectancy,Female,Years,86.16000
4801018,Redcliff,2014,Life Expectancy,Female,Years,86.31000
4801018,Redcliff,2015,Life Expectancy,Female,Years,86.80000
4801018,Redcliff,2016,Life Expectancy,Female,Years,84.68000
4801018,Redcliff,2017,Life Expectancy,Female,Years,83.08000
4801018,Redcliff,2018,Life Expectancy,Female,Years,83.16000
4801018,Redcliff,2019,Life Expectancy,Female,Years,82.98000
4801018,Redcliff,2020,Life Expectancy,Female,Years,82.68000
4801018,Redcliff,2021,Life Expectancy,Female,Years,82.45000
4801018,Redcliff,2022,Life Expectancy,Female,Years,82.10000
4801018,Redcliff,2011,Life Expectancy,Male,Years,77.33000
4801018,Redcliff,2012,Life Expectancy,Male,Years,78.70000
4801018,Redcliff,2013,Life Expectancy,Male,Years,79.46000
4801018,Redcliff,2014,Life Expectancy,Male,Years,80.23000
4801018,Redcliff,2015,Life Expectancy,Male,Years,79.07000
4801018,Redcliff,2016,Life Expectancy,Male,Years,78.89000
4801018,Redcliff,2017,Life Expectancy,Male,Years,78.92000
4801018,Redcliff,2018,Life Expectancy,Male,Years,78.92000
4801018,Redcliff,2019,Life Expectancy,Male,Years,79.12000
4801018,Redcliff,2020,Life Expectancy,Male,Years,79.16000
4801018,Redcliff,2021,Life Expectancy,Male,Years,79.20000
4801018,Redcliff,2022,Life Expectancy,Male,Years,79.04000
4801018,Redcliff,2011,Life Expectancy,Both,Years,80.42000
4801018,Redcliff,2012,Life Expectancy,Both,Years,81.92000
4801018,Redcliff,2013,Life Expectancy,Both,Years,82.47000
4801018,Redcliff,2014,Life Expectancy,Both,Years,83.11000
4801018,Redcliff,2015,Life Expectancy,Both,Years,82.35000
4801018,Redcliff,2016,Life Expectancy,Both,Years,81.51000
4801018,Redcliff,2017,Life Expectancy,Both,Years,80.89000
4801018,Redcliff,2018,Life Expectancy,Both,Years,80.96000
4801018,Redcliff,2019,Life Expectancy,Both,Years,80.97000
4801018,Redcliff,2020,Life Expectancy,Both,Years,80.87000
4801018,Redcliff,2021,Life Expectancy,Both,Years,80.79000
4801018,Redcliff,2022,Life Expectancy,Both,Years,80.54000
4802001,Warner County No. 5,2011,Life Expectancy,Female,Years,82.02000
4802001,Warner County No. 5,2012,Life Expectancy,Female,Years,81.95000
4802001,Warner County No. 5,2013,Life Expectancy,Female,Years,81.65000
4802001,Warner County No. 5,2014,Life Expectancy,Female,Years,82.33000
4802001,Warner County No. 5,2015,Life Expectancy,Female,Years,82.01000
4802001,Warner County No. 5,2016,Life Expectancy,Female,Years,81.80000
4802001,Warner County No. 5,2017,Life Expectancy,Female,Years,82.02000
4802001,Warner County No. 5,2018,Life Expectancy,Female,Years,82.44000
4802001,Warner County No. 5,2019,Life Expectancy,Female,Years,82.44000
4802001,Warner County No. 5,2020,Life Expectancy,Female,Years,82.72000
4802001,Warner County No. 5,2021,Life Expectancy,Female,Years,82.77000
4802001,Warner County No. 5,2022,Life Expectancy,Female,Years,82.81000
4802001,Warner County No. 5,2011,Life Expectancy,Male,Years,76.86000
4802001,Warner County No. 5,2012,Life Expectancy,Male,Years,77.06000
4802001,Warner County No. 5,2013,Life Expectancy,Male,Years,77.88000
4802001,Warner County No. 5,2014,Life Expectancy,Male,Years,78.25000
4802001,Warner County No. 5,2015,Life Expectancy,Male,Years,78.60000
4802001,Warner County No. 5,2016,Life Expectancy,Male,Years,78.62000
4802001,Warner County No. 5,2017,Life Expectancy,Male,Years,79.07000
4802001,Warner County No. 5,2018,Life Expectancy,Male,Years,79.98000
4802001,Warner County No. 5,2019,Life Expectancy,Male,Years,79.72000
4802001,Warner County No. 5,2020,Life Expectancy,Male,Years,79.45000
4802001,Warner County No. 5,2021,Life Expectancy,Male,Years,79.02000
4802001,Warner County No. 5,2022,Life Expectancy,Male,Years,78.74000
4802001,Warner County No. 5,2011,Life Expectancy,Both,Years,79.34000
4802001,Warner County No. 5,2012,Life Expectancy,Both,Years,79.43000
4802001,Warner County No. 5,2013,Life Expectancy,Both,Years,79.77000
4802001,Warner County No. 5,2014,Life Expectancy,Both,Years,80.27000
4802001,Warner County No. 5,2015,Life Expectancy,Both,Years,80.30000
4802001,Warner County No. 5,2016,Life Expectancy,Both,Years,80.20000
4802001,Warner County No. 5,2017,Life Expectancy,Both,Years,80.56000
4802001,Warner County No. 5,2018,Life Expectancy,Both,Years,81.23000
4802001,Warner County No. 5,2019,Life Expectancy,Both,Years,81.11000
4802001,Warner County No. 5,2020,Life Expectancy,Both,Years,81.11000
4802001,Warner County No. 5,2021,Life Expectancy,Both,Years,80.91000
4802001,Warner County No. 5,2022,Life Expectancy,Both,Years,80.75000
4802002,Coutts,2011,Life Expectancy,Female,Years,82.02000
4802002,Coutts,2012,Life Expectancy,Female,Years,81.95000
4802002,Coutts,2013,Life Expectancy,Female,Years,81.65000
4802002,Coutts,2014,Life Expectancy,Female,Years,82.33000
4802002,Coutts,2015,Life Expectancy,Female,Years,82.01000
4802002,Coutts,2016,Life Expectancy,Female,Years,81.80000
4802002,Coutts,2017,Life Expectancy,Female,Years,82.02000
4802002,Coutts,2018,Life Expectancy,Female,Years,82.44000
4802002,Coutts,2019,Life Expectancy,Female,Years,82.44000
4802002,Coutts,2020,Life Expectancy,Female,Years,82.72000
4802002,Coutts,2021,Life Expectancy,Female,Years,82.77000
4802002,Coutts,2022,Life Expectancy,Female,Years,82.81000
4802002,Coutts,2011,Life Expectancy,Male,Years,76.86000
4802002,Coutts,2012,Life Expectancy,Male,Years,77.06000
4802002,Coutts,2013,Life Expectancy,Male,Years,77.88000
4802002,Coutts,2014,Life Expectancy,Male,Years,78.25000
4802002,Coutts,2015,Life Expectancy,Male,Years,78.60000
4802002,Coutts,2016,Life Expectancy,Male,Years,78.62000
4802002,Coutts,2017,Life Expectancy,Male,Years,79.07000
4802002,Coutts,2018,Life Expectancy,Male,Years,79.98000
4802002,Coutts,2019,Life Expectancy,Male,Years,79.72000
4802002,Coutts,2020,Life Expectancy,Male,Years,79.45000
4802002,Coutts,2021,Life Expectancy,Male,Years,79.02000
4802002,Coutts,2022,Life Expectancy,Male,Years,78.74000
4802002,Coutts,2011,Life Expectancy,Both,Years,79.34000
4802002,Coutts,2012,Life Expectancy,Both,Years,79.43000
4802002,Coutts,2013,Life Expectancy,Both,Years,79.77000
4802002,Coutts,2014,Life Expectancy,Both,Years,80.27000
4802002,Coutts,2015,Life Expectancy,Both,Years,80.30000
4802002,Coutts,2016,Life Expectancy,Both,Years,80.20000
4802002,Coutts,2017,Life Expectancy,Both,Years,80.56000
4802002,Coutts,2018,Life Expectancy,Both,Years,81.23000
4802002,Coutts,2019,Life Expectancy,Both,Years,81.11000
4802002,Coutts,2020,Life Expectancy,Both,Years,81.11000
4802002,Coutts,2021,Life Expectancy,Both,Years,80.91000
4802002,Coutts,2022,Life Expectancy,Both,Years,80.75000
4802004,Milk River,2011,Life Expectancy,Female,Years,82.02000
4802004,Milk River,2012,Life Expectancy,Female,Years,81.95000
4802004,Milk River,2013,Life Expectancy,Female,Years,81.65000
4802004,Milk River,2014,Life Expectancy,Female,Years,82.33000
4802004,Milk River,2015,Life Expectancy,Female,Years,82.01000
4802004,Milk River,2016,Life Expectancy,Female,Years,81.80000
4802004,Milk River,2017,Life Expectancy,Female,Years,82.02000
4802004,Milk River,2018,Life Expectancy,Female,Years,82.44000
4802004,Milk River,2019,Life Expectancy,Female,Years,82.44000
4802004,Milk River,2020,Life Expectancy,Female,Years,82.72000
4802004,Milk River,2021,Life Expectancy,Female,Years,82.77000
4802004,Milk River,2022,Life Expectancy,Female,Years,82.81000
4802004,Milk River,2011,Life Expectancy,Male,Years,76.86000
4802004,Milk River,2012,Life Expectancy,Male,Years,77.06000
4802004,Milk River,2013,Life Expectancy,Male,Years,77.88000
4802004,Milk River,2014,Life Expectancy,Male,Years,78.25000
4802004,Milk River,2015,Life Expectancy,Male,Years,78.60000
4802004,Milk River,2016,Life Expectancy,Male,Years,78.62000
4802004,Milk River,2017,Life Expectancy,Male,Years,79.07000
4802004,Milk River,2018,Life Expectancy,Male,Years,79.98000
4802004,Milk River,2019,Life Expectancy,Male,Years,79.72000
4802004,Milk River,2020,Life Expectancy,Male,Years,79.45000
4802004,Milk River,2021,Life Expectancy,Male,Years,79.02000
4802004,Milk River,2022,Life Expectancy,Male,Years,78.74000
4802004,Milk River,2011,Life Expectancy,Both,Years,79.34000
4802004,Milk River,2012,Life Expectancy,Both,Years,79.43000
4802004,Milk River,2013,Life Expectancy,Both,Years,79.77000
4802004,Milk River,2014,Life Expectancy,Both,Years,80.27000
4802004,Milk River,2015,Life Expectancy,Both,Years,80.30000
4802004,Milk River,2016,Life Expectancy,Both,Years,80.20000
4802004,Milk River,2017,Life Expectancy,Both,Years,80.56000
4802004,Milk River,2018,Life Expectancy,Both,Years,81.23000
4802004,Milk River,2019,Life Expectancy,Both,Years,81.11000
4802004,Milk River,2020,Life Expectancy,Both,Years,81.11000
4802004,Milk River,2021,Life Expectancy,Both,Years,80.91000
4802004,Milk River,2022,Life Expectancy,Both,Years,80.75000
4802006,Warner,2011,Life Expectancy,Female,Years,82.02000
4802006,Warner,2012,Life Expectancy,Female,Years,81.95000
4802006,Warner,2013,Life Expectancy,Female,Years,81.65000
4802006,Warner,2014,Life Expectancy,Female,Years,82.33000
4802006,Warner,2015,Life Expectancy,Female,Years,82.01000
4802006,Warner,2016,Life Expectancy,Female,Years,81.80000
4802006,Warner,2017,Life Expectancy,Female,Years,82.02000
4802006,Warner,2018,Life Expectancy,Female,Years,82.44000
4802006,Warner,2019,Life Expectancy,Female,Years,82.44000
4802006,Warner,2020,Life Expectancy,Female,Years,82.72000
4802006,Warner,2021,Life Expectancy,Female,Years,82.77000
4802006,Warner,2022,Life Expectancy,Female,Years,82.81000
4802006,Warner,2011,Life Expectancy,Male,Years,76.86000
4802006,Warner,2012,Life Expectancy,Male,Years,77.06000
4802006,Warner,2013,Life Expectancy,Male,Years,77.88000
4802006,Warner,2014,Life Expectancy,Male,Years,78.25000
4802006,Warner,2015,Life Expectancy,Male,Years,78.60000
4802006,Warner,2016,Life Expectancy,Male,Years,78.62000
4802006,Warner,2017,Life Expectancy,Male,Years,79.07000
4802006,Warner,2018,Life Expectancy,Male,Years,79.98000
4802006,Warner,2019,Life Expectancy,Male,Years,79.72000
4802006,Warner,2020,Life Expectancy,Male,Years,79.45000
4802006,Warner,2021,Life Expectancy,Male,Years,79.02000
4802006,Warner,2022,Life Expectancy,Male,Years,78.74000
4802006,Warner,2011,Life Expectancy,Both,Years,79.34000
4802006,Warner,2012,Life Expectancy,Both,Years,79.43000
4802006,Warner,2013,Life Expectancy,Both,Years,79.77000
4802006,Warner,2014,Life Expectancy,Both,Years,80.27000
4802006,Warner,2015,Life Expectancy,Both,Years,80.30000
4802006,Warner,2016,Life Expectancy,Both,Years,80.20000
4802006,Warner,2017,Life Expectancy,Both,Years,80.56000
4802006,Warner,2018,Life Expectancy,Both,Years,81.23000
4802006,Warner,2019,Life Expectancy,Both,Years,81.11000
4802006,Warner,2020,Life Expectancy,Both,Years,81.11000
4802006,Warner,2021,Life Expectancy,Both,Years,80.91000
4802006,Warner,2022,Life Expectancy,Both,Years,80.75000
4807048,Hardisty,2011,Life Expectancy,Female,Years,83.30000
4807048,Hardisty,2012,Life Expectancy,Female,Years,82.91000
4807048,Hardisty,2013,Life Expectancy,Female,Years,82.53000
4807048,Hardisty,2014,Life Expectancy,Female,Years,82.05000
4807048,Hardisty,2015,Life Expectancy,Female,Years,81.85000
4807048,Hardisty,2016,Life Expectancy,Female,Years,81.76000
4807048,Hardisty,2017,Life Expectancy,Female,Years,81.61000
4807048,Hardisty,2018,Life Expectancy,Female,Years,81.41000
4807048,Hardisty,2019,Life Expectancy,Female,Years,80.85000
4807048,Hardisty,2020,Life Expectancy,Female,Years,80.91000
4807048,Hardisty,2021,Life Expectancy,Female,Years,81.57000
4807048,Hardisty,2022,Life Expectancy,Female,Years,82.33000
4807048,Hardisty,2011,Life Expectancy,Male,Years,77.95000
4807048,Hardisty,2012,Life Expectancy,Male,Years,78.03000
4807048,Hardisty,2013,Life Expectancy,Male,Years,77.70000
4807048,Hardisty,2014,Life Expectancy,Male,Years,77.55000
4807048,Hardisty,2015,Life Expectancy,Male,Years,77.86000
4807048,Hardisty,2016,Life Expectancy,Male,Years,77.68000
4807048,Hardisty,2017,Life Expectancy,Male,Years,77.90000
4807048,Hardisty,2018,Life Expectancy,Male,Years,77.93000
4807048,Hardisty,2019,Life Expectancy,Male,Years,77.84000
4807048,Hardisty,2020,Life Expectancy,Male,Years,77.32000
4807048,Hardisty,2021,Life Expectancy,Male,Years,77.06000
4807048,Hardisty,2022,Life Expectancy,Male,Years,76.91000
4807048,Hardisty,2011,Life Expectancy,Both,Years,80.52000
4807048,Hardisty,2012,Life Expectancy,Both,Years,80.39000
4807048,Hardisty,2013,Life Expectancy,Both,Years,80.00000
4807048,Hardisty,2014,Life Expectancy,Both,Years,79.70000
4807048,Hardisty,2015,Life Expectancy,Both,Years,79.73000
4807048,Hardisty,2016,Life Expectancy,Both,Years,79.58000
4807048,Hardisty,2017,Life Expectancy,Both,Years,79.60000
4807048,Hardisty,2018,Life Expectancy,Both,Years,79.55000
4807048,Hardisty,2019,Life Expectancy,Both,Years,79.24000
4807048,Hardisty,2020,Life Expectancy,Both,Years,78.98000
4807048,Hardisty,2021,Life Expectancy,Both,Years,79.14000
4807048,Hardisty,2022,Life Expectancy,Both,Years,79.40000
4807049,Wainwright No. 61,2011,Life Expectancy,Female,Years,81.48000
4807049,Wainwright No. 61,2012,Life Expectancy,Female,Years,81.66000
4807049,Wainwright No. 61,2013,Life Expectancy,Female,Years,81.78000
4807049,Wainwright No. 61,2014,Life Expectancy,Female,Years,81.60000
4807049,Wainwright No. 61,2015,Life Expectancy,Female,Years,81.75000
4807049,Wainwright No. 61,2016,Life Expectancy,Female,Years,82.03000
4807049,Wainwright No. 61,2017,Life Expectancy,Female,Years,81.89000
4807049,Wainwright No. 61,2018,Life Expectancy,Female,Years,81.57000
4807049,Wainwright No. 61,2019,Life Expectancy,Female,Years,82.03000
4807049,Wainwright No. 61,2020,Life Expectancy,Female,Years,81.68000
4807049,Wainwright No. 61,2021,Life Expectancy,Female,Years,81.69000
4807049,Wainwright No. 61,2022,Life Expectancy,Female,Years,81.90000
4807049,Wainwright No. 61,2011,Life Expectancy,Male,Years,77.29000
4807049,Wainwright No. 61,2012,Life Expectancy,Male,Years,77.71000
4807049,Wainwright No. 61,2013,Life Expectancy,Male,Years,77.83000
4807049,Wainwright No. 61,2014,Life Expectancy,Male,Years,77.77000
4807049,Wainwright No. 61,2015,Life Expectancy,Male,Years,77.97000
4807049,Wainwright No. 61,2016,Life Expectancy,Male,Years,78.07000
4807049,Wainwright No. 61,2017,Life Expectancy,Male,Years,77.71000
4807049,Wainwright No. 61,2018,Life Expectancy,Male,Years,78.17000
4807049,Wainwright No. 61,2019,Life Expectancy,Male,Years,77.98000
4807049,Wainwright No. 61,2020,Life Expectancy,Male,Years,77.56000
4807049,Wainwright No. 61,2021,Life Expectancy,Male,Years,77.73000
4807049,Wainwright No. 61,2022,Life Expectancy,Male,Years,77.74000
4807049,Wainwright No. 61,2011,Life Expectancy,Both,Years,79.38000
4807049,Wainwright No. 61,2012,Life Expectancy,Both,Years,79.70000
4807049,Wainwright No. 61,2013,Life Expectancy,Both,Years,79.82000
4807049,Wainwright No. 61,2014,Life Expectancy,Both,Years,79.69000
4807049,Wainwright No. 61,2015,Life Expectancy,Both,Years,79.86000
4807049,Wainwright No. 61,2016,Life Expectancy,Both,Years,80.06000
4807049,Wainwright No. 61,2017,Life Expectancy,Both,Years,79.80000
4807049,Wainwright No. 61,2018,Life Expectancy,Both,Years,79.89000
4807049,Wainwright No. 61,2019,Life Expectancy,Both,Years,80.00000
4807049,Wainwright No. 61,2020,Life Expectancy,Both,Years,79.61000
4807049,Wainwright No. 61,2021,Life Expectancy,Both,Years,79.71000
4807049,Wainwright No. 61,2022,Life Expectancy,Both,Years,79.81000
4807051,Chauvin,2011,Life Expectancy,Female,Years,81.48000
4807051,Chauvin,2012,Life Expectancy,Female,Years,81.66000
4807051,Chauvin,2013,Life Expectancy,Female,Years,81.78000
4807051,Chauvin,2014,Life Expectancy,Female,Years,81.60000
4807051,Chauvin,2015,Life Expectancy,Female,Years,81.75000
4807051,Chauvin,2016,Life Expectancy,Female,Years,82.03000
4807051,Chauvin,2017,Life Expectancy,Female,Years,81.89000
4807051,Chauvin,2018,Life Expectancy,Female,Years,81.57000
4807051,Chauvin,2019,Life Expectancy,Female,Years,82.03000
4807051,Chauvin,2020,Life Expectancy,Female,Years,81.68000
4807051,Chauvin,2021,Life Expectancy,Female,Years,81.69000
4807051,Chauvin,2022,Life Expectancy,Female,Years,81.90000
4807051,Chauvin,2011,Life Expectancy,Male,Years,77.29000
4807051,Chauvin,2012,Life Expectancy,Male,Years,77.71000
4807051,Chauvin,2013,Life Expectancy,Male,Years,77.83000
4807051,Chauvin,2014,Life Expectancy,Male,Years,77.77000
4807051,Chauvin,2015,Life Expectancy,Male,Years,77.97000
4807051,Chauvin,2016,Life Expectancy,Male,Years,78.07000
4807051,Chauvin,2017,Life Expectancy,Male,Years,77.71000
4807051,Chauvin,2018,Life Expectancy,Male,Years,78.17000
4807051,Chauvin,2019,Life Expectancy,Male,Years,77.98000
4807051,Chauvin,2020,Life Expectancy,Male,Years,77.56000
4807051,Chauvin,2021,Life Expectancy,Male,Years,77.73000
4807051,Chauvin,2022,Life Expectancy,Male,Years,77.74000
4807051,Chauvin,2011,Life Expectancy,Both,Years,79.38000
4807051,Chauvin,2012,Life Expectancy,Both,Years,79.70000
4807051,Chauvin,2013,Life Expectancy,Both,Years,79.82000
4807051,Chauvin,2014,Life Expectancy,Both,Years,79.69000
4807051,Chauvin,2015,Life Expectancy,Both,Years,79.86000
4807051,Chauvin,2016,Life Expectancy,Both,Years,80.06000
4807051,Chauvin,2017,Life Expectancy,Both,Years,79.80000
4807051,Chauvin,2018,Life Expectancy,Both,Years,79.89000
4807051,Chauvin,2019,Life Expectancy,Both,Years,80.00000
4807051,Chauvin,2020,Life Expectancy,Both,Years,79.61000
4807051,Chauvin,2021,Life Expectancy,Both,Years,79.71000
4807051,Chauvin,2022,Life Expectancy,Both,Years,79.81000
4807052,Edgerton,2011,Life Expectancy,Female,Years,81.48000
4807052,Edgerton,2012,Life Expectancy,Female,Years,81.66000
4807052,Edgerton,2013,Life Expectancy,Female,Years,81.78000
4807052,Edgerton,2014,Life Expectancy,Female,Years,81.60000
4807052,Edgerton,2015,Life Expectancy,Female,Years,81.75000
4807052,Edgerton,2016,Life Expectancy,Female,Years,82.03000
4807052,Edgerton,2017,Life Expectancy,Female,Years,81.89000
4807052,Edgerton,2018,Life Expectancy,Female,Years,81.57000
4807052,Edgerton,2019,Life Expectancy,Female,Years,82.03000
4807052,Edgerton,2020,Life Expectancy,Female,Years,81.68000
4807052,Edgerton,2021,Life Expectancy,Female,Years,81.69000
4807052,Edgerton,2022,Life Expectancy,Female,Years,81.90000
4807052,Edgerton,2011,Life Expectancy,Male,Years,77.29000
4807052,Edgerton,2012,Life Expectancy,Male,Years,77.71000
4807052,Edgerton,2013,Life Expectancy,Male,Years,77.83000
4807052,Edgerton,2014,Life Expectancy,Male,Years,77.77000
4807052,Edgerton,2015,Life Expectancy,Male,Years,77.97000
4807052,Edgerton,2016,Life Expectancy,Male,Years,78.07000
4807052,Edgerton,2017,Life Expectancy,Male,Years,77.71000
4807052,Edgerton,2018,Life Expectancy,Male,Years,78.17000
4807052,Edgerton,2019,Life Expectancy,Male,Years,77.98000
4807052,Edgerton,2020,Life Expectancy,Male,Years,77.56000
4807052,Edgerton,2021,Life Expectancy,Male,Years,77.73000
4807052,Edgerton,2022,Life Expectancy,Male,Years,77.74000
4807052,Edgerton,2011,Life Expectancy,Both,Years,79.38000
4807052,Edgerton,2012,Life Expectancy,Both,Years,79.70000
4807052,Edgerton,2013,Life Expectancy,Both,Years,79.82000
4807052,Edgerton,2014,Life Expectancy,Both,Years,79.69000
4807052,Edgerton,2015,Life Expectancy,Both,Years,79.86000
4807052,Edgerton,2016,Life Expectancy,Both,Years,80.06000
4807052,Edgerton,2017,Life Expectancy,Both,Years,79.80000
4807052,Edgerton,2018,Life Expectancy,Both,Years,79.89000
4807052,Edgerton,2019,Life Expectancy,Both,Years,80.00000
4807052,Edgerton,2020,Life Expectancy,Both,Years,79.61000
4807052,Edgerton,2021,Life Expectancy,Both,Years,79.71000
4807052,Edgerton,2022,Life Expectancy,Both,Years,79.81000
4807054,Wainwright,2011,Life Expectancy,Female,Years,81.48000
4807054,Wainwright,2012,Life Expectancy,Female,Years,81.66000
4807054,Wainwright,2013,Life Expectancy,Female,Years,81.78000
4807054,Wainwright,2014,Life Expectancy,Female,Years,81.60000
4807054,Wainwright,2015,Life Expectancy,Female,Years,81.75000
4807054,Wainwright,2016,Life Expectancy,Female,Years,82.03000
4807054,Wainwright,2017,Life Expectancy,Female,Years,81.89000
4807054,Wainwright,2018,Life Expectancy,Female,Years,81.57000
4807054,Wainwright,2019,Life Expectancy,Female,Years,82.03000
4807054,Wainwright,2020,Life Expectancy,Female,Years,81.68000
4807054,Wainwright,2021,Life Expectancy,Female,Years,81.69000
4807054,Wainwright,2022,Life Expectancy,Female,Years,81.90000
4807054,Wainwright,2011,Life Expectancy,Male,Years,77.29000
4807054,Wainwright,2012,Life Expectancy,Male,Years,77.71000
4807054,Wainwright,2013,Life Expectancy,Male,Years,77.83000
4807054,Wainwright,2014,Life Expectancy,Male,Years,77.77000
4807054,Wainwright,2015,Life Expectancy,Male,Years,77.97000
4807054,Wainwright,2016,Life Expectancy,Male,Years,78.07000
4807054,Wainwright,2017,Life Expectancy,Male,Years,77.71000
4807054,Wainwright,2018,Life Expectancy,Male,Years,78.17000
4807054,Wainwright,2019,Life Expectancy,Male,Years,77.98000
4807054,Wainwright,2020,Life Expectancy,Male,Years,77.56000
4807054,Wainwright,2021,Life Expectancy,Male,Years,77.73000
4807054,Wainwright,2022,Life Expectancy,Male,Years,77.74000
4807054,Wainwright,2011,Life Expectancy,Both,Years,79.38000
4807054,Wainwright,2012,Life Expectancy,Both,Years,79.70000
4807054,Wainwright,2013,Life Expectancy,Both,Years,79.82000
4807054,Wainwright,2014,Life Expectancy,Both,Years,79.69000
4807054,Wainwright,2015,Life Expectancy,Both,Years,79.86000
4807054,Wainwright,2016,Life Expectancy,Both,Years,80.06000
4807054,Wainwright,2017,Life Expectancy,Both,Years,79.80000
4807054,Wainwright,2018,Life Expectancy,Both,Years,79.89000
4807054,Wainwright,2019,Life Expectancy,Both,Years,80.00000
4807054,Wainwright,2020,Life Expectancy,Both,Years,79.61000
4807054,Wainwright,2021,Life Expectancy,Both,Years,79.71000
4807054,Wainwright,2022,Life Expectancy,Both,Years,79.81000
4807056,Irma,2011,Life Expectancy,Female,Years,81.48000
4807056,Irma,2012,Life Expectancy,Female,Years,81.66000
4807056,Irma,2013,Life Expectancy,Female,Years,81.78000
4807056,Irma,2014,Life Expectancy,Female,Years,81.60000
4807056,Irma,2015,Life Expectancy,Female,Years,81.75000
4807056,Irma,2016,Life Expectancy,Female,Years,82.03000
4807056,Irma,2017,Life Expectancy,Female,Years,81.89000
4807056,Irma,2018,Life Expectancy,Female,Years,81.57000
4807056,Irma,2019,Life Expectancy,Female,Years,82.03000
4807056,Irma,2020,Life Expectancy,Female,Years,81.68000
4807056,Irma,2021,Life Expectancy,Female,Years,81.69000
4807056,Irma,2022,Life Expectancy,Female,Years,81.90000
4807056,Irma,2023,Life Expectancy,Female,Years,81.66000
4807056,Irma,2011,Life Expectancy,Male,Years,77.29000
4807056,Irma,2012,Life Expectancy,Male,Years,77.71000
4807056,Irma,2013,Life Expectancy,Male,Years,77.83000
4807056,Irma,2014,Life Expectancy,Male,Years,77.77000
4807056,Irma,2015,Life Expectancy,Male,Years,77.97000
4807056,Irma,2016,Life Expectancy,Male,Years,78.07000
4807056,Irma,2017,Life Expectancy,Male,Years,77.71000
4807056,Irma,2018,Life Expectancy,Male,Years,78.17000
4807056,Irma,2019,Life Expectancy,Male,Years,77.98000
4807056,Irma,2020,Life Expectancy,Male,Years,77.56000
4807056,Irma,2021,Life Expectancy,Male,Years,77.73000
4807056,Irma,2022,Life Expectancy,Male,Years,77.74000
4807056,Irma,2023,Life Expectancy,Male,Years,77.11000
4807056,Irma,2011,Life Expectancy,Both,Years,79.38000
4807056,Irma,2012,Life Expectancy,Both,Years,79.70000
4807056,Irma,2013,Life Expectancy,Both,Years,79.82000
4807056,Irma,2014,Life Expectancy,Both,Years,79.69000
4807056,Irma,2015,Life Expectancy,Both,Years,79.86000
4807056,Irma,2016,Life Expectancy,Both,Years,80.06000
4807056,Irma,2017,Life Expectancy,Both,Years,79.80000
4807056,Irma,2018,Life Expectancy,Both,Years,79.89000
4807056,Irma,2019,Life Expectancy,Both,Years,80.00000
4807056,Irma,2020,Life Expectancy,Both,Years,79.61000
4807056,Irma,2021,Life Expectancy,Both,Years,79.71000
4807056,Irma,2022,Life Expectancy,Both,Years,79.81000
4807056,Irma,2023,Life Expectancy,Both,Years,79.36000
4808001,Red Deer County,2011,Life Expectancy,Female,Years,82.87220
4808001,Red Deer County,2012,Life Expectancy,Female,Years,82.81173
4808001,Red Deer County,2013,Life Expectancy,Female,Years,82.91078
4808001,Red Deer County,2014,Life Expectancy,Female,Years,83.01169
4808001,Red Deer County,2015,Life Expectancy,Female,Years,83.04395
4808001,Red Deer County,2016,Life Expectancy,Female,Years,83.04636
4808001,Red Deer County,2017,Life Expectancy,Female,Years,82.92713
4808001,Red Deer County,2018,Life Expectancy,Female,Years,83.02917
4808001,Red Deer County,2019,Life Expectancy,Female,Years,83.00589
4808001,Red Deer County,2020,Life Expectancy,Female,Years,82.91643
4808001,Red Deer County,2021,Life Expectancy,Female,Years,82.91865
4808001,Red Deer County,2022,Life Expectancy,Female,Years,82.68789
4808001,Red Deer County,2011,Life Expectancy,Male,Years,77.65150
4808001,Red Deer County,2012,Life Expectancy,Male,Years,77.97958
4808001,Red Deer County,2013,Life Expectancy,Male,Years,78.14949
4808001,Red Deer County,2014,Life Expectancy,Male,Years,78.05730
4808001,Red Deer County,2015,Life Expectancy,Male,Years,78.24828
4808001,Red Deer County,2016,Life Expectancy,Male,Years,78.18760
4808001,Red Deer County,2017,Life Expectancy,Male,Years,78.35210
4808001,Red Deer County,2018,Life Expectancy,Male,Years,78.60753
4808001,Red Deer County,2019,Life Expectancy,Male,Years,78.65572
4808001,Red Deer County,2020,Life Expectancy,Male,Years,78.59261
4808001,Red Deer County,2021,Life Expectancy,Male,Years,78.42103
4808001,Red Deer County,2022,Life Expectancy,Male,Years,78.13635
4808001,Red Deer County,2011,Life Expectancy,Both,Years,80.13825
4808001,Red Deer County,2012,Life Expectancy,Both,Years,80.30660
4808001,Red Deer County,2013,Life Expectancy,Both,Years,80.43067
4808001,Red Deer County,2014,Life Expectancy,Both,Years,80.43378
4808001,Red Deer County,2015,Life Expectancy,Both,Years,80.55570
4808001,Red Deer County,2016,Life Expectancy,Both,Years,80.52078
4808001,Red Deer County,2017,Life Expectancy,Both,Years,80.55431
4808001,Red Deer County,2018,Life Expectancy,Both,Years,80.73846
4808001,Red Deer County,2019,Life Expectancy,Both,Years,80.75358
4808001,Red Deer County,2020,Life Expectancy,Both,Years,80.67473
4808001,Red Deer County,2021,Life Expectancy,Both,Years,80.58255
4808001,Red Deer County,2022,Life Expectancy,Both,Years,80.32402
4808002,Elnora,2011,Life Expectancy,Female,Years,83.25000
4808002,Elnora,2012,Life Expectancy,Female,Years,83.14000
4808002,Elnora,2013,Life Expectancy,Female,Years,82.81000
4808002,Elnora,2014,Life Expectancy,Female,Years,82.80000
4808002,Elnora,2015,Life Expectancy,Female,Years,83.01000
4808002,Elnora,2016,Life Expectancy,Female,Years,83.16000
4808002,Elnora,2017,Life Expectancy,Female,Years,83.39000
4808002,Elnora,2018,Life Expectancy,Female,Years,83.68000
4808002,Elnora,2019,Life Expectancy,Female,Years,83.81000
4808002,Elnora,2020,Life Expectancy,Female,Years,84.26000
4808002,Elnora,2021,Life Expectancy,Female,Years,83.95000
4808002,Elnora,2022,Life Expectancy,Female,Years,83.98000
4808002,Elnora,2011,Life Expectancy,Male,Years,79.41000
4808002,Elnora,2012,Life Expectancy,Male,Years,80.14000
4808002,Elnora,2013,Life Expectancy,Male,Years,80.66000
4808002,Elnora,2014,Life Expectancy,Male,Years,80.16000
4808002,Elnora,2015,Life Expectancy,Male,Years,80.26000
4808002,Elnora,2016,Life Expectancy,Male,Years,80.40000
4808002,Elnora,2017,Life Expectancy,Male,Years,80.42000
4808002,Elnora,2018,Life Expectancy,Male,Years,80.86000
4808002,Elnora,2019,Life Expectancy,Male,Years,80.68000
4808002,Elnora,2020,Life Expectancy,Male,Years,80.42000
4808002,Elnora,2021,Life Expectancy,Male,Years,80.30000
4808002,Elnora,2022,Life Expectancy,Male,Years,79.81000
4808002,Elnora,2011,Life Expectancy,Both,Years,81.29000
4808002,Elnora,2012,Life Expectancy,Both,Years,81.63000
4808002,Elnora,2013,Life Expectancy,Both,Years,81.73000
4808002,Elnora,2014,Life Expectancy,Both,Years,81.46000
4808002,Elnora,2015,Life Expectancy,Both,Years,81.61000
4808002,Elnora,2016,Life Expectancy,Both,Years,81.76000
4808002,Elnora,2017,Life Expectancy,Both,Years,81.88000
4808002,Elnora,2018,Life Expectancy,Both,Years,82.27000
4808002,Elnora,2019,Life Expectancy,Both,Years,82.24000
4808002,Elnora,2020,Life Expectancy,Both,Years,82.31000
4808002,Elnora,2021,Life Expectancy,Both,Years,82.09000
4808002,Elnora,2022,Life Expectancy,Both,Years,81.84000
4805009,Milo,2011,Life Expectancy,Female,Years,78.77000
4805009,Milo,2012,Life Expectancy,Female,Years,79.46000
4805009,Milo,2013,Life Expectancy,Female,Years,79.78000
4805009,Milo,2014,Life Expectancy,Female,Years,80.07000
4805009,Milo,2015,Life Expectancy,Female,Years,80.50000
4805009,Milo,2016,Life Expectancy,Female,Years,80.70000
4805009,Milo,2017,Life Expectancy,Female,Years,81.16000
4805009,Milo,2018,Life Expectancy,Female,Years,81.57000
4805009,Milo,2019,Life Expectancy,Female,Years,82.26000
4805009,Milo,2020,Life Expectancy,Female,Years,83.63000
4805009,Milo,2021,Life Expectancy,Female,Years,84.46000
4805009,Milo,2022,Life Expectancy,Female,Years,84.21000
4805009,Milo,2011,Life Expectancy,Male,Years,75.60000
4805009,Milo,2012,Life Expectancy,Male,Years,76.81000
4805009,Milo,2013,Life Expectancy,Male,Years,77.02000
4805009,Milo,2014,Life Expectancy,Male,Years,77.08000
4805009,Milo,2015,Life Expectancy,Male,Years,77.24000
4805009,Milo,2016,Life Expectancy,Male,Years,77.37000
4805009,Milo,2017,Life Expectancy,Male,Years,77.33000
4805009,Milo,2018,Life Expectancy,Male,Years,78.21000
4805009,Milo,2019,Life Expectancy,Male,Years,78.49000
4805009,Milo,2020,Life Expectancy,Male,Years,78.67000
4805009,Milo,2021,Life Expectancy,Male,Years,79.02000
4805009,Milo,2022,Life Expectancy,Male,Years,78.76000
4805009,Milo,2011,Life Expectancy,Both,Years,77.11000
4805009,Milo,2012,Life Expectancy,Both,Years,78.08000
4805009,Milo,2013,Life Expectancy,Both,Years,78.33000
4805009,Milo,2014,Life Expectancy,Both,Years,78.52000
4805009,Milo,2015,Life Expectancy,Both,Years,78.79000
4805009,Milo,2016,Life Expectancy,Both,Years,78.94000
4805009,Milo,2017,Life Expectancy,Both,Years,79.13000
4805009,Milo,2018,Life Expectancy,Both,Years,79.80000
4805009,Milo,2019,Life Expectancy,Both,Years,80.26000
4805009,Milo,2020,Life Expectancy,Both,Years,80.99000
4805009,Milo,2021,Life Expectancy,Both,Years,81.49000
4805009,Milo,2022,Life Expectancy,Both,Years,81.26000
4805011,Arrowwood,2011,Life Expectancy,Female,Years,78.77000
4805011,Arrowwood,2012,Life Expectancy,Female,Years,79.46000
4805011,Arrowwood,2013,Life Expectancy,Female,Years,79.78000
4805011,Arrowwood,2014,Life Expectancy,Female,Years,80.07000
4805011,Arrowwood,2015,Life Expectancy,Female,Years,80.50000
4805011,Arrowwood,2016,Life Expectancy,Female,Years,80.70000
4805011,Arrowwood,2017,Life Expectancy,Female,Years,81.16000
4805011,Arrowwood,2018,Life Expectancy,Female,Years,81.57000
4805011,Arrowwood,2019,Life Expectancy,Female,Years,82.26000
4805011,Arrowwood,2020,Life Expectancy,Female,Years,83.63000
4805011,Arrowwood,2021,Life Expectancy,Female,Years,84.46000
4805011,Arrowwood,2022,Life Expectancy,Female,Years,84.21000
4805011,Arrowwood,2023,Life Expectancy,Female,Years,84.28000
4805011,Arrowwood,2011,Life Expectancy,Male,Years,75.60000
4805011,Arrowwood,2012,Life Expectancy,Male,Years,76.81000
4805011,Arrowwood,2013,Life Expectancy,Male,Years,77.02000
4805011,Arrowwood,2014,Life Expectancy,Male,Years,77.08000
4805011,Arrowwood,2015,Life Expectancy,Male,Years,77.24000
4805011,Arrowwood,2016,Life Expectancy,Male,Years,77.37000
4805011,Arrowwood,2017,Life Expectancy,Male,Years,77.33000
4805011,Arrowwood,2018,Life Expectancy,Male,Years,78.21000
4805011,Arrowwood,2019,Life Expectancy,Male,Years,78.49000
4805011,Arrowwood,2020,Life Expectancy,Male,Years,78.67000
4805011,Arrowwood,2021,Life Expectancy,Male,Years,79.02000
4805011,Arrowwood,2022,Life Expectancy,Male,Years,78.76000
4805011,Arrowwood,2023,Life Expectancy,Male,Years,79.02000
4805011,Arrowwood,2011,Life Expectancy,Both,Years,77.11000
4805011,Arrowwood,2012,Life Expectancy,Both,Years,78.08000
4805011,Arrowwood,2013,Life Expectancy,Both,Years,78.33000
4805011,Arrowwood,2014,Life Expectancy,Both,Years,78.52000
4805011,Arrowwood,2015,Life Expectancy,Both,Years,78.79000
4805011,Arrowwood,2016,Life Expectancy,Both,Years,78.94000
4805011,Arrowwood,2017,Life Expectancy,Both,Years,79.13000
4805011,Arrowwood,2018,Life Expectancy,Both,Years,79.80000
4805011,Arrowwood,2019,Life Expectancy,Both,Years,80.26000
4805011,Arrowwood,2020,Life Expectancy,Both,Years,80.99000
4805011,Arrowwood,2021,Life Expectancy,Both,Years,81.49000
4805011,Arrowwood,2022,Life Expectancy,Both,Years,81.26000
4805011,Arrowwood,2023,Life Expectancy,Both,Years,81.43000
4805012,Wheatland County,2011,Life Expectancy,Female,Years,81.75000
4805012,Wheatland County,2012,Life Expectancy,Female,Years,81.92000
4805012,Wheatland County,2013,Life Expectancy,Female,Years,81.81000
4805012,Wheatland County,2014,Life Expectancy,Female,Years,81.92000
4805012,Wheatland County,2015,Life Expectancy,Female,Years,81.92000
4805012,Wheatland County,2016,Life Expectancy,Female,Years,81.92000
4805012,Wheatland County,2017,Life Expectancy,Female,Years,82.08000
4805012,Wheatland County,2018,Life Expectancy,Female,Years,82.13000
4805012,Wheatland County,2019,Life Expectancy,Female,Years,81.96000
4805012,Wheatland County,2020,Life Expectancy,Female,Years,81.69000
4805012,Wheatland County,2021,Life Expectancy,Female,Years,81.53000
4805012,Wheatland County,2022,Life Expectancy,Female,Years,81.25000
4805012,Wheatland County,2011,Life Expectancy,Male,Years,76.96000
4805012,Wheatland County,2012,Life Expectancy,Male,Years,76.89000
4805012,Wheatland County,2013,Life Expectancy,Male,Years,77.20000
4805012,Wheatland County,2014,Life Expectancy,Male,Years,77.41000
4805012,Wheatland County,2015,Life Expectancy,Male,Years,77.36000
4805012,Wheatland County,2016,Life Expectancy,Male,Years,77.32000
4805012,Wheatland County,2017,Life Expectancy,Male,Years,77.52000
4805012,Wheatland County,2018,Life Expectancy,Male,Years,77.48000
4805012,Wheatland County,2019,Life Expectancy,Male,Years,77.12000
4805012,Wheatland County,2020,Life Expectancy,Male,Years,76.90000
4805012,Wheatland County,2021,Life Expectancy,Male,Years,76.58000
4805012,Wheatland County,2022,Life Expectancy,Male,Years,76.21000
4805012,Wheatland County,2011,Life Expectancy,Both,Years,79.25000
4805012,Wheatland County,2012,Life Expectancy,Both,Years,79.31000
4805012,Wheatland County,2013,Life Expectancy,Both,Years,79.43000
4805012,Wheatland County,2014,Life Expectancy,Both,Years,79.60000
4805012,Wheatland County,2015,Life Expectancy,Both,Years,79.58000
4805012,Wheatland County,2016,Life Expectancy,Both,Years,79.55000
4805012,Wheatland County,2017,Life Expectancy,Both,Years,79.74000
4805012,Wheatland County,2018,Life Expectancy,Both,Years,79.75000
4805012,Wheatland County,2019,Life Expectancy,Both,Years,79.48000
4805012,Wheatland County,2020,Life Expectancy,Both,Years,79.23000
4805012,Wheatland County,2021,Life Expectancy,Both,Years,78.98000
4805012,Wheatland County,2022,Life Expectancy,Both,Years,78.65000
4807019,Stettler County No. 6,2011,Life Expectancy,Female,Years,243.39000
4807019,Stettler County No. 6,2012,Life Expectancy,Female,Years,244.17000
4807019,Stettler County No. 6,2013,Life Expectancy,Female,Years,244.83000
4807019,Stettler County No. 6,2014,Life Expectancy,Female,Years,244.62000
4807019,Stettler County No. 6,2015,Life Expectancy,Female,Years,244.77000
4807019,Stettler County No. 6,2016,Life Expectancy,Female,Years,245.40000
4807019,Stettler County No. 6,2017,Life Expectancy,Female,Years,245.79000
4807019,Stettler County No. 6,2018,Life Expectancy,Female,Years,247.02000
4807019,Stettler County No. 6,2019,Life Expectancy,Female,Years,248.58000
4807019,Stettler County No. 6,2020,Life Expectancy,Female,Years,248.88000
4807019,Stettler County No. 6,2021,Life Expectancy,Female,Years,249.15000
4807019,Stettler County No. 6,2022,Life Expectancy,Female,Years,82.48000
4807019,Stettler County No. 6,2011,Life Expectancy,Male,Years,231.81000
4807019,Stettler County No. 6,2012,Life Expectancy,Male,Years,231.81000
4807019,Stettler County No. 6,2013,Life Expectancy,Male,Years,232.08000
4807019,Stettler County No. 6,2014,Life Expectancy,Male,Years,232.62000
4807019,Stettler County No. 6,2015,Life Expectancy,Male,Years,232.68000
4807019,Stettler County No. 6,2016,Life Expectancy,Male,Years,233.85000
4807019,Stettler County No. 6,2017,Life Expectancy,Male,Years,234.57000
4807019,Stettler County No. 6,2018,Life Expectancy,Male,Years,235.68000
4807019,Stettler County No. 6,2019,Life Expectancy,Male,Years,235.98000
4807019,Stettler County No. 6,2020,Life Expectancy,Male,Years,234.93000
4807019,Stettler County No. 6,2021,Life Expectancy,Male,Years,233.94000
4807019,Stettler County No. 6,2022,Life Expectancy,Male,Years,77.34000
4807019,Stettler County No. 6,2011,Life Expectancy,Both,Years,237.48000
4807019,Stettler County No. 6,2012,Life Expectancy,Both,Years,237.87000
4807019,Stettler County No. 6,2013,Life Expectancy,Both,Years,238.32000
4807019,Stettler County No. 6,2014,Life Expectancy,Both,Years,238.53000
4807019,Stettler County No. 6,2015,Life Expectancy,Both,Years,238.59000
4807019,Stettler County No. 6,2016,Life Expectancy,Both,Years,239.49000
4807019,Stettler County No. 6,2017,Life Expectancy,Both,Years,240.09000
4807019,Stettler County No. 6,2018,Life Expectancy,Both,Years,241.23000
4807019,Stettler County No. 6,2019,Life Expectancy,Both,Years,242.10000
4807019,Stettler County No. 6,2020,Life Expectancy,Both,Years,241.68000
4807019,Stettler County No. 6,2021,Life Expectancy,Both,Years,241.29000
4807019,Stettler County No. 6,2022,Life Expectancy,Both,Years,79.82000
4807021,Big Valley,2011,Life Expectancy,Female,Years,81.13000
4807021,Big Valley,2012,Life Expectancy,Female,Years,81.39000
4807021,Big Valley,2013,Life Expectancy,Female,Years,81.61000
4807021,Big Valley,2014,Life Expectancy,Female,Years,81.54000
4807021,Big Valley,2015,Life Expectancy,Female,Years,81.59000
4807021,Big Valley,2016,Life Expectancy,Female,Years,81.80000
4807021,Big Valley,2017,Life Expectancy,Female,Years,81.93000
4807021,Big Valley,2018,Life Expectancy,Female,Years,82.34000
4807021,Big Valley,2019,Life Expectancy,Female,Years,82.86000
4807021,Big Valley,2020,Life Expectancy,Female,Years,82.96000
4807021,Big Valley,2021,Life Expectancy,Female,Years,83.05000
4807021,Big Valley,2022,Life Expectancy,Female,Years,82.48000
4807021,Big Valley,2011,Life Expectancy,Male,Years,77.27000
4807021,Big Valley,2012,Life Expectancy,Male,Years,77.27000
4807021,Big Valley,2013,Life Expectancy,Male,Years,77.36000
4807021,Big Valley,2014,Life Expectancy,Male,Years,77.54000
4807021,Big Valley,2015,Life Expectancy,Male,Years,77.56000
4807021,Big Valley,2016,Life Expectancy,Male,Years,77.95000
4807021,Big Valley,2017,Life Expectancy,Male,Years,78.19000
4807021,Big Valley,2018,Life Expectancy,Male,Years,78.56000
4807021,Big Valley,2019,Life Expectancy,Male,Years,78.66000
4807021,Big Valley,2020,Life Expectancy,Male,Years,78.31000
4807021,Big Valley,2021,Life Expectancy,Male,Years,77.98000
4807021,Big Valley,2022,Life Expectancy,Male,Years,77.34000
4807021,Big Valley,2011,Life Expectancy,Both,Years,79.16000
4807021,Big Valley,2012,Life Expectancy,Both,Years,79.29000
4807021,Big Valley,2013,Life Expectancy,Both,Years,79.44000
4807021,Big Valley,2014,Life Expectancy,Both,Years,79.51000
4807021,Big Valley,2015,Life Expectancy,Both,Years,79.53000
4807021,Big Valley,2016,Life Expectancy,Both,Years,79.83000
4807021,Big Valley,2017,Life Expectancy,Both,Years,80.03000
4807021,Big Valley,2018,Life Expectancy,Both,Years,80.41000
4807021,Big Valley,2019,Life Expectancy,Both,Years,80.70000
4807021,Big Valley,2020,Life Expectancy,Both,Years,80.56000
4807021,Big Valley,2021,Life Expectancy,Both,Years,80.43000
4807021,Big Valley,2022,Life Expectancy,Both,Years,79.82000
4807026,Stettler,2011,Life Expectancy,Female,Years,81.13000
4807026,Stettler,2012,Life Expectancy,Female,Years,81.39000
4807026,Stettler,2013,Life Expectancy,Female,Years,81.61000
4807026,Stettler,2014,Life Expectancy,Female,Years,81.54000
4807026,Stettler,2015,Life Expectancy,Female,Years,81.59000
4807026,Stettler,2016,Life Expectancy,Female,Years,81.80000
4807026,Stettler,2017,Life Expectancy,Female,Years,81.93000
4807026,Stettler,2018,Life Expectancy,Female,Years,82.34000
4807026,Stettler,2019,Life Expectancy,Female,Years,82.86000
4807026,Stettler,2020,Life Expectancy,Female,Years,82.96000
4807026,Stettler,2021,Life Expectancy,Female,Years,83.05000
4807026,Stettler,2022,Life Expectancy,Female,Years,82.48000
4807026,Stettler,2011,Life Expectancy,Male,Years,77.27000
4807026,Stettler,2012,Life Expectancy,Male,Years,77.27000
4807026,Stettler,2013,Life Expectancy,Male,Years,77.36000
4807026,Stettler,2014,Life Expectancy,Male,Years,77.54000
4807026,Stettler,2015,Life Expectancy,Male,Years,77.56000
4807026,Stettler,2016,Life Expectancy,Male,Years,77.95000
4807026,Stettler,2017,Life Expectancy,Male,Years,78.19000
4807026,Stettler,2018,Life Expectancy,Male,Years,78.56000
4807026,Stettler,2019,Life Expectancy,Male,Years,78.66000
4807026,Stettler,2020,Life Expectancy,Male,Years,78.31000
4807026,Stettler,2021,Life Expectancy,Male,Years,77.98000
4807026,Stettler,2022,Life Expectancy,Male,Years,77.34000
4807026,Stettler,2011,Life Expectancy,Both,Years,79.16000
4807026,Stettler,2012,Life Expectancy,Both,Years,79.29000
4807026,Stettler,2013,Life Expectancy,Both,Years,79.44000
4807026,Stettler,2014,Life Expectancy,Both,Years,79.51000
4807026,Stettler,2015,Life Expectancy,Both,Years,79.53000
4807026,Stettler,2016,Life Expectancy,Both,Years,79.83000
4807026,Stettler,2017,Life Expectancy,Both,Years,80.03000
4807026,Stettler,2018,Life Expectancy,Both,Years,80.41000
4807026,Stettler,2019,Life Expectancy,Both,Years,80.70000
4807026,Stettler,2020,Life Expectancy,Both,Years,80.56000
4807026,Stettler,2021,Life Expectancy,Both,Years,80.43000
4807026,Stettler,2022,Life Expectancy,Both,Years,79.82000
4805044,Acme,2011,Life Expectancy,Female,Years,83.25000
4805044,Acme,2012,Life Expectancy,Female,Years,83.14000
4805044,Acme,2013,Life Expectancy,Female,Years,82.81000
4805044,Acme,2014,Life Expectancy,Female,Years,82.80000
4805044,Acme,2015,Life Expectancy,Female,Years,83.01000
4805044,Acme,2016,Life Expectancy,Female,Years,83.16000
4805044,Acme,2017,Life Expectancy,Female,Years,83.39000
4805044,Acme,2018,Life Expectancy,Female,Years,83.68000
4805044,Acme,2019,Life Expectancy,Female,Years,83.81000
4805044,Acme,2020,Life Expectancy,Female,Years,84.26000
4805044,Acme,2021,Life Expectancy,Female,Years,83.95000
4805044,Acme,2022,Life Expectancy,Female,Years,83.98000
4805044,Acme,2011,Life Expectancy,Male,Years,79.41000
4805044,Acme,2012,Life Expectancy,Male,Years,80.14000
4805044,Acme,2013,Life Expectancy,Male,Years,80.66000
4805044,Acme,2014,Life Expectancy,Male,Years,80.16000
4805044,Acme,2015,Life Expectancy,Male,Years,80.26000
4805044,Acme,2016,Life Expectancy,Male,Years,80.40000
4805044,Acme,2017,Life Expectancy,Male,Years,80.42000
4805044,Acme,2018,Life Expectancy,Male,Years,80.86000
4805044,Acme,2019,Life Expectancy,Male,Years,80.68000
4805044,Acme,2020,Life Expectancy,Male,Years,80.42000
4805044,Acme,2021,Life Expectancy,Male,Years,80.30000
4805044,Acme,2022,Life Expectancy,Male,Years,79.81000
4805044,Acme,2011,Life Expectancy,Both,Years,81.29000
4805044,Acme,2012,Life Expectancy,Both,Years,81.63000
4805044,Acme,2013,Life Expectancy,Both,Years,81.73000
4805044,Acme,2014,Life Expectancy,Both,Years,81.46000
4805044,Acme,2015,Life Expectancy,Both,Years,81.61000
4805044,Acme,2016,Life Expectancy,Both,Years,81.76000
4805044,Acme,2017,Life Expectancy,Both,Years,81.88000
4805044,Acme,2018,Life Expectancy,Both,Years,82.27000
4805044,Acme,2019,Life Expectancy,Both,Years,82.24000
4805044,Acme,2020,Life Expectancy,Both,Years,82.31000
4805044,Acme,2021,Life Expectancy,Both,Years,82.09000
4805044,Acme,2022,Life Expectancy,Both,Years,81.84000
4805046,Linden,2011,Life Expectancy,Female,Years,83.25000
4805046,Linden,2012,Life Expectancy,Female,Years,83.14000
4805046,Linden,2013,Life Expectancy,Female,Years,82.81000
4805046,Linden,2014,Life Expectancy,Female,Years,82.80000
4805046,Linden,2015,Life Expectancy,Female,Years,83.01000
4805046,Linden,2016,Life Expectancy,Female,Years,83.16000
4805046,Linden,2017,Life Expectancy,Female,Years,83.39000
4805046,Linden,2018,Life Expectancy,Female,Years,83.68000
4805046,Linden,2019,Life Expectancy,Female,Years,83.81000
4805046,Linden,2020,Life Expectancy,Female,Years,84.26000
4805046,Linden,2021,Life Expectancy,Female,Years,83.95000
4805046,Linden,2022,Life Expectancy,Female,Years,83.98000
4805046,Linden,2011,Life Expectancy,Male,Years,79.41000
4805046,Linden,2012,Life Expectancy,Male,Years,80.14000
4805046,Linden,2013,Life Expectancy,Male,Years,80.66000
4805046,Linden,2014,Life Expectancy,Male,Years,80.16000
4805046,Linden,2015,Life Expectancy,Male,Years,80.26000
4805046,Linden,2016,Life Expectancy,Male,Years,80.40000
4805046,Linden,2017,Life Expectancy,Male,Years,80.42000
4805046,Linden,2018,Life Expectancy,Male,Years,80.86000
4805046,Linden,2019,Life Expectancy,Male,Years,80.68000
4805046,Linden,2020,Life Expectancy,Male,Years,80.42000
4805046,Linden,2021,Life Expectancy,Male,Years,80.30000
4805046,Linden,2022,Life Expectancy,Male,Years,79.81000
4805046,Linden,2011,Life Expectancy,Both,Years,81.29000
4805046,Linden,2012,Life Expectancy,Both,Years,81.63000
4805046,Linden,2013,Life Expectancy,Both,Years,81.73000
4805046,Linden,2014,Life Expectancy,Both,Years,81.46000
4805046,Linden,2015,Life Expectancy,Both,Years,81.61000
4805046,Linden,2016,Life Expectancy,Both,Years,81.76000
4805046,Linden,2017,Life Expectancy,Both,Years,81.88000
4805046,Linden,2018,Life Expectancy,Both,Years,82.27000
4805046,Linden,2019,Life Expectancy,Both,Years,82.24000
4805046,Linden,2020,Life Expectancy,Both,Years,82.31000
4805046,Linden,2021,Life Expectancy,Both,Years,82.09000
4805046,Linden,2022,Life Expectancy,Both,Years,81.84000
4808022,Lacombe County,2011,Life Expectancy,Female,Years,83.31912
4808022,Lacombe County,2012,Life Expectancy,Female,Years,83.28762
4808022,Lacombe County,2013,Life Expectancy,Female,Years,83.35410
4808022,Lacombe County,2014,Life Expectancy,Female,Years,83.55562
4808022,Lacombe County,2015,Life Expectancy,Female,Years,83.45245
4808022,Lacombe County,2016,Life Expectancy,Female,Years,83.37579
4808022,Lacombe County,2017,Life Expectancy,Female,Years,83.30919
4808022,Lacombe County,2018,Life Expectancy,Female,Years,83.40479
4808022,Lacombe County,2019,Life Expectancy,Female,Years,83.33641
4808022,Lacombe County,2020,Life Expectancy,Female,Years,83.16567
4808022,Lacombe County,2021,Life Expectancy,Female,Years,83.37969
4808022,Lacombe County,2022,Life Expectancy,Female,Years,83.09202
4808022,Lacombe County,2011,Life Expectancy,Male,Years,78.05914
4808022,Lacombe County,2012,Life Expectancy,Male,Years,78.39096
4808022,Lacombe County,2013,Life Expectancy,Male,Years,78.57259
4808022,Lacombe County,2014,Life Expectancy,Male,Years,78.42254
4808022,Lacombe County,2015,Life Expectancy,Male,Years,78.58643
4808022,Lacombe County,2016,Life Expectancy,Male,Years,78.47368
4808022,Lacombe County,2017,Life Expectancy,Male,Years,78.70968
4808022,Lacombe County,2018,Life Expectancy,Male,Years,79.00622
4808022,Lacombe County,2019,Life Expectancy,Male,Years,79.01373
4808022,Lacombe County,2020,Life Expectancy,Male,Years,78.82574
4808022,Lacombe County,2021,Life Expectancy,Male,Years,78.64070
4808022,Lacombe County,2022,Life Expectancy,Male,Years,78.39450
4808022,Lacombe County,2011,Life Expectancy,Both,Years,80.58613
4808022,Lacombe County,2012,Life Expectancy,Both,Years,80.76640
4808022,Lacombe County,2013,Life Expectancy,Both,Years,80.88214
4808022,Lacombe County,2014,Life Expectancy,Both,Years,80.89532
4808022,Lacombe County,2015,Life Expectancy,Both,Years,80.93529
4808022,Lacombe County,2016,Life Expectancy,Both,Years,80.83199
4808022,Lacombe County,2017,Life Expectancy,Both,Years,80.92896
4808022,Lacombe County,2018,Life Expectancy,Both,Years,81.13111
4808022,Lacombe County,2019,Life Expectancy,Both,Years,81.10353
4808022,Lacombe County,2020,Life Expectancy,Both,Years,80.91529
4808022,Lacombe County,2021,Life Expectancy,Both,Years,80.91078
4808022,Lacombe County,2022,Life Expectancy,Both,Years,80.64893
4808004,Delburne,2011,Life Expectancy,Female,Years,84.15000
4808004,Delburne,2012,Life Expectancy,Female,Years,84.06000
4808004,Delburne,2013,Life Expectancy,Female,Years,84.20000
4808004,Delburne,2014,Life Expectancy,Female,Years,84.49000
4808004,Delburne,2015,Life Expectancy,Female,Years,84.32000
4808004,Delburne,2016,Life Expectancy,Female,Years,83.86000
4808004,Delburne,2017,Life Expectancy,Female,Years,83.69000
4808004,Delburne,2018,Life Expectancy,Female,Years,83.75000
4808004,Delburne,2019,Life Expectancy,Female,Years,83.66000
4808004,Delburne,2020,Life Expectancy,Female,Years,83.40000
4808004,Delburne,2021,Life Expectancy,Female,Years,83.43000
4808004,Delburne,2022,Life Expectancy,Female,Years,82.91000
4808004,Delburne,2011,Life Expectancy,Male,Years,77.98000
4808004,Delburne,2012,Life Expectancy,Male,Years,78.11000
4808004,Delburne,2013,Life Expectancy,Male,Years,78.45000
4808004,Delburne,2014,Life Expectancy,Male,Years,78.30000
4808004,Delburne,2015,Life Expectancy,Male,Years,78.59000
4808004,Delburne,2016,Life Expectancy,Male,Years,78.28000
4808004,Delburne,2017,Life Expectancy,Male,Years,78.59000
4808004,Delburne,2018,Life Expectancy,Male,Years,79.17000
4808004,Delburne,2019,Life Expectancy,Male,Years,79.37000
4808004,Delburne,2020,Life Expectancy,Male,Years,79.28000
4808004,Delburne,2021,Life Expectancy,Male,Years,78.93000
4808004,Delburne,2022,Life Expectancy,Male,Years,78.47000
4808004,Delburne,2011,Life Expectancy,Both,Years,80.78000
4808004,Delburne,2012,Life Expectancy,Both,Years,80.82000
4808004,Delburne,2013,Life Expectancy,Both,Years,81.05000
4808004,Delburne,2014,Life Expectancy,Both,Years,81.09000
4808004,Delburne,2015,Life Expectancy,Both,Years,81.20000
4808004,Delburne,2016,Life Expectancy,Both,Years,80.85000
4808004,Delburne,2017,Life Expectancy,Both,Years,80.94000
4808004,Delburne,2018,Life Expectancy,Both,Years,81.29000
4808004,Delburne,2019,Life Expectancy,Both,Years,81.38000
4808004,Delburne,2020,Life Expectancy,Both,Years,81.21000
4808004,Delburne,2021,Life Expectancy,Both,Years,81.02000
4808004,Delburne,2022,Life Expectancy,Both,Years,80.55000
4808005,Jarvis Bay,2011,Life Expectancy,Female,Years,83.73000
4808005,Jarvis Bay,2012,Life Expectancy,Female,Years,83.14000
4808005,Jarvis Bay,2013,Life Expectancy,Female,Years,82.85000
4808005,Jarvis Bay,2014,Life Expectancy,Female,Years,82.82000
4808005,Jarvis Bay,2015,Life Expectancy,Female,Years,83.07000
4808005,Jarvis Bay,2016,Life Expectancy,Female,Years,83.06000
4808005,Jarvis Bay,2017,Life Expectancy,Female,Years,83.24000
4808005,Jarvis Bay,2018,Life Expectancy,Female,Years,83.31000
4808005,Jarvis Bay,2019,Life Expectancy,Female,Years,82.95000
4808005,Jarvis Bay,2020,Life Expectancy,Female,Years,82.68000
4808005,Jarvis Bay,2021,Life Expectancy,Female,Years,83.34000
4808005,Jarvis Bay,2022,Life Expectancy,Female,Years,83.20000
4808005,Jarvis Bay,2011,Life Expectancy,Male,Years,78.03000
4808005,Jarvis Bay,2012,Life Expectancy,Male,Years,78.25000
4808005,Jarvis Bay,2013,Life Expectancy,Male,Years,78.35000
4808005,Jarvis Bay,2014,Life Expectancy,Male,Years,78.35000
4808005,Jarvis Bay,2015,Life Expectancy,Male,Years,78.51000
4808005,Jarvis Bay,2016,Life Expectancy,Male,Years,78.81000
4808005,Jarvis Bay,2017,Life Expectancy,Male,Years,78.70000
4808005,Jarvis Bay,2018,Life Expectancy,Male,Years,78.98000
4808005,Jarvis Bay,2019,Life Expectancy,Male,Years,78.79000
4808005,Jarvis Bay,2020,Life Expectancy,Male,Years,78.66000
4808005,Jarvis Bay,2021,Life Expectancy,Male,Years,78.53000
4808005,Jarvis Bay,2022,Life Expectancy,Male,Years,78.73000
4808005,Jarvis Bay,2011,Life Expectancy,Both,Years,80.90000
4808005,Jarvis Bay,2012,Life Expectancy,Both,Years,80.77000
4808005,Jarvis Bay,2013,Life Expectancy,Both,Years,80.70000
4808005,Jarvis Bay,2014,Life Expectancy,Both,Years,80.71000
4808005,Jarvis Bay,2015,Life Expectancy,Both,Years,80.88000
4808005,Jarvis Bay,2016,Life Expectancy,Both,Years,80.99000
4808005,Jarvis Bay,2017,Life Expectancy,Both,Years,81.00000
4808005,Jarvis Bay,2018,Life Expectancy,Both,Years,81.15000
4808005,Jarvis Bay,2019,Life Expectancy,Both,Years,80.87000
4808005,Jarvis Bay,2020,Life Expectancy,Both,Years,80.65000
4808005,Jarvis Bay,2021,Life Expectancy,Both,Years,80.89000
4808005,Jarvis Bay,2022,Life Expectancy,Both,Years,80.93000
4808006,Bowden,2011,Life Expectancy,Female,Years,82.44000
4808006,Bowden,2012,Life Expectancy,Female,Years,82.48000
4808006,Bowden,2013,Life Expectancy,Female,Years,83.18000
4808006,Bowden,2014,Life Expectancy,Female,Years,82.95000
4808006,Bowden,2015,Life Expectancy,Female,Years,83.33000
4808006,Bowden,2016,Life Expectancy,Female,Years,83.42000
4808006,Bowden,2017,Life Expectancy,Female,Years,83.00000
4808006,Bowden,2018,Life Expectancy,Female,Years,83.33000
4808006,Bowden,2019,Life Expectancy,Female,Years,83.21000
4808006,Bowden,2020,Life Expectancy,Female,Years,83.42000
4808006,Bowden,2021,Life Expectancy,Female,Years,83.51000
4808006,Bowden,2022,Life Expectancy,Female,Years,83.07000
4808006,Bowden,2023,Life Expectancy,Female,Years,82.86000
4808006,Bowden,2011,Life Expectancy,Male,Years,76.96000
4808006,Bowden,2012,Life Expectancy,Male,Years,77.45000
4808006,Bowden,2013,Life Expectancy,Male,Years,77.56000
4808006,Bowden,2014,Life Expectancy,Male,Years,77.66000
4808006,Bowden,2015,Life Expectancy,Male,Years,77.97000
4808006,Bowden,2016,Life Expectancy,Male,Years,77.82000
4808006,Bowden,2017,Life Expectancy,Male,Years,77.90000
4808006,Bowden,2018,Life Expectancy,Male,Years,77.95000
4808006,Bowden,2019,Life Expectancy,Male,Years,78.42000
4808006,Bowden,2020,Life Expectancy,Male,Years,78.63000
4808006,Bowden,2021,Life Expectancy,Male,Years,78.84000
4808006,Bowden,2022,Life Expectancy,Male,Years,78.71000
4808006,Bowden,2023,Life Expectancy,Male,Years,78.81000
4808006,Bowden,2011,Life Expectancy,Both,Years,79.55000
4808006,Bowden,2012,Life Expectancy,Both,Years,79.86000
4808006,Bowden,2013,Life Expectancy,Both,Years,80.23000
4808006,Bowden,2014,Life Expectancy,Both,Years,80.19000
4808006,Bowden,2015,Life Expectancy,Both,Years,80.53000
4808006,Bowden,2016,Life Expectancy,Both,Years,80.48000
4808006,Bowden,2017,Life Expectancy,Both,Years,80.33000
4808006,Bowden,2018,Life Expectancy,Both,Years,80.49000
4808006,Bowden,2019,Life Expectancy,Both,Years,80.70000
4808006,Bowden,2020,Life Expectancy,Both,Years,80.90000
4808006,Bowden,2021,Life Expectancy,Both,Years,81.07000
4808006,Bowden,2022,Life Expectancy,Both,Years,80.81000
4808006,Bowden,2023,Life Expectancy,Both,Years,80.78000
4808008,Innisfail,2011,Life Expectancy,Female,Years,82.44000
4808008,Innisfail,2012,Life Expectancy,Female,Years,82.48000
4808008,Innisfail,2013,Life Expectancy,Female,Years,83.18000
4808008,Innisfail,2014,Life Expectancy,Female,Years,82.95000
4808008,Innisfail,2015,Life Expectancy,Female,Years,83.33000
4808008,Innisfail,2016,Life Expectancy,Female,Years,83.42000
4808008,Innisfail,2017,Life Expectancy,Female,Years,83.00000
4808008,Innisfail,2018,Life Expectancy,Female,Years,83.33000
4808008,Innisfail,2019,Life Expectancy,Female,Years,83.21000
4808008,Innisfail,2020,Life Expectancy,Female,Years,83.42000
4808008,Innisfail,2021,Life Expectancy,Female,Years,83.51000
4808008,Innisfail,2022,Life Expectancy,Female,Years,83.07000
4808008,Innisfail,2011,Life Expectancy,Male,Years,76.96000
4808008,Innisfail,2012,Life Expectancy,Male,Years,77.45000
4808008,Innisfail,2013,Life Expectancy,Male,Years,77.56000
4808008,Innisfail,2014,Life Expectancy,Male,Years,77.66000
4808008,Innisfail,2015,Life Expectancy,Male,Years,77.97000
4808008,Innisfail,2016,Life Expectancy,Male,Years,77.82000
4808008,Innisfail,2017,Life Expectancy,Male,Years,77.90000
4808008,Innisfail,2018,Life Expectancy,Male,Years,77.95000
4808008,Innisfail,2019,Life Expectancy,Male,Years,78.42000
4808008,Innisfail,2020,Life Expectancy,Male,Years,78.63000
4808008,Innisfail,2021,Life Expectancy,Male,Years,78.84000
4808008,Innisfail,2022,Life Expectancy,Male,Years,78.71000
4808008,Innisfail,2011,Life Expectancy,Both,Years,79.55000
4808008,Innisfail,2012,Life Expectancy,Both,Years,79.86000
4808008,Innisfail,2013,Life Expectancy,Both,Years,80.23000
4808008,Innisfail,2014,Life Expectancy,Both,Years,80.19000
4808008,Innisfail,2015,Life Expectancy,Both,Years,80.53000
4808008,Innisfail,2016,Life Expectancy,Both,Years,80.48000
4808008,Innisfail,2017,Life Expectancy,Both,Years,80.33000
4808008,Innisfail,2018,Life Expectancy,Both,Years,80.49000
4808008,Innisfail,2019,Life Expectancy,Both,Years,80.70000
4808008,Innisfail,2020,Life Expectancy,Both,Years,80.90000
4808008,Innisfail,2021,Life Expectancy,Both,Years,81.07000
4808008,Innisfail,2022,Life Expectancy,Both,Years,80.81000
4808009,Penhold,2011,Life Expectancy,Female,Years,84.15000
4808009,Penhold,2012,Life Expectancy,Female,Years,84.06000
4808009,Penhold,2013,Life Expectancy,Female,Years,84.20000
4808009,Penhold,2014,Life Expectancy,Female,Years,84.49000
4808009,Penhold,2015,Life Expectancy,Female,Years,84.32000
4808009,Penhold,2016,Life Expectancy,Female,Years,83.86000
4808009,Penhold,2017,Life Expectancy,Female,Years,83.69000
4808009,Penhold,2018,Life Expectancy,Female,Years,83.75000
4808009,Penhold,2019,Life Expectancy,Female,Years,83.66000
4808009,Penhold,2020,Life Expectancy,Female,Years,83.40000
4808009,Penhold,2021,Life Expectancy,Female,Years,83.43000
4808009,Penhold,2022,Life Expectancy,Female,Years,82.91000
4808009,Penhold,2011,Life Expectancy,Male,Years,77.98000
4808009,Penhold,2012,Life Expectancy,Male,Years,78.11000
4808009,Penhold,2013,Life Expectancy,Male,Years,78.45000
4808009,Penhold,2014,Life Expectancy,Male,Years,78.30000
4808009,Penhold,2015,Life Expectancy,Male,Years,78.59000
4808009,Penhold,2016,Life Expectancy,Male,Years,78.28000
4808009,Penhold,2017,Life Expectancy,Male,Years,78.59000
4808009,Penhold,2018,Life Expectancy,Male,Years,79.17000
4808009,Penhold,2019,Life Expectancy,Male,Years,79.37000
4808009,Penhold,2020,Life Expectancy,Male,Years,79.28000
4808009,Penhold,2021,Life Expectancy,Male,Years,78.93000
4808009,Penhold,2022,Life Expectancy,Male,Years,78.47000
4808009,Penhold,2011,Life Expectancy,Both,Years,80.78000
4808009,Penhold,2012,Life Expectancy,Both,Years,80.82000
4808009,Penhold,2013,Life Expectancy,Both,Years,81.05000
4808009,Penhold,2014,Life Expectancy,Both,Years,81.09000
4808009,Penhold,2015,Life Expectancy,Both,Years,81.20000
4808009,Penhold,2016,Life Expectancy,Both,Years,80.85000
4808009,Penhold,2017,Life Expectancy,Both,Years,80.94000
4808009,Penhold,2018,Life Expectancy,Both,Years,81.29000
4808009,Penhold,2019,Life Expectancy,Both,Years,81.38000
4808009,Penhold,2020,Life Expectancy,Both,Years,81.21000
4808009,Penhold,2021,Life Expectancy,Both,Years,81.02000
4808009,Penhold,2022,Life Expectancy,Both,Years,80.55000
4808024,Eckville,2011,Life Expectancy,Female,Years,84.15000
4808024,Eckville,2012,Life Expectancy,Female,Years,84.06000
4808024,Eckville,2013,Life Expectancy,Female,Years,84.20000
4808024,Eckville,2014,Life Expectancy,Female,Years,84.49000
4808024,Eckville,2015,Life Expectancy,Female,Years,84.32000
4808024,Eckville,2016,Life Expectancy,Female,Years,83.86000
4808024,Eckville,2017,Life Expectancy,Female,Years,83.69000
4808024,Eckville,2018,Life Expectancy,Female,Years,83.75000
4808024,Eckville,2019,Life Expectancy,Female,Years,83.66000
4808024,Eckville,2020,Life Expectancy,Female,Years,83.40000
4808024,Eckville,2021,Life Expectancy,Female,Years,83.43000
4808024,Eckville,2022,Life Expectancy,Female,Years,82.91000
4808024,Eckville,2011,Life Expectancy,Male,Years,77.98000
4808024,Eckville,2012,Life Expectancy,Male,Years,78.11000
4808024,Eckville,2013,Life Expectancy,Male,Years,78.45000
4808024,Eckville,2014,Life Expectancy,Male,Years,78.30000
4808024,Eckville,2015,Life Expectancy,Male,Years,78.59000
4808024,Eckville,2016,Life Expectancy,Male,Years,78.28000
4808024,Eckville,2017,Life Expectancy,Male,Years,78.59000
4808024,Eckville,2018,Life Expectancy,Male,Years,79.17000
4808024,Eckville,2019,Life Expectancy,Male,Years,79.37000
4808024,Eckville,2020,Life Expectancy,Male,Years,79.28000
4808024,Eckville,2021,Life Expectancy,Male,Years,78.93000
4808024,Eckville,2022,Life Expectancy,Male,Years,78.47000
4808024,Eckville,2011,Life Expectancy,Both,Years,80.78000
4808024,Eckville,2012,Life Expectancy,Both,Years,80.82000
4808024,Eckville,2013,Life Expectancy,Both,Years,81.05000
4808024,Eckville,2014,Life Expectancy,Both,Years,81.09000
4808024,Eckville,2015,Life Expectancy,Both,Years,81.20000
4808024,Eckville,2016,Life Expectancy,Both,Years,80.85000
4808024,Eckville,2017,Life Expectancy,Both,Years,80.94000
4808024,Eckville,2018,Life Expectancy,Both,Years,81.29000
4808024,Eckville,2019,Life Expectancy,Both,Years,81.38000
4808024,Eckville,2020,Life Expectancy,Both,Years,81.21000
4808024,Eckville,2021,Life Expectancy,Both,Years,81.02000
4808024,Eckville,2022,Life Expectancy,Both,Years,80.55000
4808025,Half Moon Bay,2011,Life Expectancy,Female,Years,83.73000
4808025,Half Moon Bay,2012,Life Expectancy,Female,Years,83.14000
4808025,Half Moon Bay,2013,Life Expectancy,Female,Years,82.85000
4808025,Half Moon Bay,2014,Life Expectancy,Female,Years,82.82000
4808025,Half Moon Bay,2015,Life Expectancy,Female,Years,83.07000
4808025,Half Moon Bay,2016,Life Expectancy,Female,Years,83.06000
4808025,Half Moon Bay,2017,Life Expectancy,Female,Years,83.24000
4808025,Half Moon Bay,2018,Life Expectancy,Female,Years,83.31000
4808025,Half Moon Bay,2019,Life Expectancy,Female,Years,82.95000
4808025,Half Moon Bay,2020,Life Expectancy,Female,Years,82.68000
4808025,Half Moon Bay,2021,Life Expectancy,Female,Years,83.34000
4808025,Half Moon Bay,2022,Life Expectancy,Female,Years,83.20000
4808025,Half Moon Bay,2023,Life Expectancy,Female,Years,82.79000
4808025,Half Moon Bay,2011,Life Expectancy,Male,Years,78.03000
4808025,Half Moon Bay,2012,Life Expectancy,Male,Years,78.25000
4808025,Half Moon Bay,2013,Life Expectancy,Male,Years,78.35000
4808025,Half Moon Bay,2014,Life Expectancy,Male,Years,78.35000
4808025,Half Moon Bay,2015,Life Expectancy,Male,Years,78.51000
4808025,Half Moon Bay,2016,Life Expectancy,Male,Years,78.81000
4808025,Half Moon Bay,2017,Life Expectancy,Male,Years,78.70000
4808025,Half Moon Bay,2018,Life Expectancy,Male,Years,78.98000
4808025,Half Moon Bay,2019,Life Expectancy,Male,Years,78.79000
4808025,Half Moon Bay,2020,Life Expectancy,Male,Years,78.66000
4808025,Half Moon Bay,2021,Life Expectancy,Male,Years,78.53000
4808025,Half Moon Bay,2022,Life Expectancy,Male,Years,78.73000
4808025,Half Moon Bay,2023,Life Expectancy,Male,Years,78.99000
4808025,Half Moon Bay,2011,Life Expectancy,Both,Years,80.90000
4808025,Half Moon Bay,2012,Life Expectancy,Both,Years,80.77000
4808025,Half Moon Bay,2013,Life Expectancy,Both,Years,80.70000
4808025,Half Moon Bay,2014,Life Expectancy,Both,Years,80.71000
4808025,Half Moon Bay,2015,Life Expectancy,Both,Years,80.88000
4808025,Half Moon Bay,2016,Life Expectancy,Both,Years,80.99000
4808025,Half Moon Bay,2017,Life Expectancy,Both,Years,81.00000
4808025,Half Moon Bay,2018,Life Expectancy,Both,Years,81.15000
4808025,Half Moon Bay,2019,Life Expectancy,Both,Years,80.87000
4808025,Half Moon Bay,2020,Life Expectancy,Both,Years,80.65000
4808025,Half Moon Bay,2021,Life Expectancy,Both,Years,80.89000
4808025,Half Moon Bay,2022,Life Expectancy,Both,Years,80.93000
4808025,Half Moon Bay,2023,Life Expectancy,Both,Years,80.87000
4808026,Bentley,2011,Life Expectancy,Female,Years,80.86000
4808026,Bentley,2012,Life Expectancy,Female,Years,81.00000
4808026,Bentley,2013,Life Expectancy,Female,Years,81.35000
4808026,Bentley,2014,Life Expectancy,Female,Years,81.61000
4808026,Bentley,2015,Life Expectancy,Female,Years,81.40000
4808026,Bentley,2016,Life Expectancy,Female,Years,81.56000
4808026,Bentley,2017,Life Expectancy,Female,Years,81.09000
4808026,Bentley,2018,Life Expectancy,Female,Years,81.25000
4808026,Bentley,2019,Life Expectancy,Female,Years,81.45000
4808026,Bentley,2020,Life Expectancy,Female,Years,81.51000
4808026,Bentley,2021,Life Expectancy,Female,Years,81.84000
4808026,Bentley,2022,Life Expectancy,Female,Years,81.50000
4808026,Bentley,2023,Life Expectancy,Female,Years,81.22000
4808026,Bentley,2011,Life Expectancy,Male,Years,76.95000
4808026,Bentley,2012,Life Expectancy,Male,Years,77.22000
4808026,Bentley,2013,Life Expectancy,Male,Years,77.48000
4808026,Bentley,2014,Life Expectancy,Male,Years,77.09000
4808026,Bentley,2015,Life Expectancy,Male,Years,77.02000
4808026,Bentley,2016,Life Expectancy,Male,Years,76.82000
4808026,Bentley,2017,Life Expectancy,Male,Years,77.27000
4808026,Bentley,2018,Life Expectancy,Male,Years,76.98000
4808026,Bentley,2019,Life Expectancy,Male,Years,76.90000
4808026,Bentley,2020,Life Expectancy,Male,Years,76.72000
4808026,Bentley,2021,Life Expectancy,Male,Years,76.88000
4808026,Bentley,2022,Life Expectancy,Male,Years,76.93000
4808026,Bentley,2023,Life Expectancy,Male,Years,76.88000
4808026,Bentley,2011,Life Expectancy,Both,Years,78.82000
4808026,Bentley,2012,Life Expectancy,Both,Years,79.07000
4808026,Bentley,2013,Life Expectancy,Both,Years,79.36000
4808026,Bentley,2014,Life Expectancy,Both,Years,79.28000
4808026,Bentley,2015,Life Expectancy,Both,Years,79.13000
4808026,Bentley,2016,Life Expectancy,Both,Years,79.09000
4808026,Bentley,2017,Life Expectancy,Both,Years,79.13000
4808026,Bentley,2018,Life Expectancy,Both,Years,79.05000
4808026,Bentley,2019,Life Expectancy,Both,Years,79.07000
4808026,Bentley,2020,Life Expectancy,Both,Years,79.00000
4808026,Bentley,2021,Life Expectancy,Both,Years,79.22000
4808026,Bentley,2022,Life Expectancy,Both,Years,79.08000
4808026,Bentley,2023,Life Expectancy,Both,Years,78.94000
4808029,Blackfalds,2011,Life Expectancy,Female,Years,84.15000
4808029,Blackfalds,2012,Life Expectancy,Female,Years,84.06000
4808029,Blackfalds,2013,Life Expectancy,Female,Years,84.20000
4808029,Blackfalds,2014,Life Expectancy,Female,Years,84.49000
4808029,Blackfalds,2015,Life Expectancy,Female,Years,84.32000
4808029,Blackfalds,2016,Life Expectancy,Female,Years,83.86000
4808029,Blackfalds,2017,Life Expectancy,Female,Years,83.69000
4808029,Blackfalds,2018,Life Expectancy,Female,Years,83.75000
4808029,Blackfalds,2019,Life Expectancy,Female,Years,83.66000
4808029,Blackfalds,2020,Life Expectancy,Female,Years,83.40000
4808029,Blackfalds,2021,Life Expectancy,Female,Years,83.43000
4808029,Blackfalds,2022,Life Expectancy,Female,Years,82.91000
4808029,Blackfalds,2023,Life Expectancy,Female,Years,82.57000
4808029,Blackfalds,2011,Life Expectancy,Male,Years,77.98000
4808029,Blackfalds,2012,Life Expectancy,Male,Years,78.11000
4808029,Blackfalds,2013,Life Expectancy,Male,Years,78.45000
4808029,Blackfalds,2014,Life Expectancy,Male,Years,78.30000
4808029,Blackfalds,2015,Life Expectancy,Male,Years,78.59000
4808029,Blackfalds,2016,Life Expectancy,Male,Years,78.28000
4808029,Blackfalds,2017,Life Expectancy,Male,Years,78.59000
4808029,Blackfalds,2018,Life Expectancy,Male,Years,79.17000
4808029,Blackfalds,2019,Life Expectancy,Male,Years,79.37000
4808029,Blackfalds,2020,Life Expectancy,Male,Years,79.28000
4808029,Blackfalds,2021,Life Expectancy,Male,Years,78.93000
4808029,Blackfalds,2022,Life Expectancy,Male,Years,78.47000
4808029,Blackfalds,2023,Life Expectancy,Male,Years,78.29000
4808029,Blackfalds,2011,Life Expectancy,Both,Years,80.78000
4808029,Blackfalds,2012,Life Expectancy,Both,Years,80.82000
4808029,Blackfalds,2013,Life Expectancy,Both,Years,81.05000
4808029,Blackfalds,2014,Life Expectancy,Both,Years,81.09000
4808029,Blackfalds,2015,Life Expectancy,Both,Years,81.20000
4808029,Blackfalds,2016,Life Expectancy,Both,Years,80.85000
4808029,Blackfalds,2017,Life Expectancy,Both,Years,80.94000
4808029,Blackfalds,2018,Life Expectancy,Both,Years,81.29000
4808029,Blackfalds,2019,Life Expectancy,Both,Years,81.38000
4808029,Blackfalds,2020,Life Expectancy,Both,Years,81.21000
4808029,Blackfalds,2021,Life Expectancy,Both,Years,81.02000
4808029,Blackfalds,2022,Life Expectancy,Both,Years,80.55000
4808029,Blackfalds,2023,Life Expectancy,Both,Years,80.31000
4807028,Rochon Sands,2011,Life Expectancy,Female,Years,81.13000
4807028,Rochon Sands,2012,Life Expectancy,Female,Years,81.39000
4807028,Rochon Sands,2013,Life Expectancy,Female,Years,81.61000
4807028,Rochon Sands,2014,Life Expectancy,Female,Years,81.54000
4807028,Rochon Sands,2015,Life Expectancy,Female,Years,81.59000
4807028,Rochon Sands,2016,Life Expectancy,Female,Years,81.80000
4807028,Rochon Sands,2017,Life Expectancy,Female,Years,81.93000
4807028,Rochon Sands,2018,Life Expectancy,Female,Years,82.34000
4807028,Rochon Sands,2019,Life Expectancy,Female,Years,82.86000
4807028,Rochon Sands,2020,Life Expectancy,Female,Years,82.96000
4807028,Rochon Sands,2021,Life Expectancy,Female,Years,83.05000
4807028,Rochon Sands,2022,Life Expectancy,Female,Years,82.48000
4807028,Rochon Sands,2011,Life Expectancy,Male,Years,77.27000
4807028,Rochon Sands,2012,Life Expectancy,Male,Years,77.27000
4807028,Rochon Sands,2013,Life Expectancy,Male,Years,77.36000
4807028,Rochon Sands,2014,Life Expectancy,Male,Years,77.54000
4807028,Rochon Sands,2015,Life Expectancy,Male,Years,77.56000
4807028,Rochon Sands,2016,Life Expectancy,Male,Years,77.95000
4807028,Rochon Sands,2017,Life Expectancy,Male,Years,78.19000
4807028,Rochon Sands,2018,Life Expectancy,Male,Years,78.56000
4807028,Rochon Sands,2019,Life Expectancy,Male,Years,78.66000
4807028,Rochon Sands,2020,Life Expectancy,Male,Years,78.31000
4807028,Rochon Sands,2021,Life Expectancy,Male,Years,77.98000
4807028,Rochon Sands,2022,Life Expectancy,Male,Years,77.34000
4807028,Rochon Sands,2011,Life Expectancy,Both,Years,79.16000
4807028,Rochon Sands,2012,Life Expectancy,Both,Years,79.29000
4807028,Rochon Sands,2013,Life Expectancy,Both,Years,79.44000
4807028,Rochon Sands,2014,Life Expectancy,Both,Years,79.51000
4807028,Rochon Sands,2015,Life Expectancy,Both,Years,79.53000
4807028,Rochon Sands,2016,Life Expectancy,Both,Years,79.83000
4807028,Rochon Sands,2017,Life Expectancy,Both,Years,80.03000
4807028,Rochon Sands,2018,Life Expectancy,Both,Years,80.41000
4807028,Rochon Sands,2019,Life Expectancy,Both,Years,80.70000
4807028,Rochon Sands,2020,Life Expectancy,Both,Years,80.56000
4807028,Rochon Sands,2021,Life Expectancy,Both,Years,80.43000
4807028,Rochon Sands,2022,Life Expectancy,Both,Years,79.82000
4807029,Donalda,2011,Life Expectancy,Female,Years,81.13000
4807029,Donalda,2012,Life Expectancy,Female,Years,81.39000
4807029,Donalda,2013,Life Expectancy,Female,Years,81.61000
4807029,Donalda,2014,Life Expectancy,Female,Years,81.54000
4807029,Donalda,2015,Life Expectancy,Female,Years,81.59000
4807029,Donalda,2016,Life Expectancy,Female,Years,81.80000
4807029,Donalda,2017,Life Expectancy,Female,Years,81.93000
4807029,Donalda,2018,Life Expectancy,Female,Years,82.34000
4807029,Donalda,2019,Life Expectancy,Female,Years,82.86000
4807029,Donalda,2020,Life Expectancy,Female,Years,82.96000
4807029,Donalda,2021,Life Expectancy,Female,Years,83.05000
4807029,Donalda,2022,Life Expectancy,Female,Years,82.48000
4807029,Donalda,2023,Life Expectancy,Female,Years,82.08000
4807029,Donalda,2011,Life Expectancy,Male,Years,77.27000
4807029,Donalda,2012,Life Expectancy,Male,Years,77.27000
4807029,Donalda,2013,Life Expectancy,Male,Years,77.36000
4807029,Donalda,2014,Life Expectancy,Male,Years,77.54000
4807029,Donalda,2015,Life Expectancy,Male,Years,77.56000
4807029,Donalda,2016,Life Expectancy,Male,Years,77.95000
4807029,Donalda,2017,Life Expectancy,Male,Years,78.19000
4807029,Donalda,2018,Life Expectancy,Male,Years,78.56000
4807029,Donalda,2019,Life Expectancy,Male,Years,78.66000
4807029,Donalda,2020,Life Expectancy,Male,Years,78.31000
4807029,Donalda,2021,Life Expectancy,Male,Years,77.98000
4807029,Donalda,2022,Life Expectancy,Male,Years,77.34000
4807029,Donalda,2023,Life Expectancy,Male,Years,77.40000
4807029,Donalda,2011,Life Expectancy,Both,Years,79.16000
4807029,Donalda,2012,Life Expectancy,Both,Years,79.29000
4807029,Donalda,2013,Life Expectancy,Both,Years,79.44000
4807029,Donalda,2014,Life Expectancy,Both,Years,79.51000
4807029,Donalda,2015,Life Expectancy,Both,Years,79.53000
4807029,Donalda,2016,Life Expectancy,Both,Years,79.83000
4807029,Donalda,2017,Life Expectancy,Both,Years,80.03000
4807029,Donalda,2018,Life Expectancy,Both,Years,80.41000
4807029,Donalda,2019,Life Expectancy,Both,Years,80.70000
4807029,Donalda,2020,Life Expectancy,Both,Years,80.56000
4807029,Donalda,2021,Life Expectancy,Both,Years,80.43000
4807029,Donalda,2022,Life Expectancy,Both,Years,79.82000
4807029,Donalda,2023,Life Expectancy,Both,Years,79.66000
4807031,Flagstaff County,2011,Life Expectancy,Female,Years,83.30000
4807031,Flagstaff County,2012,Life Expectancy,Female,Years,82.91000
4807031,Flagstaff County,2013,Life Expectancy,Female,Years,82.53000
4807031,Flagstaff County,2014,Life Expectancy,Female,Years,82.05000
4807031,Flagstaff County,2015,Life Expectancy,Female,Years,81.85000
4807031,Flagstaff County,2016,Life Expectancy,Female,Years,81.76000
4807031,Flagstaff County,2017,Life Expectancy,Female,Years,81.61000
4807031,Flagstaff County,2018,Life Expectancy,Female,Years,81.41000
4807031,Flagstaff County,2019,Life Expectancy,Female,Years,80.85000
4807031,Flagstaff County,2020,Life Expectancy,Female,Years,80.91000
4807031,Flagstaff County,2021,Life Expectancy,Female,Years,81.57000
4807031,Flagstaff County,2022,Life Expectancy,Female,Years,82.33000
4807031,Flagstaff County,2011,Life Expectancy,Male,Years,77.95000
4807031,Flagstaff County,2012,Life Expectancy,Male,Years,78.03000
4807031,Flagstaff County,2013,Life Expectancy,Male,Years,77.70000
4807031,Flagstaff County,2014,Life Expectancy,Male,Years,77.55000
4807031,Flagstaff County,2015,Life Expectancy,Male,Years,77.86000
4807031,Flagstaff County,2016,Life Expectancy,Male,Years,77.68000
4807031,Flagstaff County,2017,Life Expectancy,Male,Years,77.90000
4807031,Flagstaff County,2018,Life Expectancy,Male,Years,77.93000
4807031,Flagstaff County,2019,Life Expectancy,Male,Years,77.84000
4807031,Flagstaff County,2020,Life Expectancy,Male,Years,77.32000
4807031,Flagstaff County,2021,Life Expectancy,Male,Years,77.06000
4807031,Flagstaff County,2022,Life Expectancy,Male,Years,76.91000
4807031,Flagstaff County,2011,Life Expectancy,Both,Years,80.52000
4807031,Flagstaff County,2012,Life Expectancy,Both,Years,80.39000
4807031,Flagstaff County,2013,Life Expectancy,Both,Years,80.00000
4807031,Flagstaff County,2014,Life Expectancy,Both,Years,79.70000
4807031,Flagstaff County,2015,Life Expectancy,Both,Years,79.73000
4807031,Flagstaff County,2016,Life Expectancy,Both,Years,79.58000
4807031,Flagstaff County,2017,Life Expectancy,Both,Years,79.60000
4807031,Flagstaff County,2018,Life Expectancy,Both,Years,79.55000
4807031,Flagstaff County,2019,Life Expectancy,Both,Years,79.24000
4807031,Flagstaff County,2020,Life Expectancy,Both,Years,78.98000
4807031,Flagstaff County,2021,Life Expectancy,Both,Years,79.14000
4807031,Flagstaff County,2022,Life Expectancy,Both,Years,79.40000
4807032,Alliance,2011,Life Expectancy,Female,Years,83.30000
4807032,Alliance,2012,Life Expectancy,Female,Years,82.91000
4807032,Alliance,2013,Life Expectancy,Female,Years,82.53000
4807032,Alliance,2014,Life Expectancy,Female,Years,82.05000
4807032,Alliance,2015,Life Expectancy,Female,Years,81.85000
4807032,Alliance,2016,Life Expectancy,Female,Years,81.76000
4807032,Alliance,2017,Life Expectancy,Female,Years,81.61000
4807032,Alliance,2018,Life Expectancy,Female,Years,81.41000
4807032,Alliance,2019,Life Expectancy,Female,Years,80.85000
4807032,Alliance,2020,Life Expectancy,Female,Years,80.91000
4807032,Alliance,2021,Life Expectancy,Female,Years,81.57000
4807032,Alliance,2022,Life Expectancy,Female,Years,82.33000
4807032,Alliance,2011,Life Expectancy,Male,Years,77.95000
4807032,Alliance,2012,Life Expectancy,Male,Years,78.03000
4807032,Alliance,2013,Life Expectancy,Male,Years,77.70000
4807032,Alliance,2014,Life Expectancy,Male,Years,77.55000
4807032,Alliance,2015,Life Expectancy,Male,Years,77.86000
4807032,Alliance,2016,Life Expectancy,Male,Years,77.68000
4807032,Alliance,2017,Life Expectancy,Male,Years,77.90000
4807032,Alliance,2018,Life Expectancy,Male,Years,77.93000
4807032,Alliance,2019,Life Expectancy,Male,Years,77.84000
4807032,Alliance,2020,Life Expectancy,Male,Years,77.32000
4807032,Alliance,2021,Life Expectancy,Male,Years,77.06000
4807032,Alliance,2022,Life Expectancy,Male,Years,76.91000
4807032,Alliance,2011,Life Expectancy,Both,Years,80.52000
4807032,Alliance,2012,Life Expectancy,Both,Years,80.39000
4807032,Alliance,2013,Life Expectancy,Both,Years,80.00000
4807032,Alliance,2014,Life Expectancy,Both,Years,79.70000
4807032,Alliance,2015,Life Expectancy,Both,Years,79.73000
4807032,Alliance,2016,Life Expectancy,Both,Years,79.58000
4807032,Alliance,2017,Life Expectancy,Both,Years,79.60000
4807032,Alliance,2018,Life Expectancy,Both,Years,79.55000
4807032,Alliance,2019,Life Expectancy,Both,Years,79.24000
4807032,Alliance,2020,Life Expectancy,Both,Years,78.98000
4807032,Alliance,2021,Life Expectancy,Both,Years,79.14000
4807032,Alliance,2022,Life Expectancy,Both,Years,79.40000
4807036,Forestburg,2011,Life Expectancy,Female,Years,83.30000
4807036,Forestburg,2012,Life Expectancy,Female,Years,82.91000
4807036,Forestburg,2013,Life Expectancy,Female,Years,82.53000
4807036,Forestburg,2014,Life Expectancy,Female,Years,82.05000
4807036,Forestburg,2015,Life Expectancy,Female,Years,81.85000
4807036,Forestburg,2016,Life Expectancy,Female,Years,81.76000
4807036,Forestburg,2017,Life Expectancy,Female,Years,81.61000
4807036,Forestburg,2018,Life Expectancy,Female,Years,81.41000
4807036,Forestburg,2019,Life Expectancy,Female,Years,80.85000
4807036,Forestburg,2020,Life Expectancy,Female,Years,80.91000
4807036,Forestburg,2021,Life Expectancy,Female,Years,81.57000
4807036,Forestburg,2022,Life Expectancy,Female,Years,82.33000
4807036,Forestburg,2011,Life Expectancy,Male,Years,77.95000
4807036,Forestburg,2012,Life Expectancy,Male,Years,78.03000
4807036,Forestburg,2013,Life Expectancy,Male,Years,77.70000
4807036,Forestburg,2014,Life Expectancy,Male,Years,77.55000
4807036,Forestburg,2015,Life Expectancy,Male,Years,77.86000
4807036,Forestburg,2016,Life Expectancy,Male,Years,77.68000
4807036,Forestburg,2017,Life Expectancy,Male,Years,77.90000
4807036,Forestburg,2018,Life Expectancy,Male,Years,77.93000
4807036,Forestburg,2019,Life Expectancy,Male,Years,77.84000
4807036,Forestburg,2020,Life Expectancy,Male,Years,77.32000
4807036,Forestburg,2021,Life Expectancy,Male,Years,77.06000
4807036,Forestburg,2022,Life Expectancy,Male,Years,76.91000
4807036,Forestburg,2011,Life Expectancy,Both,Years,80.52000
4807036,Forestburg,2012,Life Expectancy,Both,Years,80.39000
4807036,Forestburg,2013,Life Expectancy,Both,Years,80.00000
4807036,Forestburg,2014,Life Expectancy,Both,Years,79.70000
4807036,Forestburg,2015,Life Expectancy,Both,Years,79.73000
4807036,Forestburg,2016,Life Expectancy,Both,Years,79.58000
4807036,Forestburg,2017,Life Expectancy,Both,Years,79.60000
4807036,Forestburg,2018,Life Expectancy,Both,Years,79.55000
4807036,Forestburg,2019,Life Expectancy,Both,Years,79.24000
4807036,Forestburg,2020,Life Expectancy,Both,Years,78.98000
4807036,Forestburg,2021,Life Expectancy,Both,Years,79.14000
4807036,Forestburg,2022,Life Expectancy,Both,Years,79.40000
4807038,Heisler,2011,Life Expectancy,Female,Years,83.30000
4807038,Heisler,2012,Life Expectancy,Female,Years,82.91000
4807038,Heisler,2013,Life Expectancy,Female,Years,82.53000
4807038,Heisler,2014,Life Expectancy,Female,Years,82.05000
4807038,Heisler,2015,Life Expectancy,Female,Years,81.85000
4807038,Heisler,2016,Life Expectancy,Female,Years,81.76000
4807038,Heisler,2017,Life Expectancy,Female,Years,81.61000
4807038,Heisler,2018,Life Expectancy,Female,Years,81.41000
4807038,Heisler,2019,Life Expectancy,Female,Years,80.85000
4807038,Heisler,2020,Life Expectancy,Female,Years,80.91000
4807038,Heisler,2021,Life Expectancy,Female,Years,81.57000
4807038,Heisler,2022,Life Expectancy,Female,Years,82.33000
4807038,Heisler,2011,Life Expectancy,Male,Years,77.95000
4807038,Heisler,2012,Life Expectancy,Male,Years,78.03000
4807038,Heisler,2013,Life Expectancy,Male,Years,77.70000
4807038,Heisler,2014,Life Expectancy,Male,Years,77.55000
4807038,Heisler,2015,Life Expectancy,Male,Years,77.86000
4807038,Heisler,2016,Life Expectancy,Male,Years,77.68000
4807038,Heisler,2017,Life Expectancy,Male,Years,77.90000
4807038,Heisler,2018,Life Expectancy,Male,Years,77.93000
4807038,Heisler,2019,Life Expectancy,Male,Years,77.84000
4807038,Heisler,2020,Life Expectancy,Male,Years,77.32000
4807038,Heisler,2021,Life Expectancy,Male,Years,77.06000
4807038,Heisler,2022,Life Expectancy,Male,Years,76.91000
4807038,Heisler,2011,Life Expectancy,Both,Years,80.52000
4807038,Heisler,2012,Life Expectancy,Both,Years,80.39000
4807038,Heisler,2013,Life Expectancy,Both,Years,80.00000
4807038,Heisler,2014,Life Expectancy,Both,Years,79.70000
4807038,Heisler,2015,Life Expectancy,Both,Years,79.73000
4807038,Heisler,2016,Life Expectancy,Both,Years,79.58000
4807038,Heisler,2017,Life Expectancy,Both,Years,79.60000
4807038,Heisler,2018,Life Expectancy,Both,Years,79.55000
4807038,Heisler,2019,Life Expectancy,Both,Years,79.24000
4807038,Heisler,2020,Life Expectancy,Both,Years,78.98000
4807038,Heisler,2021,Life Expectancy,Both,Years,79.14000
4807038,Heisler,2022,Life Expectancy,Both,Years,79.40000
4811016,Leduc,2011,Life Expectancy,Female,Years,83.28000
4811016,Leduc,2012,Life Expectancy,Female,Years,83.31000
4811016,Leduc,2013,Life Expectancy,Female,Years,83.06000
4811016,Leduc,2014,Life Expectancy,Female,Years,82.79000
4811016,Leduc,2015,Life Expectancy,Female,Years,82.45000
4811016,Leduc,2016,Life Expectancy,Female,Years,82.35000
4811016,Leduc,2017,Life Expectancy,Female,Years,82.32000
4811016,Leduc,2018,Life Expectancy,Female,Years,82.45000
4811016,Leduc,2019,Life Expectancy,Female,Years,82.25000
4811016,Leduc,2020,Life Expectancy,Female,Years,82.49000
4811016,Leduc,2021,Life Expectancy,Female,Years,82.61000
4811016,Leduc,2022,Life Expectancy,Female,Years,82.66000
4811016,Leduc,2011,Life Expectancy,Male,Years,78.40000
4811016,Leduc,2012,Life Expectancy,Male,Years,78.78000
4811016,Leduc,2013,Life Expectancy,Male,Years,79.22000
4811016,Leduc,2014,Life Expectancy,Male,Years,79.04000
4811016,Leduc,2015,Life Expectancy,Male,Years,78.98000
4811016,Leduc,2016,Life Expectancy,Male,Years,79.01000
4811016,Leduc,2017,Life Expectancy,Male,Years,79.31000
4811016,Leduc,2018,Life Expectancy,Male,Years,79.46000
4811016,Leduc,2019,Life Expectancy,Male,Years,79.46000
4811016,Leduc,2020,Life Expectancy,Male,Years,79.35000
4811016,Leduc,2021,Life Expectancy,Male,Years,79.22000
4811016,Leduc,2022,Life Expectancy,Male,Years,79.15000
4811016,Leduc,2011,Life Expectancy,Both,Years,80.85000
4811016,Leduc,2012,Life Expectancy,Both,Years,81.07000
4811016,Leduc,2013,Life Expectancy,Both,Years,81.19000
4811016,Leduc,2014,Life Expectancy,Both,Years,80.96000
4811016,Leduc,2015,Life Expectancy,Both,Years,80.76000
4811016,Leduc,2016,Life Expectancy,Both,Years,80.72000
4811016,Leduc,2017,Life Expectancy,Both,Years,80.85000
4811016,Leduc,2018,Life Expectancy,Both,Years,80.99000
4811016,Leduc,2019,Life Expectancy,Both,Years,80.89000
4811016,Leduc,2020,Life Expectancy,Both,Years,80.93000
4811016,Leduc,2021,Life Expectancy,Both,Years,80.92000
4811016,Leduc,2022,Life Expectancy,Both,Years,80.91000
4807008,Amisk,2011,Life Expectancy,Female,Years,80.91000
4807008,Amisk,2012,Life Expectancy,Female,Years,81.12000
4807008,Amisk,2013,Life Expectancy,Female,Years,82.40000
4807008,Amisk,2014,Life Expectancy,Female,Years,82.83000
4807008,Amisk,2015,Life Expectancy,Female,Years,82.62000
4807008,Amisk,2016,Life Expectancy,Female,Years,83.30000
4807008,Amisk,2017,Life Expectancy,Female,Years,83.53000
4807008,Amisk,2018,Life Expectancy,Female,Years,83.37000
4807008,Amisk,2019,Life Expectancy,Female,Years,83.69000
4807008,Amisk,2020,Life Expectancy,Female,Years,83.32000
4807008,Amisk,2021,Life Expectancy,Female,Years,82.53000
4807008,Amisk,2022,Life Expectancy,Female,Years,82.63000
4807008,Amisk,2011,Life Expectancy,Male,Years,77.70000
4807008,Amisk,2012,Life Expectancy,Male,Years,78.99000
4807008,Amisk,2013,Life Expectancy,Male,Years,79.13000
4807008,Amisk,2014,Life Expectancy,Male,Years,78.54000
4807008,Amisk,2015,Life Expectancy,Male,Years,78.63000
4807008,Amisk,2016,Life Expectancy,Male,Years,78.17000
4807008,Amisk,2017,Life Expectancy,Male,Years,78.30000
4807008,Amisk,2018,Life Expectancy,Male,Years,79.23000
4807008,Amisk,2019,Life Expectancy,Male,Years,79.49000
4807008,Amisk,2020,Life Expectancy,Male,Years,79.18000
4807008,Amisk,2021,Life Expectancy,Male,Years,79.24000
4807008,Amisk,2022,Life Expectancy,Male,Years,78.68000
4807008,Amisk,2011,Life Expectancy,Both,Years,79.27000
4807008,Amisk,2012,Life Expectancy,Both,Years,80.06000
4807008,Amisk,2013,Life Expectancy,Both,Years,80.70000
4807008,Amisk,2014,Life Expectancy,Both,Years,80.54000
4807008,Amisk,2015,Life Expectancy,Both,Years,80.46000
4807008,Amisk,2016,Life Expectancy,Both,Years,80.51000
4807008,Amisk,2017,Life Expectancy,Both,Years,80.69000
4807008,Amisk,2018,Life Expectancy,Both,Years,81.14000
4807008,Amisk,2019,Life Expectancy,Both,Years,81.46000
4807008,Amisk,2020,Life Expectancy,Both,Years,81.10000
4807008,Amisk,2021,Life Expectancy,Both,Years,80.77000
4807008,Amisk,2022,Life Expectancy,Both,Years,80.52000
4807011,Paintearth County No. 18,2011,Life Expectancy,Female,Years,83.50000
4807011,Paintearth County No. 18,2012,Life Expectancy,Female,Years,83.70000
4807011,Paintearth County No. 18,2013,Life Expectancy,Female,Years,82.92000
4807011,Paintearth County No. 18,2014,Life Expectancy,Female,Years,82.31000
4807011,Paintearth County No. 18,2015,Life Expectancy,Female,Years,82.57000
4807011,Paintearth County No. 18,2016,Life Expectancy,Female,Years,81.81000
4807011,Paintearth County No. 18,2017,Life Expectancy,Female,Years,81.37000
4807011,Paintearth County No. 18,2018,Life Expectancy,Female,Years,81.42000
4807011,Paintearth County No. 18,2019,Life Expectancy,Female,Years,81.19000
4807011,Paintearth County No. 18,2020,Life Expectancy,Female,Years,81.17000
4807011,Paintearth County No. 18,2021,Life Expectancy,Female,Years,81.15000
4807011,Paintearth County No. 18,2022,Life Expectancy,Female,Years,81.28000
4807011,Paintearth County No. 18,2011,Life Expectancy,Male,Years,77.30000
4807011,Paintearth County No. 18,2012,Life Expectancy,Male,Years,76.62000
4807011,Paintearth County No. 18,2013,Life Expectancy,Male,Years,76.61000
4807011,Paintearth County No. 18,2014,Life Expectancy,Male,Years,76.68000
4807011,Paintearth County No. 18,2015,Life Expectancy,Male,Years,77.53000
4807011,Paintearth County No. 18,2016,Life Expectancy,Male,Years,77.64000
4807011,Paintearth County No. 18,2017,Life Expectancy,Male,Years,76.75000
4807011,Paintearth County No. 18,2018,Life Expectancy,Male,Years,77.07000
4807011,Paintearth County No. 18,2019,Life Expectancy,Male,Years,77.15000
4807011,Paintearth County No. 18,2020,Life Expectancy,Male,Years,77.26000
4807011,Paintearth County No. 18,2021,Life Expectancy,Male,Years,77.05000
4807011,Paintearth County No. 18,2022,Life Expectancy,Male,Years,76.98000
4807011,Paintearth County No. 18,2011,Life Expectancy,Both,Years,80.22000
4807011,Paintearth County No. 18,2012,Life Expectancy,Both,Years,79.94000
4807011,Paintearth County No. 18,2013,Life Expectancy,Both,Years,79.55000
4807011,Paintearth County No. 18,2014,Life Expectancy,Both,Years,79.30000
4807011,Paintearth County No. 18,2015,Life Expectancy,Both,Years,79.86000
4807011,Paintearth County No. 18,2016,Life Expectancy,Both,Years,79.60000
4807011,Paintearth County No. 18,2017,Life Expectancy,Both,Years,78.91000
4807011,Paintearth County No. 18,2018,Life Expectancy,Both,Years,79.12000
4807011,Paintearth County No. 18,2019,Life Expectancy,Both,Years,79.03000
4807011,Paintearth County No. 18,2020,Life Expectancy,Both,Years,79.11000
4807011,Paintearth County No. 18,2021,Life Expectancy,Both,Years,78.95000
4807011,Paintearth County No. 18,2022,Life Expectancy,Both,Years,78.99000
4807012,Coronation,2011,Life Expectancy,Female,Years,83.50000
4807012,Coronation,2012,Life Expectancy,Female,Years,83.70000
4807012,Coronation,2013,Life Expectancy,Female,Years,82.92000
4807012,Coronation,2014,Life Expectancy,Female,Years,82.31000
4807012,Coronation,2015,Life Expectancy,Female,Years,82.57000
4807012,Coronation,2016,Life Expectancy,Female,Years,81.81000
4807012,Coronation,2017,Life Expectancy,Female,Years,81.37000
4807012,Coronation,2018,Life Expectancy,Female,Years,81.42000
4807012,Coronation,2019,Life Expectancy,Female,Years,81.19000
4807012,Coronation,2020,Life Expectancy,Female,Years,81.17000
4807012,Coronation,2021,Life Expectancy,Female,Years,81.15000
4807012,Coronation,2022,Life Expectancy,Female,Years,81.28000
4807012,Coronation,2011,Life Expectancy,Male,Years,77.30000
4807012,Coronation,2012,Life Expectancy,Male,Years,76.62000
4807012,Coronation,2013,Life Expectancy,Male,Years,76.61000
4807012,Coronation,2014,Life Expectancy,Male,Years,76.68000
4807012,Coronation,2015,Life Expectancy,Male,Years,77.53000
4807012,Coronation,2016,Life Expectancy,Male,Years,77.64000
4807012,Coronation,2017,Life Expectancy,Male,Years,76.75000
4807012,Coronation,2018,Life Expectancy,Male,Years,77.07000
4807012,Coronation,2019,Life Expectancy,Male,Years,77.15000
4807012,Coronation,2020,Life Expectancy,Male,Years,77.26000
4807012,Coronation,2021,Life Expectancy,Male,Years,77.05000
4807012,Coronation,2022,Life Expectancy,Male,Years,76.98000
4807012,Coronation,2011,Life Expectancy,Both,Years,80.22000
4807012,Coronation,2012,Life Expectancy,Both,Years,79.94000
4807012,Coronation,2013,Life Expectancy,Both,Years,79.55000
4807012,Coronation,2014,Life Expectancy,Both,Years,79.30000
4807012,Coronation,2015,Life Expectancy,Both,Years,79.86000
4807012,Coronation,2016,Life Expectancy,Both,Years,79.60000
4807012,Coronation,2017,Life Expectancy,Both,Years,78.91000
4807012,Coronation,2018,Life Expectancy,Both,Years,79.12000
4807012,Coronation,2019,Life Expectancy,Both,Years,79.03000
4807012,Coronation,2020,Life Expectancy,Both,Years,79.11000
4807012,Coronation,2021,Life Expectancy,Both,Years,78.95000
4807012,Coronation,2022,Life Expectancy,Both,Years,78.99000
4807014,Castor,2011,Life Expectancy,Female,Years,83.50000
4807014,Castor,2012,Life Expectancy,Female,Years,83.70000
4807014,Castor,2013,Life Expectancy,Female,Years,82.92000
4807014,Castor,2014,Life Expectancy,Female,Years,82.31000
4807014,Castor,2015,Life Expectancy,Female,Years,82.57000
4807014,Castor,2016,Life Expectancy,Female,Years,81.81000
4807014,Castor,2017,Life Expectancy,Female,Years,81.37000
4807014,Castor,2018,Life Expectancy,Female,Years,81.42000
4807014,Castor,2019,Life Expectancy,Female,Years,81.19000
4807014,Castor,2020,Life Expectancy,Female,Years,81.17000
4807014,Castor,2021,Life Expectancy,Female,Years,81.15000
4807014,Castor,2022,Life Expectancy,Female,Years,81.28000
4807014,Castor,2011,Life Expectancy,Male,Years,77.30000
4807014,Castor,2012,Life Expectancy,Male,Years,76.62000
4807014,Castor,2013,Life Expectancy,Male,Years,76.61000
4807014,Castor,2014,Life Expectancy,Male,Years,76.68000
4807014,Castor,2015,Life Expectancy,Male,Years,77.53000
4807014,Castor,2016,Life Expectancy,Male,Years,77.64000
4807014,Castor,2017,Life Expectancy,Male,Years,76.75000
4807014,Castor,2018,Life Expectancy,Male,Years,77.07000
4807014,Castor,2019,Life Expectancy,Male,Years,77.15000
4807014,Castor,2020,Life Expectancy,Male,Years,77.26000
4807014,Castor,2021,Life Expectancy,Male,Years,77.05000
4807014,Castor,2022,Life Expectancy,Male,Years,76.98000
4807014,Castor,2011,Life Expectancy,Both,Years,80.22000
4807014,Castor,2012,Life Expectancy,Both,Years,79.94000
4807014,Castor,2013,Life Expectancy,Both,Years,79.55000
4807014,Castor,2014,Life Expectancy,Both,Years,79.30000
4807014,Castor,2015,Life Expectancy,Both,Years,79.86000
4807014,Castor,2016,Life Expectancy,Both,Years,79.60000
4807014,Castor,2017,Life Expectancy,Both,Years,78.91000
4807014,Castor,2018,Life Expectancy,Both,Years,79.12000
4807014,Castor,2019,Life Expectancy,Both,Years,79.03000
4807014,Castor,2020,Life Expectancy,Both,Years,79.11000
4807014,Castor,2021,Life Expectancy,Both,Years,78.95000
4807014,Castor,2022,Life Expectancy,Both,Years,78.99000
4807039,Daysland,2011,Life Expectancy,Female,Years,83.30000
4807039,Daysland,2012,Life Expectancy,Female,Years,82.91000
4807039,Daysland,2013,Life Expectancy,Female,Years,82.53000
4807039,Daysland,2014,Life Expectancy,Female,Years,82.05000
4807039,Daysland,2015,Life Expectancy,Female,Years,81.85000
4807039,Daysland,2016,Life Expectancy,Female,Years,81.76000
4807039,Daysland,2017,Life Expectancy,Female,Years,81.61000
4807039,Daysland,2018,Life Expectancy,Female,Years,81.41000
4807039,Daysland,2019,Life Expectancy,Female,Years,80.85000
4807039,Daysland,2020,Life Expectancy,Female,Years,80.91000
4807039,Daysland,2021,Life Expectancy,Female,Years,81.57000
4807039,Daysland,2022,Life Expectancy,Female,Years,82.33000
4807039,Daysland,2023,Life Expectancy,Female,Years,82.64000
4807039,Daysland,2011,Life Expectancy,Male,Years,77.95000
4807039,Daysland,2012,Life Expectancy,Male,Years,78.03000
4807039,Daysland,2013,Life Expectancy,Male,Years,77.70000
4807039,Daysland,2014,Life Expectancy,Male,Years,77.55000
4807039,Daysland,2015,Life Expectancy,Male,Years,77.86000
4807039,Daysland,2016,Life Expectancy,Male,Years,77.68000
4807039,Daysland,2017,Life Expectancy,Male,Years,77.90000
4807039,Daysland,2018,Life Expectancy,Male,Years,77.93000
4807039,Daysland,2019,Life Expectancy,Male,Years,77.84000
4807039,Daysland,2020,Life Expectancy,Male,Years,77.32000
4807039,Daysland,2021,Life Expectancy,Male,Years,77.06000
4807039,Daysland,2022,Life Expectancy,Male,Years,76.91000
4807039,Daysland,2023,Life Expectancy,Male,Years,77.11000
4807039,Daysland,2011,Life Expectancy,Both,Years,80.52000
4807039,Daysland,2012,Life Expectancy,Both,Years,80.39000
4807039,Daysland,2013,Life Expectancy,Both,Years,80.00000
4807039,Daysland,2014,Life Expectancy,Both,Years,79.70000
4807039,Daysland,2015,Life Expectancy,Both,Years,79.73000
4807039,Daysland,2016,Life Expectancy,Both,Years,79.58000
4807039,Daysland,2017,Life Expectancy,Both,Years,79.60000
4807039,Daysland,2018,Life Expectancy,Both,Years,79.55000
4807039,Daysland,2019,Life Expectancy,Both,Years,79.24000
4807039,Daysland,2020,Life Expectancy,Both,Years,78.98000
4807039,Daysland,2021,Life Expectancy,Both,Years,79.14000
4807039,Daysland,2022,Life Expectancy,Both,Years,79.40000
4807039,Daysland,2023,Life Expectancy,Both,Years,79.70000
4807042,Killam,2011,Life Expectancy,Female,Years,83.30000
4807042,Killam,2012,Life Expectancy,Female,Years,82.91000
4807042,Killam,2013,Life Expectancy,Female,Years,82.53000
4807042,Killam,2014,Life Expectancy,Female,Years,82.05000
4807042,Killam,2015,Life Expectancy,Female,Years,81.85000
4807042,Killam,2016,Life Expectancy,Female,Years,81.76000
4807042,Killam,2017,Life Expectancy,Female,Years,81.61000
4807042,Killam,2018,Life Expectancy,Female,Years,81.41000
4807042,Killam,2019,Life Expectancy,Female,Years,80.85000
4807042,Killam,2020,Life Expectancy,Female,Years,80.91000
4807042,Killam,2021,Life Expectancy,Female,Years,81.57000
4807042,Killam,2022,Life Expectancy,Female,Years,82.33000
4807042,Killam,2011,Life Expectancy,Male,Years,77.95000
4807042,Killam,2012,Life Expectancy,Male,Years,78.03000
4807042,Killam,2013,Life Expectancy,Male,Years,77.70000
4807042,Killam,2014,Life Expectancy,Male,Years,77.55000
4807042,Killam,2015,Life Expectancy,Male,Years,77.86000
4807042,Killam,2016,Life Expectancy,Male,Years,77.68000
4807042,Killam,2017,Life Expectancy,Male,Years,77.90000
4807042,Killam,2018,Life Expectancy,Male,Years,77.93000
4807042,Killam,2019,Life Expectancy,Male,Years,77.84000
4807042,Killam,2020,Life Expectancy,Male,Years,77.32000
4807042,Killam,2021,Life Expectancy,Male,Years,77.06000
4807042,Killam,2022,Life Expectancy,Male,Years,76.91000
4807042,Killam,2011,Life Expectancy,Both,Years,80.52000
4807042,Killam,2012,Life Expectancy,Both,Years,80.39000
4807042,Killam,2013,Life Expectancy,Both,Years,80.00000
4807042,Killam,2014,Life Expectancy,Both,Years,79.70000
4807042,Killam,2015,Life Expectancy,Both,Years,79.73000
4807042,Killam,2016,Life Expectancy,Both,Years,79.58000
4807042,Killam,2017,Life Expectancy,Both,Years,79.60000
4807042,Killam,2018,Life Expectancy,Both,Years,79.55000
4807042,Killam,2019,Life Expectancy,Both,Years,79.24000
4807042,Killam,2020,Life Expectancy,Both,Years,78.98000
4807042,Killam,2021,Life Expectancy,Both,Years,79.14000
4807042,Killam,2022,Life Expectancy,Both,Years,79.40000
4810001,Camrose County,2011,Life Expectancy,Female,Years,163.92000
4810001,Camrose County,2012,Life Expectancy,Female,Years,164.38000
4810001,Camrose County,2013,Life Expectancy,Female,Years,164.32000
4810001,Camrose County,2014,Life Expectancy,Female,Years,164.80000
4810001,Camrose County,2015,Life Expectancy,Female,Years,164.84000
4810001,Camrose County,2016,Life Expectancy,Female,Years,165.36000
4810001,Camrose County,2017,Life Expectancy,Female,Years,165.74000
4810001,Camrose County,2018,Life Expectancy,Female,Years,165.64000
4810001,Camrose County,2019,Life Expectancy,Female,Years,165.92000
4810001,Camrose County,2020,Life Expectancy,Female,Years,165.94000
4810001,Camrose County,2021,Life Expectancy,Female,Years,166.40000
4810001,Camrose County,2022,Life Expectancy,Female,Years,83.23000
4810001,Camrose County,2011,Life Expectancy,Male,Years,153.80000
4810001,Camrose County,2012,Life Expectancy,Male,Years,154.12000
4810001,Camrose County,2013,Life Expectancy,Male,Years,154.80000
4810001,Camrose County,2014,Life Expectancy,Male,Years,155.26000
4810001,Camrose County,2015,Life Expectancy,Male,Years,156.02000
4810001,Camrose County,2016,Life Expectancy,Male,Years,156.52000
4810001,Camrose County,2017,Life Expectancy,Male,Years,156.76000
4810001,Camrose County,2018,Life Expectancy,Male,Years,157.08000
4810001,Camrose County,2019,Life Expectancy,Male,Years,157.36000
4810001,Camrose County,2020,Life Expectancy,Male,Years,157.52000
4810001,Camrose County,2021,Life Expectancy,Male,Years,157.32000
4810001,Camrose County,2022,Life Expectancy,Male,Years,78.69000
4810001,Camrose County,2011,Life Expectancy,Both,Years,158.84000
4810001,Camrose County,2012,Life Expectancy,Both,Years,159.22000
4810001,Camrose County,2013,Life Expectancy,Both,Years,159.54000
4810001,Camrose County,2014,Life Expectancy,Both,Years,160.02000
4810001,Camrose County,2015,Life Expectancy,Both,Years,160.44000
4810001,Camrose County,2016,Life Expectancy,Both,Years,160.96000
4810001,Camrose County,2017,Life Expectancy,Both,Years,161.26000
4810001,Camrose County,2018,Life Expectancy,Both,Years,161.38000
4810001,Camrose County,2019,Life Expectancy,Both,Years,161.64000
4810001,Camrose County,2020,Life Expectancy,Both,Years,161.74000
4810001,Camrose County,2021,Life Expectancy,Both,Years,161.84000
4810001,Camrose County,2022,Life Expectancy,Both,Years,80.95000
4811056,Fort Saskatchewan,2011,Life Expectancy,Female,Years,82.71336
4811056,Fort Saskatchewan,2012,Life Expectancy,Female,Years,82.89961
4811056,Fort Saskatchewan,2013,Life Expectancy,Female,Years,83.02830
4811056,Fort Saskatchewan,2014,Life Expectancy,Female,Years,82.89765
4811056,Fort Saskatchewan,2015,Life Expectancy,Female,Years,82.97522
4811056,Fort Saskatchewan,2016,Life Expectancy,Female,Years,83.33768
4811056,Fort Saskatchewan,2017,Life Expectancy,Female,Years,83.63427
4811056,Fort Saskatchewan,2018,Life Expectancy,Female,Years,83.83046
4811056,Fort Saskatchewan,2019,Life Expectancy,Female,Years,84.09705
4811056,Fort Saskatchewan,2020,Life Expectancy,Female,Years,83.96958
4811056,Fort Saskatchewan,2021,Life Expectancy,Female,Years,84.04360
4811056,Fort Saskatchewan,2022,Life Expectancy,Female,Years,83.72236
4811056,Fort Saskatchewan,2023,Life Expectancy,Female,Years,83.49000
4811056,Fort Saskatchewan,2011,Life Expectancy,Male,Years,79.61420
4811056,Fort Saskatchewan,2012,Life Expectancy,Male,Years,79.67567
4811056,Fort Saskatchewan,2013,Life Expectancy,Male,Years,79.58702
4811056,Fort Saskatchewan,2014,Life Expectancy,Male,Years,79.53877
4811056,Fort Saskatchewan,2015,Life Expectancy,Male,Years,79.60130
4811056,Fort Saskatchewan,2016,Life Expectancy,Male,Years,79.56082
4811056,Fort Saskatchewan,2017,Life Expectancy,Male,Years,79.69937
4811056,Fort Saskatchewan,2018,Life Expectancy,Male,Years,79.73695
4811056,Fort Saskatchewan,2019,Life Expectancy,Male,Years,80.05086
4811056,Fort Saskatchewan,2020,Life Expectancy,Male,Years,80.04351
4811056,Fort Saskatchewan,2021,Life Expectancy,Male,Years,79.97663
4811056,Fort Saskatchewan,2022,Life Expectancy,Male,Years,79.82513
4811056,Fort Saskatchewan,2023,Life Expectancy,Male,Years,79.06000
4811056,Fort Saskatchewan,2011,Life Expectancy,Both,Years,81.14978
4811056,Fort Saskatchewan,2012,Life Expectancy,Both,Years,81.22366
4811056,Fort Saskatchewan,2013,Life Expectancy,Both,Years,81.26253
4811056,Fort Saskatchewan,2014,Life Expectancy,Both,Years,81.15741
4811056,Fort Saskatchewan,2015,Life Expectancy,Both,Years,81.22671
4811056,Fort Saskatchewan,2016,Life Expectancy,Both,Years,81.38332
4811056,Fort Saskatchewan,2017,Life Expectancy,Both,Years,81.57137
4811056,Fort Saskatchewan,2018,Life Expectancy,Both,Years,81.69878
4811056,Fort Saskatchewan,2019,Life Expectancy,Both,Years,81.99105
4811056,Fort Saskatchewan,2020,Life Expectancy,Both,Years,81.93703
4811056,Fort Saskatchewan,2021,Life Expectancy,Both,Years,81.94488
4811056,Fort Saskatchewan,2022,Life Expectancy,Both,Years,81.71188
4811056,Fort Saskatchewan,2023,Life Expectancy,Both,Years,81.26000
4811061,Edmonton,2011,Life Expectancy,Female,Years,83.22339
4811061,Edmonton,2012,Life Expectancy,Female,Years,83.36473
4811061,Edmonton,2013,Life Expectancy,Female,Years,83.51174
4811061,Edmonton,2014,Life Expectancy,Female,Years,83.62103
4811061,Edmonton,2015,Life Expectancy,Female,Years,83.76652
4811061,Edmonton,2016,Life Expectancy,Female,Years,83.93898
4811061,Edmonton,2017,Life Expectancy,Female,Years,84.04578
4811061,Edmonton,2018,Life Expectancy,Female,Years,84.15564
4811061,Edmonton,2019,Life Expectancy,Female,Years,84.27920
4811061,Edmonton,2020,Life Expectancy,Female,Years,84.18392
4811061,Edmonton,2021,Life Expectancy,Female,Years,84.15209
4811061,Edmonton,2022,Life Expectancy,Female,Years,84.05050
4811061,Edmonton,2023,Life Expectancy,Female,Years,83.95365
4811061,Edmonton,2011,Life Expectancy,Male,Years,78.49631
4811061,Edmonton,2012,Life Expectancy,Male,Years,78.65337
4811061,Edmonton,2013,Life Expectancy,Male,Years,78.74493
4811061,Edmonton,2014,Life Expectancy,Male,Years,78.90281
4811061,Edmonton,2015,Life Expectancy,Male,Years,79.04365
4811061,Edmonton,2016,Life Expectancy,Male,Years,79.22789
4811061,Edmonton,2017,Life Expectancy,Male,Years,79.36865
4811061,Edmonton,2018,Life Expectancy,Male,Years,79.46788
4811061,Edmonton,2019,Life Expectancy,Male,Years,79.60350
4811061,Edmonton,2020,Life Expectancy,Male,Years,79.49640
4811061,Edmonton,2021,Life Expectancy,Male,Years,79.33075
4811061,Edmonton,2022,Life Expectancy,Male,Years,79.16453
4811061,Edmonton,2023,Life Expectancy,Male,Years,79.06635
4811061,Edmonton,2011,Life Expectancy,Both,Years,80.89085
4811061,Edmonton,2012,Life Expectancy,Both,Years,81.03724
4811061,Edmonton,2013,Life Expectancy,Both,Years,81.15755
4811061,Edmonton,2014,Life Expectancy,Both,Years,81.29383
4811061,Edmonton,2015,Life Expectancy,Both,Years,81.43457
4811061,Edmonton,2016,Life Expectancy,Both,Years,81.61221
4811061,Edmonton,2017,Life Expectancy,Both,Years,81.73241
4811061,Edmonton,2018,Life Expectancy,Both,Years,81.83130
4811061,Edmonton,2019,Life Expectancy,Both,Years,81.96253
4811061,Edmonton,2020,Life Expectancy,Both,Years,81.85135
4811061,Edmonton,2021,Life Expectancy,Both,Years,81.74354
4811061,Edmonton,2022,Life Expectancy,Both,Years,81.59964
4811061,Edmonton,2023,Life Expectancy,Both,Years,81.48898
4806017,Chestermere,2011,Life Expectancy,Female,Years,84.74000
4806017,Chestermere,2012,Life Expectancy,Female,Years,85.03000
4806017,Chestermere,2013,Life Expectancy,Female,Years,85.01000
4806017,Chestermere,2014,Life Expectancy,Female,Years,85.12000
4806017,Chestermere,2015,Life Expectancy,Female,Years,84.76000
4806017,Chestermere,2016,Life Expectancy,Female,Years,85.10000
4806017,Chestermere,2017,Life Expectancy,Female,Years,85.39000
4806017,Chestermere,2018,Life Expectancy,Female,Years,85.45000
4806017,Chestermere,2019,Life Expectancy,Female,Years,85.20000
4806017,Chestermere,2020,Life Expectancy,Female,Years,85.27000
4806017,Chestermere,2021,Life Expectancy,Female,Years,85.15000
4806017,Chestermere,2022,Life Expectancy,Female,Years,85.28000
4806017,Chestermere,2011,Life Expectancy,Male,Years,81.41000
4806017,Chestermere,2012,Life Expectancy,Male,Years,80.93000
4806017,Chestermere,2013,Life Expectancy,Male,Years,80.74000
4806017,Chestermere,2014,Life Expectancy,Male,Years,80.60000
4806017,Chestermere,2015,Life Expectancy,Male,Years,80.74000
4806017,Chestermere,2016,Life Expectancy,Male,Years,81.01000
4806017,Chestermere,2017,Life Expectancy,Male,Years,81.21000
4806017,Chestermere,2018,Life Expectancy,Male,Years,81.03000
4806017,Chestermere,2019,Life Expectancy,Male,Years,81.67000
4806017,Chestermere,2020,Life Expectancy,Male,Years,81.35000
4806017,Chestermere,2021,Life Expectancy,Male,Years,81.08000
4806017,Chestermere,2022,Life Expectancy,Male,Years,81.29000
4806017,Chestermere,2011,Life Expectancy,Both,Years,83.00000
4806017,Chestermere,2012,Life Expectancy,Both,Years,82.92000
4806017,Chestermere,2013,Life Expectancy,Both,Years,82.80000
4806017,Chestermere,2014,Life Expectancy,Both,Years,82.77000
4806017,Chestermere,2015,Life Expectancy,Both,Years,82.67000
4806017,Chestermere,2016,Life Expectancy,Both,Years,82.99000
4806017,Chestermere,2017,Life Expectancy,Both,Years,83.27000
4806017,Chestermere,2018,Life Expectancy,Both,Years,83.22000
4806017,Chestermere,2019,Life Expectancy,Both,Years,83.45000
4806017,Chestermere,2020,Life Expectancy,Both,Years,83.34000
4806017,Chestermere,2021,Life Expectancy,Both,Years,83.16000
4806017,Chestermere,2022,Life Expectancy,Both,Years,83.34000
4802012,Lethbridge,2011,Life Expectancy,Female,Years,82.61650
4802012,Lethbridge,2012,Life Expectancy,Female,Years,82.74147
4802012,Lethbridge,2013,Life Expectancy,Female,Years,82.78583
4802012,Lethbridge,2014,Life Expectancy,Female,Years,82.58137
4802012,Lethbridge,2015,Life Expectancy,Female,Years,82.85319
4802012,Lethbridge,2016,Life Expectancy,Female,Years,82.73687
4802012,Lethbridge,2017,Life Expectancy,Female,Years,82.75426
4802012,Lethbridge,2018,Life Expectancy,Female,Years,83.08086
4802012,Lethbridge,2019,Life Expectancy,Female,Years,83.26632
4802012,Lethbridge,2020,Life Expectancy,Female,Years,83.18278
4802012,Lethbridge,2021,Life Expectancy,Female,Years,83.30019
4802012,Lethbridge,2022,Life Expectancy,Female,Years,83.22563
4802012,Lethbridge,2023,Life Expectancy,Female,Years,83.00305
4802012,Lethbridge,2011,Life Expectancy,Male,Years,78.69639
4802012,Lethbridge,2012,Life Expectancy,Male,Years,78.78789
4802012,Lethbridge,2013,Life Expectancy,Male,Years,78.96767
4802012,Lethbridge,2014,Life Expectancy,Male,Years,78.98656
4802012,Lethbridge,2015,Life Expectancy,Male,Years,79.16545
4802012,Lethbridge,2016,Life Expectancy,Male,Years,79.14125
4802012,Lethbridge,2017,Life Expectancy,Male,Years,79.09312
4802012,Lethbridge,2018,Life Expectancy,Male,Years,79.13123
4802012,Lethbridge,2019,Life Expectancy,Male,Years,79.22843
4802012,Lethbridge,2020,Life Expectancy,Male,Years,79.20160
4802012,Lethbridge,2021,Life Expectancy,Male,Years,78.98323
4802012,Lethbridge,2022,Life Expectancy,Male,Years,78.87315
4802012,Lethbridge,2023,Life Expectancy,Male,Years,78.52471
4802012,Lethbridge,2011,Life Expectancy,Both,Years,80.69145
4802012,Lethbridge,2012,Life Expectancy,Both,Years,80.79619
4802012,Lethbridge,2013,Life Expectancy,Both,Years,80.91015
4802012,Lethbridge,2014,Life Expectancy,Both,Years,80.81282
4802012,Lethbridge,2015,Life Expectancy,Both,Years,81.02849
4802012,Lethbridge,2016,Life Expectancy,Both,Years,80.95394
4802012,Lethbridge,2017,Life Expectancy,Both,Years,80.93571
4802012,Lethbridge,2018,Life Expectancy,Both,Years,81.10684
4802012,Lethbridge,2019,Life Expectancy,Both,Years,81.24917
4802012,Lethbridge,2020,Life Expectancy,Both,Years,81.20141
4802012,Lethbridge,2021,Life Expectancy,Both,Years,81.13501
4802012,Lethbridge,2022,Life Expectancy,Both,Years,81.02904
4802012,Lethbridge,2023,Life Expectancy,Both,Years,80.76325
4802013,Coalhurst,2011,Life Expectancy,Female,Years,82.90000
4802013,Coalhurst,2012,Life Expectancy,Female,Years,83.00000
4802013,Coalhurst,2013,Life Expectancy,Female,Years,83.09000
4802013,Coalhurst,2014,Life Expectancy,Female,Years,83.33000
4802013,Coalhurst,2015,Life Expectancy,Female,Years,83.65000
4802013,Coalhurst,2016,Life Expectancy,Female,Years,83.52000
4802013,Coalhurst,2017,Life Expectancy,Female,Years,83.38000
4802013,Coalhurst,2018,Life Expectancy,Female,Years,83.78000
4802013,Coalhurst,2019,Life Expectancy,Female,Years,83.89000
4802013,Coalhurst,2020,Life Expectancy,Female,Years,83.75000
4802013,Coalhurst,2021,Life Expectancy,Female,Years,83.82000
4802013,Coalhurst,2022,Life Expectancy,Female,Years,83.48000
4802013,Coalhurst,2011,Life Expectancy,Male,Years,79.29000
4802013,Coalhurst,2012,Life Expectancy,Male,Years,79.13000
4802013,Coalhurst,2013,Life Expectancy,Male,Years,79.39000
4802013,Coalhurst,2014,Life Expectancy,Male,Years,79.31000
4802013,Coalhurst,2015,Life Expectancy,Male,Years,79.49000
4802013,Coalhurst,2016,Life Expectancy,Male,Years,79.46000
4802013,Coalhurst,2017,Life Expectancy,Male,Years,79.44000
4802013,Coalhurst,2018,Life Expectancy,Male,Years,79.76000
4802013,Coalhurst,2019,Life Expectancy,Male,Years,80.05000
4802013,Coalhurst,2020,Life Expectancy,Male,Years,79.86000
4802013,Coalhurst,2021,Life Expectancy,Male,Years,79.78000
4802013,Coalhurst,2022,Life Expectancy,Male,Years,79.68000
4802013,Coalhurst,2011,Life Expectancy,Both,Years,81.03000
4802013,Coalhurst,2012,Life Expectancy,Both,Years,80.98000
4802013,Coalhurst,2013,Life Expectancy,Both,Years,81.16000
4802013,Coalhurst,2014,Life Expectancy,Both,Years,81.21000
4802013,Coalhurst,2015,Life Expectancy,Both,Years,81.44000
4802013,Coalhurst,2016,Life Expectancy,Both,Years,81.38000
4802013,Coalhurst,2017,Life Expectancy,Both,Years,81.31000
4802013,Coalhurst,2018,Life Expectancy,Both,Years,81.67000
4802013,Coalhurst,2019,Life Expectancy,Both,Years,81.88000
4802013,Coalhurst,2020,Life Expectancy,Both,Years,81.72000
4802013,Coalhurst,2021,Life Expectancy,Both,Years,81.70000
4802013,Coalhurst,2022,Life Expectancy,Both,Years,81.49000
4802014,Nobleford,2011,Life Expectancy,Female,Years,82.90000
4802014,Nobleford,2012,Life Expectancy,Female,Years,83.00000
4802014,Nobleford,2013,Life Expectancy,Female,Years,83.09000
4802014,Nobleford,2014,Life Expectancy,Female,Years,83.33000
4802014,Nobleford,2015,Life Expectancy,Female,Years,83.65000
4802014,Nobleford,2016,Life Expectancy,Female,Years,83.52000
4802014,Nobleford,2017,Life Expectancy,Female,Years,83.38000
4802014,Nobleford,2018,Life Expectancy,Female,Years,83.78000
4802014,Nobleford,2019,Life Expectancy,Female,Years,83.89000
4802014,Nobleford,2020,Life Expectancy,Female,Years,83.75000
4802014,Nobleford,2021,Life Expectancy,Female,Years,83.82000
4802014,Nobleford,2022,Life Expectancy,Female,Years,83.48000
4802014,Nobleford,2023,Life Expectancy,Female,Years,83.28000
4802014,Nobleford,2011,Life Expectancy,Male,Years,79.29000
4802014,Nobleford,2012,Life Expectancy,Male,Years,79.13000
4802014,Nobleford,2013,Life Expectancy,Male,Years,79.39000
4802014,Nobleford,2014,Life Expectancy,Male,Years,79.31000
4802014,Nobleford,2015,Life Expectancy,Male,Years,79.49000
4802014,Nobleford,2016,Life Expectancy,Male,Years,79.46000
4802014,Nobleford,2017,Life Expectancy,Male,Years,79.44000
4802014,Nobleford,2018,Life Expectancy,Male,Years,79.76000
4802014,Nobleford,2019,Life Expectancy,Male,Years,80.05000
4802014,Nobleford,2020,Life Expectancy,Male,Years,79.86000
4802014,Nobleford,2021,Life Expectancy,Male,Years,79.78000
4802014,Nobleford,2022,Life Expectancy,Male,Years,79.68000
4802014,Nobleford,2023,Life Expectancy,Male,Years,79.63000
4802014,Nobleford,2011,Life Expectancy,Both,Years,81.03000
4802014,Nobleford,2012,Life Expectancy,Both,Years,80.98000
4802014,Nobleford,2013,Life Expectancy,Both,Years,81.16000
4802014,Nobleford,2014,Life Expectancy,Both,Years,81.21000
4802014,Nobleford,2015,Life Expectancy,Both,Years,81.44000
4802014,Nobleford,2016,Life Expectancy,Both,Years,81.38000
4802014,Nobleford,2017,Life Expectancy,Both,Years,81.31000
4802014,Nobleford,2018,Life Expectancy,Both,Years,81.67000
4802014,Nobleford,2019,Life Expectancy,Both,Years,81.88000
4802014,Nobleford,2020,Life Expectancy,Both,Years,81.72000
4802014,Nobleford,2021,Life Expectancy,Both,Years,81.70000
4802014,Nobleford,2022,Life Expectancy,Both,Years,81.49000
4802014,Nobleford,2023,Life Expectancy,Both,Years,81.37000
4802036,Duchess,2011,Life Expectancy,Female,Years,83.11000
4802036,Duchess,2012,Life Expectancy,Female,Years,83.13000
4802036,Duchess,2013,Life Expectancy,Female,Years,82.91000
4802036,Duchess,2014,Life Expectancy,Female,Years,83.12000
4802036,Duchess,2015,Life Expectancy,Female,Years,83.74000
4802036,Duchess,2016,Life Expectancy,Female,Years,83.70000
4802036,Duchess,2017,Life Expectancy,Female,Years,83.77000
4802036,Duchess,2018,Life Expectancy,Female,Years,83.67000
4802036,Duchess,2019,Life Expectancy,Female,Years,83.47000
4802036,Duchess,2020,Life Expectancy,Female,Years,83.48000
4802036,Duchess,2021,Life Expectancy,Female,Years,83.53000
4802036,Duchess,2022,Life Expectancy,Female,Years,83.19000
4802036,Duchess,2011,Life Expectancy,Male,Years,77.91000
4802036,Duchess,2012,Life Expectancy,Male,Years,78.12000
4802036,Duchess,2013,Life Expectancy,Male,Years,78.27000
4802036,Duchess,2014,Life Expectancy,Male,Years,78.52000
4802036,Duchess,2015,Life Expectancy,Male,Years,79.07000
4802036,Duchess,2016,Life Expectancy,Male,Years,79.20000
4802036,Duchess,2017,Life Expectancy,Male,Years,79.16000
4802036,Duchess,2018,Life Expectancy,Male,Years,79.12000
4802036,Duchess,2019,Life Expectancy,Male,Years,79.29000
4802036,Duchess,2020,Life Expectancy,Male,Years,79.21000
4802036,Duchess,2021,Life Expectancy,Male,Years,78.98000
4802036,Duchess,2022,Life Expectancy,Male,Years,78.68000
4802036,Duchess,2011,Life Expectancy,Both,Years,80.39000
4802036,Duchess,2012,Life Expectancy,Both,Years,80.51000
4802036,Duchess,2013,Life Expectancy,Both,Years,80.51000
4802036,Duchess,2014,Life Expectancy,Both,Years,80.74000
4802036,Duchess,2015,Life Expectancy,Both,Years,81.32000
4802036,Duchess,2016,Life Expectancy,Both,Years,81.37000
4802036,Duchess,2017,Life Expectancy,Both,Years,81.38000
4802036,Duchess,2018,Life Expectancy,Both,Years,81.29000
4802036,Duchess,2019,Life Expectancy,Both,Years,81.28000
4802036,Duchess,2020,Life Expectancy,Both,Years,81.25000
4802036,Duchess,2021,Life Expectancy,Both,Years,81.14000
4802036,Duchess,2022,Life Expectancy,Both,Years,80.80000
4802038,Rosemary,2011,Life Expectancy,Female,Years,83.11000
4802038,Rosemary,2012,Life Expectancy,Female,Years,83.13000
4802038,Rosemary,2013,Life Expectancy,Female,Years,82.91000
4802038,Rosemary,2014,Life Expectancy,Female,Years,83.12000
4802038,Rosemary,2015,Life Expectancy,Female,Years,83.74000
4802038,Rosemary,2016,Life Expectancy,Female,Years,83.70000
4802038,Rosemary,2017,Life Expectancy,Female,Years,83.77000
4802038,Rosemary,2018,Life Expectancy,Female,Years,83.67000
4802038,Rosemary,2019,Life Expectancy,Female,Years,83.47000
4802038,Rosemary,2020,Life Expectancy,Female,Years,83.48000
4802038,Rosemary,2021,Life Expectancy,Female,Years,83.53000
4802038,Rosemary,2022,Life Expectancy,Female,Years,83.19000
4802038,Rosemary,2011,Life Expectancy,Male,Years,77.91000
4802038,Rosemary,2012,Life Expectancy,Male,Years,78.12000
4802038,Rosemary,2013,Life Expectancy,Male,Years,78.27000
4802038,Rosemary,2014,Life Expectancy,Male,Years,78.52000
4802038,Rosemary,2015,Life Expectancy,Male,Years,79.07000
4802038,Rosemary,2016,Life Expectancy,Male,Years,79.20000
4802038,Rosemary,2017,Life Expectancy,Male,Years,79.16000
4802038,Rosemary,2018,Life Expectancy,Male,Years,79.12000
4802038,Rosemary,2019,Life Expectancy,Male,Years,79.29000
4802038,Rosemary,2020,Life Expectancy,Male,Years,79.21000
4802038,Rosemary,2021,Life Expectancy,Male,Years,78.98000
4802038,Rosemary,2022,Life Expectancy,Male,Years,78.68000
4802038,Rosemary,2011,Life Expectancy,Both,Years,80.39000
4802038,Rosemary,2012,Life Expectancy,Both,Years,80.51000
4802038,Rosemary,2013,Life Expectancy,Both,Years,80.51000
4802038,Rosemary,2014,Life Expectancy,Both,Years,80.74000
4802038,Rosemary,2015,Life Expectancy,Both,Years,81.32000
4802038,Rosemary,2016,Life Expectancy,Both,Years,81.37000
4802038,Rosemary,2017,Life Expectancy,Both,Years,81.38000
4802038,Rosemary,2018,Life Expectancy,Both,Years,81.29000
4802038,Rosemary,2019,Life Expectancy,Both,Years,81.28000
4802038,Rosemary,2020,Life Expectancy,Both,Years,81.25000
4802038,Rosemary,2021,Life Expectancy,Both,Years,81.14000
4802038,Rosemary,2022,Life Expectancy,Both,Years,80.80000
4802039,Bassano,2011,Life Expectancy,Female,Years,83.11000
4802039,Bassano,2012,Life Expectancy,Female,Years,83.13000
4802039,Bassano,2013,Life Expectancy,Female,Years,82.91000
4802039,Bassano,2014,Life Expectancy,Female,Years,83.12000
4802039,Bassano,2015,Life Expectancy,Female,Years,83.74000
4802039,Bassano,2016,Life Expectancy,Female,Years,83.70000
4802039,Bassano,2017,Life Expectancy,Female,Years,83.77000
4802039,Bassano,2018,Life Expectancy,Female,Years,83.67000
4802039,Bassano,2019,Life Expectancy,Female,Years,83.47000
4802039,Bassano,2020,Life Expectancy,Female,Years,83.48000
4802039,Bassano,2021,Life Expectancy,Female,Years,83.53000
4802039,Bassano,2022,Life Expectancy,Female,Years,83.19000
4802039,Bassano,2023,Life Expectancy,Female,Years,83.25000
4802039,Bassano,2011,Life Expectancy,Male,Years,77.91000
4802039,Bassano,2012,Life Expectancy,Male,Years,78.12000
4802039,Bassano,2013,Life Expectancy,Male,Years,78.27000
4802039,Bassano,2014,Life Expectancy,Male,Years,78.52000
4802039,Bassano,2015,Life Expectancy,Male,Years,79.07000
4802039,Bassano,2016,Life Expectancy,Male,Years,79.20000
4802039,Bassano,2017,Life Expectancy,Male,Years,79.16000
4802039,Bassano,2018,Life Expectancy,Male,Years,79.12000
4802039,Bassano,2019,Life Expectancy,Male,Years,79.29000
4802039,Bassano,2020,Life Expectancy,Male,Years,79.21000
4802039,Bassano,2021,Life Expectancy,Male,Years,78.98000
4802039,Bassano,2022,Life Expectancy,Male,Years,78.68000
4802039,Bassano,2023,Life Expectancy,Male,Years,78.71000
4802039,Bassano,2011,Life Expectancy,Both,Years,80.39000
4802039,Bassano,2012,Life Expectancy,Both,Years,80.51000
4802039,Bassano,2013,Life Expectancy,Both,Years,80.51000
4802039,Bassano,2014,Life Expectancy,Both,Years,80.74000
4802039,Bassano,2015,Life Expectancy,Both,Years,81.32000
4802039,Bassano,2016,Life Expectancy,Both,Years,81.37000
4802039,Bassano,2017,Life Expectancy,Both,Years,81.38000
4802039,Bassano,2018,Life Expectancy,Both,Years,81.29000
4802039,Bassano,2019,Life Expectancy,Both,Years,81.28000
4802039,Bassano,2020,Life Expectancy,Both,Years,81.25000
4802039,Bassano,2021,Life Expectancy,Both,Years,81.14000
4802039,Bassano,2022,Life Expectancy,Both,Years,80.80000
4802039,Bassano,2023,Life Expectancy,Both,Years,80.85000
4803001,Cardston County,2011,Life Expectancy,Female,Years,78.93000
4803001,Cardston County,2012,Life Expectancy,Female,Years,79.66000
4803001,Cardston County,2013,Life Expectancy,Female,Years,79.66000
4803001,Cardston County,2014,Life Expectancy,Female,Years,79.57000
4803001,Cardston County,2015,Life Expectancy,Female,Years,79.19000
4803001,Cardston County,2016,Life Expectancy,Female,Years,79.20000
4803001,Cardston County,2017,Life Expectancy,Female,Years,79.27000
4803001,Cardston County,2018,Life Expectancy,Female,Years,79.19000
4803001,Cardston County,2019,Life Expectancy,Female,Years,78.71000
4803001,Cardston County,2020,Life Expectancy,Female,Years,77.61000
4803001,Cardston County,2021,Life Expectancy,Female,Years,76.80000
4803001,Cardston County,2022,Life Expectancy,Female,Years,74.84000
4803001,Cardston County,2011,Life Expectancy,Male,Years,73.49000
4803001,Cardston County,2012,Life Expectancy,Male,Years,73.83000
4803001,Cardston County,2013,Life Expectancy,Male,Years,74.32000
4803001,Cardston County,2014,Life Expectancy,Male,Years,74.39000
4803001,Cardston County,2015,Life Expectancy,Male,Years,74.69000
4803001,Cardston County,2016,Life Expectancy,Male,Years,74.31000
4803001,Cardston County,2017,Life Expectancy,Male,Years,74.15000
4803001,Cardston County,2018,Life Expectancy,Male,Years,74.17000
4803001,Cardston County,2019,Life Expectancy,Male,Years,73.97000
4803001,Cardston County,2020,Life Expectancy,Male,Years,72.73000
4803001,Cardston County,2021,Life Expectancy,Male,Years,71.66000
4803001,Cardston County,2022,Life Expectancy,Male,Years,70.70000
4803001,Cardston County,2011,Life Expectancy,Both,Years,76.16000
4803001,Cardston County,2012,Life Expectancy,Both,Years,76.68000
4803001,Cardston County,2013,Life Expectancy,Both,Years,76.96000
4803001,Cardston County,2014,Life Expectancy,Both,Years,76.95000
4803001,Cardston County,2015,Life Expectancy,Both,Years,76.94000
4803001,Cardston County,2016,Life Expectancy,Both,Years,76.73000
4803001,Cardston County,2017,Life Expectancy,Both,Years,76.68000
4803001,Cardston County,2018,Life Expectancy,Both,Years,76.65000
4803001,Cardston County,2019,Life Expectancy,Both,Years,76.33000
4803001,Cardston County,2020,Life Expectancy,Both,Years,75.15000
4803001,Cardston County,2021,Life Expectancy,Both,Years,74.18000
4803001,Cardston County,2022,Life Expectancy,Both,Years,72.75000
4803002,Magrath,2011,Life Expectancy,Female,Years,78.93000
4803002,Magrath,2012,Life Expectancy,Female,Years,79.66000
4803002,Magrath,2013,Life Expectancy,Female,Years,79.66000
4803002,Magrath,2014,Life Expectancy,Female,Years,79.57000
4803002,Magrath,2015,Life Expectancy,Female,Years,79.19000
4803002,Magrath,2016,Life Expectancy,Female,Years,79.20000
4803002,Magrath,2017,Life Expectancy,Female,Years,79.27000
4803002,Magrath,2018,Life Expectancy,Female,Years,79.19000
4803002,Magrath,2019,Life Expectancy,Female,Years,78.71000
4803002,Magrath,2020,Life Expectancy,Female,Years,77.61000
4803002,Magrath,2021,Life Expectancy,Female,Years,76.80000
4803002,Magrath,2022,Life Expectancy,Female,Years,74.84000
4803002,Magrath,2011,Life Expectancy,Male,Years,73.49000
4803002,Magrath,2012,Life Expectancy,Male,Years,73.83000
4803002,Magrath,2013,Life Expectancy,Male,Years,74.32000
4803002,Magrath,2014,Life Expectancy,Male,Years,74.39000
4803002,Magrath,2015,Life Expectancy,Male,Years,74.69000
4803002,Magrath,2016,Life Expectancy,Male,Years,74.31000
4803002,Magrath,2017,Life Expectancy,Male,Years,74.15000
4803002,Magrath,2018,Life Expectancy,Male,Years,74.17000
4803002,Magrath,2019,Life Expectancy,Male,Years,73.97000
4803002,Magrath,2020,Life Expectancy,Male,Years,72.73000
4803002,Magrath,2021,Life Expectancy,Male,Years,71.66000
4803002,Magrath,2022,Life Expectancy,Male,Years,70.70000
4803002,Magrath,2011,Life Expectancy,Both,Years,76.16000
4803002,Magrath,2012,Life Expectancy,Both,Years,76.68000
4803002,Magrath,2013,Life Expectancy,Both,Years,76.96000
4803002,Magrath,2014,Life Expectancy,Both,Years,76.95000
4803002,Magrath,2015,Life Expectancy,Both,Years,76.94000
4803002,Magrath,2016,Life Expectancy,Both,Years,76.73000
4803002,Magrath,2017,Life Expectancy,Both,Years,76.68000
4803002,Magrath,2018,Life Expectancy,Both,Years,76.65000
4803002,Magrath,2019,Life Expectancy,Both,Years,76.33000
4803002,Magrath,2020,Life Expectancy,Both,Years,75.15000
4803002,Magrath,2021,Life Expectancy,Both,Years,74.18000
4803002,Magrath,2022,Life Expectancy,Both,Years,72.75000
4803003,Improvement District No.  4 Waterton,2011,Life Expectancy,Female,Years,78.93000
4803003,Improvement District No.  4 Waterton,2012,Life Expectancy,Female,Years,79.66000
4803003,Improvement District No.  4 Waterton,2013,Life Expectancy,Female,Years,79.66000
4803003,Improvement District No.  4 Waterton,2014,Life Expectancy,Female,Years,79.57000
4803003,Improvement District No.  4 Waterton,2015,Life Expectancy,Female,Years,79.19000
4803003,Improvement District No.  4 Waterton,2016,Life Expectancy,Female,Years,79.20000
4803003,Improvement District No.  4 Waterton,2017,Life Expectancy,Female,Years,79.27000
4803003,Improvement District No.  4 Waterton,2018,Life Expectancy,Female,Years,79.19000
4803003,Improvement District No.  4 Waterton,2019,Life Expectancy,Female,Years,78.71000
4803003,Improvement District No.  4 Waterton,2020,Life Expectancy,Female,Years,77.61000
4803003,Improvement District No.  4 Waterton,2021,Life Expectancy,Female,Years,76.80000
4803003,Improvement District No.  4 Waterton,2022,Life Expectancy,Female,Years,74.84000
4803003,Improvement District No.  4 Waterton,2011,Life Expectancy,Male,Years,73.49000
4803003,Improvement District No.  4 Waterton,2012,Life Expectancy,Male,Years,73.83000
4803003,Improvement District No.  4 Waterton,2013,Life Expectancy,Male,Years,74.32000
4803003,Improvement District No.  4 Waterton,2014,Life Expectancy,Male,Years,74.39000
4803003,Improvement District No.  4 Waterton,2015,Life Expectancy,Male,Years,74.69000
4803003,Improvement District No.  4 Waterton,2016,Life Expectancy,Male,Years,74.31000
4803003,Improvement District No.  4 Waterton,2017,Life Expectancy,Male,Years,74.15000
4803003,Improvement District No.  4 Waterton,2018,Life Expectancy,Male,Years,74.17000
4803003,Improvement District No.  4 Waterton,2019,Life Expectancy,Male,Years,73.97000
4803003,Improvement District No.  4 Waterton,2020,Life Expectancy,Male,Years,72.73000
4803003,Improvement District No.  4 Waterton,2021,Life Expectancy,Male,Years,71.66000
4803003,Improvement District No.  4 Waterton,2022,Life Expectancy,Male,Years,70.70000
4803003,Improvement District No.  4 Waterton,2011,Life Expectancy,Both,Years,76.16000
4803003,Improvement District No.  4 Waterton,2012,Life Expectancy,Both,Years,76.68000
4803003,Improvement District No.  4 Waterton,2013,Life Expectancy,Both,Years,76.96000
4803003,Improvement District No.  4 Waterton,2014,Life Expectancy,Both,Years,76.95000
4803003,Improvement District No.  4 Waterton,2015,Life Expectancy,Both,Years,76.94000
4803003,Improvement District No.  4 Waterton,2016,Life Expectancy,Both,Years,76.73000
4803003,Improvement District No.  4 Waterton,2017,Life Expectancy,Both,Years,76.68000
4803003,Improvement District No.  4 Waterton,2018,Life Expectancy,Both,Years,76.65000
4803003,Improvement District No.  4 Waterton,2019,Life Expectancy,Both,Years,76.33000
4803003,Improvement District No.  4 Waterton,2020,Life Expectancy,Both,Years,75.15000
4803003,Improvement District No.  4 Waterton,2021,Life Expectancy,Both,Years,74.18000
4803003,Improvement District No.  4 Waterton,2022,Life Expectancy,Both,Years,72.75000
4809015,Rocky Mountain House,2011,Life Expectancy,Female,Years,81.57000
4809015,Rocky Mountain House,2012,Life Expectancy,Female,Years,81.34000
4809015,Rocky Mountain House,2013,Life Expectancy,Female,Years,81.27000
4809015,Rocky Mountain House,2014,Life Expectancy,Female,Years,81.32000
4809015,Rocky Mountain House,2015,Life Expectancy,Female,Years,81.43000
4809015,Rocky Mountain House,2016,Life Expectancy,Female,Years,81.54000
4809015,Rocky Mountain House,2017,Life Expectancy,Female,Years,81.22000
4809015,Rocky Mountain House,2018,Life Expectancy,Female,Years,81.03000
4809015,Rocky Mountain House,2019,Life Expectancy,Female,Years,81.13000
4809015,Rocky Mountain House,2020,Life Expectancy,Female,Years,80.83000
4809015,Rocky Mountain House,2021,Life Expectancy,Female,Years,80.06000
4809015,Rocky Mountain House,2022,Life Expectancy,Female,Years,80.07000
4809015,Rocky Mountain House,2023,Life Expectancy,Female,Years,79.80000
4809015,Rocky Mountain House,2011,Life Expectancy,Male,Years,75.97000
4809015,Rocky Mountain House,2012,Life Expectancy,Male,Years,75.94000
4809015,Rocky Mountain House,2013,Life Expectancy,Male,Years,75.91000
4809015,Rocky Mountain House,2014,Life Expectancy,Male,Years,76.05000
4809015,Rocky Mountain House,2015,Life Expectancy,Male,Years,76.26000
4809015,Rocky Mountain House,2016,Life Expectancy,Male,Years,76.33000
4809015,Rocky Mountain House,2017,Life Expectancy,Male,Years,76.31000
4809015,Rocky Mountain House,2018,Life Expectancy,Male,Years,76.42000
4809015,Rocky Mountain House,2019,Life Expectancy,Male,Years,76.37000
4809015,Rocky Mountain House,2020,Life Expectancy,Male,Years,76.67000
4809015,Rocky Mountain House,2021,Life Expectancy,Male,Years,76.22000
4809015,Rocky Mountain House,2022,Life Expectancy,Male,Years,75.74000
4809015,Rocky Mountain House,2023,Life Expectancy,Male,Years,74.95000
4809015,Rocky Mountain House,2011,Life Expectancy,Both,Years,78.55000
4809015,Rocky Mountain House,2012,Life Expectancy,Both,Years,78.46000
4809015,Rocky Mountain House,2013,Life Expectancy,Both,Years,78.40000
4809015,Rocky Mountain House,2014,Life Expectancy,Both,Years,78.52000
4809015,Rocky Mountain House,2015,Life Expectancy,Both,Years,78.71000
4809015,Rocky Mountain House,2016,Life Expectancy,Both,Years,78.81000
4809015,Rocky Mountain House,2017,Life Expectancy,Both,Years,78.65000
4809015,Rocky Mountain House,2018,Life Expectancy,Both,Years,78.63000
4809015,Rocky Mountain House,2019,Life Expectancy,Both,Years,78.64000
4809015,Rocky Mountain House,2020,Life Expectancy,Both,Years,78.68000
4809015,Rocky Mountain House,2021,Life Expectancy,Both,Years,78.09000
4809015,Rocky Mountain House,2022,Life Expectancy,Both,Years,77.82000
4809015,Rocky Mountain House,2023,Life Expectancy,Both,Years,77.27000
4802029,Vauxhall,2011,Life Expectancy,Female,Years,83.51000
4802029,Vauxhall,2012,Life Expectancy,Female,Years,83.63000
4802029,Vauxhall,2013,Life Expectancy,Female,Years,83.37000
4802029,Vauxhall,2014,Life Expectancy,Female,Years,83.09000
4802029,Vauxhall,2015,Life Expectancy,Female,Years,82.83000
4802029,Vauxhall,2016,Life Expectancy,Female,Years,82.87000
4802029,Vauxhall,2017,Life Expectancy,Female,Years,82.75000
4802029,Vauxhall,2018,Life Expectancy,Female,Years,82.80000
4802029,Vauxhall,2019,Life Expectancy,Female,Years,82.83000
4802029,Vauxhall,2020,Life Expectancy,Female,Years,82.78000
4802029,Vauxhall,2021,Life Expectancy,Female,Years,82.63000
4802029,Vauxhall,2022,Life Expectancy,Female,Years,82.38000
4802029,Vauxhall,2011,Life Expectancy,Male,Years,78.59000
4802029,Vauxhall,2012,Life Expectancy,Male,Years,78.35000
4802029,Vauxhall,2013,Life Expectancy,Male,Years,78.55000
4802029,Vauxhall,2014,Life Expectancy,Male,Years,78.84000
4802029,Vauxhall,2015,Life Expectancy,Male,Years,78.81000
4802029,Vauxhall,2016,Life Expectancy,Male,Years,78.83000
4802029,Vauxhall,2017,Life Expectancy,Male,Years,78.74000
4802029,Vauxhall,2018,Life Expectancy,Male,Years,78.54000
4802029,Vauxhall,2019,Life Expectancy,Male,Years,78.56000
4802029,Vauxhall,2020,Life Expectancy,Male,Years,78.65000
4802029,Vauxhall,2021,Life Expectancy,Male,Years,78.42000
4802029,Vauxhall,2022,Life Expectancy,Male,Years,78.52000
4802029,Vauxhall,2011,Life Expectancy,Both,Years,81.03000
4802029,Vauxhall,2012,Life Expectancy,Both,Years,80.94000
4802029,Vauxhall,2013,Life Expectancy,Both,Years,80.94000
4802029,Vauxhall,2014,Life Expectancy,Both,Years,80.95000
4802029,Vauxhall,2015,Life Expectancy,Both,Years,80.82000
4802029,Vauxhall,2016,Life Expectancy,Both,Years,80.85000
4802029,Vauxhall,2017,Life Expectancy,Both,Years,80.74000
4802029,Vauxhall,2018,Life Expectancy,Both,Years,80.65000
4802029,Vauxhall,2019,Life Expectancy,Both,Years,80.68000
4802029,Vauxhall,2020,Life Expectancy,Both,Years,80.70000
4802029,Vauxhall,2021,Life Expectancy,Both,Years,80.50000
4802029,Vauxhall,2022,Life Expectancy,Both,Years,80.41000
4802031,Newell County,2011,Life Expectancy,Female,Years,83.11000
4802031,Newell County,2012,Life Expectancy,Female,Years,83.13000
4802031,Newell County,2013,Life Expectancy,Female,Years,82.91000
4802031,Newell County,2014,Life Expectancy,Female,Years,83.12000
4802031,Newell County,2015,Life Expectancy,Female,Years,83.74000
4802031,Newell County,2016,Life Expectancy,Female,Years,83.70000
4802031,Newell County,2017,Life Expectancy,Female,Years,83.77000
4802031,Newell County,2018,Life Expectancy,Female,Years,83.67000
4802031,Newell County,2019,Life Expectancy,Female,Years,83.47000
4802031,Newell County,2020,Life Expectancy,Female,Years,83.48000
4802031,Newell County,2021,Life Expectancy,Female,Years,83.53000
4802031,Newell County,2022,Life Expectancy,Female,Years,83.19000
4802031,Newell County,2011,Life Expectancy,Male,Years,77.91000
4802031,Newell County,2012,Life Expectancy,Male,Years,78.12000
4802031,Newell County,2013,Life Expectancy,Male,Years,78.27000
4802031,Newell County,2014,Life Expectancy,Male,Years,78.52000
4802031,Newell County,2015,Life Expectancy,Male,Years,79.07000
4802031,Newell County,2016,Life Expectancy,Male,Years,79.20000
4802031,Newell County,2017,Life Expectancy,Male,Years,79.16000
4802031,Newell County,2018,Life Expectancy,Male,Years,79.12000
4802031,Newell County,2019,Life Expectancy,Male,Years,79.29000
4802031,Newell County,2020,Life Expectancy,Male,Years,79.21000
4802031,Newell County,2021,Life Expectancy,Male,Years,78.98000
4802031,Newell County,2022,Life Expectancy,Male,Years,78.68000
4802031,Newell County,2011,Life Expectancy,Both,Years,80.39000
4802031,Newell County,2012,Life Expectancy,Both,Years,80.51000
4802031,Newell County,2013,Life Expectancy,Both,Years,80.51000
4802031,Newell County,2014,Life Expectancy,Both,Years,80.74000
4802031,Newell County,2015,Life Expectancy,Both,Years,81.32000
4802031,Newell County,2016,Life Expectancy,Both,Years,81.37000
4802031,Newell County,2017,Life Expectancy,Both,Years,81.38000
4802031,Newell County,2018,Life Expectancy,Both,Years,81.29000
4802031,Newell County,2019,Life Expectancy,Both,Years,81.28000
4802031,Newell County,2020,Life Expectancy,Both,Years,81.25000
4802031,Newell County,2021,Life Expectancy,Both,Years,81.14000
4802031,Newell County,2022,Life Expectancy,Both,Years,80.80000
4802034,Brooks,2011,Life Expectancy,Female,Years,83.11000
4802034,Brooks,2012,Life Expectancy,Female,Years,83.13000
4802034,Brooks,2013,Life Expectancy,Female,Years,82.91000
4802034,Brooks,2014,Life Expectancy,Female,Years,83.12000
4802034,Brooks,2015,Life Expectancy,Female,Years,83.74000
4802034,Brooks,2016,Life Expectancy,Female,Years,83.70000
4802034,Brooks,2017,Life Expectancy,Female,Years,83.77000
4802034,Brooks,2018,Life Expectancy,Female,Years,83.67000
4802034,Brooks,2019,Life Expectancy,Female,Years,83.47000
4802034,Brooks,2020,Life Expectancy,Female,Years,83.48000
4802034,Brooks,2021,Life Expectancy,Female,Years,83.53000
4802034,Brooks,2022,Life Expectancy,Female,Years,83.19000
4802034,Brooks,2011,Life Expectancy,Male,Years,77.91000
4802034,Brooks,2012,Life Expectancy,Male,Years,78.12000
4802034,Brooks,2013,Life Expectancy,Male,Years,78.27000
4802034,Brooks,2014,Life Expectancy,Male,Years,78.52000
4802034,Brooks,2015,Life Expectancy,Male,Years,79.07000
4802034,Brooks,2016,Life Expectancy,Male,Years,79.20000
4802034,Brooks,2017,Life Expectancy,Male,Years,79.16000
4802034,Brooks,2018,Life Expectancy,Male,Years,79.12000
4802034,Brooks,2019,Life Expectancy,Male,Years,79.29000
4802034,Brooks,2020,Life Expectancy,Male,Years,79.21000
4802034,Brooks,2021,Life Expectancy,Male,Years,78.98000
4802034,Brooks,2022,Life Expectancy,Male,Years,78.68000
4802034,Brooks,2011,Life Expectancy,Both,Years,80.39000
4802034,Brooks,2012,Life Expectancy,Both,Years,80.51000
4802034,Brooks,2013,Life Expectancy,Both,Years,80.51000
4802034,Brooks,2014,Life Expectancy,Both,Years,80.74000
4802034,Brooks,2015,Life Expectancy,Both,Years,81.32000
4802034,Brooks,2016,Life Expectancy,Both,Years,81.37000
4802034,Brooks,2017,Life Expectancy,Both,Years,81.38000
4802034,Brooks,2018,Life Expectancy,Both,Years,81.29000
4802034,Brooks,2019,Life Expectancy,Both,Years,81.28000
4802034,Brooks,2020,Life Expectancy,Both,Years,81.25000
4802034,Brooks,2021,Life Expectancy,Both,Years,81.14000
4802034,Brooks,2022,Life Expectancy,Both,Years,80.80000
4808034,Alix,2011,Life Expectancy,Female,Years,83.33000
4808034,Alix,2012,Life Expectancy,Female,Years,83.64000
4808034,Alix,2013,Life Expectancy,Female,Years,83.74000
4808034,Alix,2014,Life Expectancy,Female,Years,83.95000
4808034,Alix,2015,Life Expectancy,Female,Years,83.69000
4808034,Alix,2016,Life Expectancy,Female,Years,83.86000
4808034,Alix,2017,Life Expectancy,Female,Years,83.87000
4808034,Alix,2018,Life Expectancy,Female,Years,83.98000
4808034,Alix,2019,Life Expectancy,Female,Years,84.03000
4808034,Alix,2020,Life Expectancy,Female,Years,83.95000
4808034,Alix,2021,Life Expectancy,Female,Years,84.00000
4808034,Alix,2022,Life Expectancy,Female,Years,83.91000
4808034,Alix,2011,Life Expectancy,Male,Years,78.65000
4808034,Alix,2012,Life Expectancy,Male,Years,79.29000
4808034,Alix,2013,Life Expectancy,Male,Years,79.34000
4808034,Alix,2014,Life Expectancy,Male,Years,79.18000
4808034,Alix,2015,Life Expectancy,Male,Years,79.32000
4808034,Alix,2016,Life Expectancy,Male,Years,79.16000
4808034,Alix,2017,Life Expectancy,Male,Years,79.50000
4808034,Alix,2018,Life Expectancy,Male,Years,79.70000
4808034,Alix,2019,Life Expectancy,Male,Years,79.63000
4808034,Alix,2020,Life Expectancy,Male,Years,79.28000
4808034,Alix,2021,Life Expectancy,Male,Years,79.11000
4808034,Alix,2022,Life Expectancy,Male,Years,78.67000
4808034,Alix,2011,Life Expectancy,Both,Years,80.97000
4808034,Alix,2012,Life Expectancy,Both,Years,81.46000
4808034,Alix,2013,Life Expectancy,Both,Years,81.51000
4808034,Alix,2014,Life Expectancy,Both,Years,81.52000
4808034,Alix,2015,Life Expectancy,Both,Years,81.47000
4808034,Alix,2016,Life Expectancy,Both,Years,81.45000
4808034,Alix,2017,Life Expectancy,Both,Years,81.65000
4808034,Alix,2018,Life Expectancy,Both,Years,81.82000
4808034,Alix,2019,Life Expectancy,Both,Years,81.80000
4808034,Alix,2020,Life Expectancy,Both,Years,81.57000
4808034,Alix,2021,Life Expectancy,Both,Years,81.51000
4808034,Alix,2022,Life Expectancy,Both,Years,81.23000
4808038,Ponoka County,2011,Life Expectancy,Female,Years,81.15952
4808038,Ponoka County,2012,Life Expectancy,Female,Years,81.53786
4808038,Ponoka County,2013,Life Expectancy,Female,Years,81.56690
4808038,Ponoka County,2014,Life Expectancy,Female,Years,81.58203
4808038,Ponoka County,2015,Life Expectancy,Female,Years,81.34369
4808038,Ponoka County,2016,Life Expectancy,Female,Years,81.49260
4808038,Ponoka County,2017,Life Expectancy,Female,Years,81.32492
4808038,Ponoka County,2018,Life Expectancy,Female,Years,81.47916
4808038,Ponoka County,2019,Life Expectancy,Female,Years,81.67317
4808038,Ponoka County,2020,Life Expectancy,Female,Years,81.71590
4808038,Ponoka County,2021,Life Expectancy,Female,Years,81.84000
4808038,Ponoka County,2022,Life Expectancy,Female,Years,81.79893
4808038,Ponoka County,2011,Life Expectancy,Male,Years,76.77879
4808038,Ponoka County,2012,Life Expectancy,Male,Years,77.17040
4808038,Ponoka County,2013,Life Expectancy,Male,Years,77.48548
4808038,Ponoka County,2014,Life Expectancy,Male,Years,77.61598
4808038,Ponoka County,2015,Life Expectancy,Male,Years,77.44410
4808038,Ponoka County,2016,Life Expectancy,Male,Years,77.60985
4808038,Ponoka County,2017,Life Expectancy,Male,Years,77.75996
4808038,Ponoka County,2018,Life Expectancy,Male,Years,77.56439
4808038,Ponoka County,2019,Life Expectancy,Male,Years,77.49662
4808038,Ponoka County,2020,Life Expectancy,Male,Years,77.56672
4808038,Ponoka County,2021,Life Expectancy,Male,Years,77.43525
4808038,Ponoka County,2022,Life Expectancy,Male,Years,77.20397
4808038,Ponoka County,2011,Life Expectancy,Both,Years,78.94292
4808038,Ponoka County,2012,Life Expectancy,Both,Years,79.35340
4808038,Ponoka County,2013,Life Expectancy,Both,Years,79.50901
4808038,Ponoka County,2014,Life Expectancy,Both,Years,79.58449
4808038,Ponoka County,2015,Life Expectancy,Both,Years,79.38063
4808038,Ponoka County,2016,Life Expectancy,Both,Years,79.53560
4808038,Ponoka County,2017,Life Expectancy,Both,Years,79.53510
4808038,Ponoka County,2018,Life Expectancy,Both,Years,79.49411
4808038,Ponoka County,2019,Life Expectancy,Both,Years,79.53637
4808038,Ponoka County,2020,Life Expectancy,Both,Years,79.59743
4808038,Ponoka County,2021,Life Expectancy,Both,Years,79.57349
4808038,Ponoka County,2022,Life Expectancy,Both,Years,79.41597
4812029,Smoky Lake,2011,Life Expectancy,Female,Years,82.26000
4812029,Smoky Lake,2012,Life Expectancy,Female,Years,82.43000
4812029,Smoky Lake,2013,Life Expectancy,Female,Years,82.06000
4812029,Smoky Lake,2014,Life Expectancy,Female,Years,82.28000
4812029,Smoky Lake,2015,Life Expectancy,Female,Years,82.26000
4812029,Smoky Lake,2016,Life Expectancy,Female,Years,81.84000
4812029,Smoky Lake,2017,Life Expectancy,Female,Years,82.51000
4812029,Smoky Lake,2018,Life Expectancy,Female,Years,82.64000
4812029,Smoky Lake,2019,Life Expectancy,Female,Years,82.53000
4812029,Smoky Lake,2020,Life Expectancy,Female,Years,82.15000
4812029,Smoky Lake,2021,Life Expectancy,Female,Years,81.68000
4812029,Smoky Lake,2022,Life Expectancy,Female,Years,81.72000
4812029,Smoky Lake,2023,Life Expectancy,Female,Years,81.75000
4812029,Smoky Lake,2011,Life Expectancy,Male,Years,74.90000
4812029,Smoky Lake,2012,Life Expectancy,Male,Years,75.41000
4812029,Smoky Lake,2013,Life Expectancy,Male,Years,74.99000
4812029,Smoky Lake,2014,Life Expectancy,Male,Years,75.11000
4812029,Smoky Lake,2015,Life Expectancy,Male,Years,74.59000
4812029,Smoky Lake,2016,Life Expectancy,Male,Years,74.29000
4812029,Smoky Lake,2017,Life Expectancy,Male,Years,74.47000
4812029,Smoky Lake,2018,Life Expectancy,Male,Years,74.28000
4812029,Smoky Lake,2019,Life Expectancy,Male,Years,74.32000
4812029,Smoky Lake,2020,Life Expectancy,Male,Years,73.66000
4812029,Smoky Lake,2021,Life Expectancy,Male,Years,74.40000
4812029,Smoky Lake,2022,Life Expectancy,Male,Years,74.48000
4812029,Smoky Lake,2023,Life Expectancy,Male,Years,74.20000
4812029,Smoky Lake,2011,Life Expectancy,Both,Years,78.23000
4812029,Smoky Lake,2012,Life Expectancy,Both,Years,78.59000
4812029,Smoky Lake,2013,Life Expectancy,Both,Years,78.17000
4812029,Smoky Lake,2014,Life Expectancy,Both,Years,78.35000
4812029,Smoky Lake,2015,Life Expectancy,Both,Years,78.00000
4812029,Smoky Lake,2016,Life Expectancy,Both,Years,77.65000
4812029,Smoky Lake,2017,Life Expectancy,Both,Years,78.01000
4812029,Smoky Lake,2018,Life Expectancy,Both,Years,77.95000
4812029,Smoky Lake,2019,Life Expectancy,Both,Years,77.95000
4812029,Smoky Lake,2020,Life Expectancy,Both,Years,77.42000
4812029,Smoky Lake,2021,Life Expectancy,Both,Years,77.65000
4812029,Smoky Lake,2022,Life Expectancy,Both,Years,77.74000
4812029,Smoky Lake,2023,Life Expectancy,Both,Years,77.62000
4812037,Lac la Biche County,2011,Life Expectancy,Female,Years,80.05000
4812037,Lac la Biche County,2012,Life Expectancy,Female,Years,80.04000
4812037,Lac la Biche County,2013,Life Expectancy,Female,Years,80.22000
4812037,Lac la Biche County,2014,Life Expectancy,Female,Years,80.63000
4812037,Lac la Biche County,2015,Life Expectancy,Female,Years,80.77000
4812037,Lac la Biche County,2016,Life Expectancy,Female,Years,81.13000
4812037,Lac la Biche County,2017,Life Expectancy,Female,Years,81.79000
4812037,Lac la Biche County,2018,Life Expectancy,Female,Years,81.59000
4812037,Lac la Biche County,2019,Life Expectancy,Female,Years,81.22000
4812037,Lac la Biche County,2020,Life Expectancy,Female,Years,80.68000
4812037,Lac la Biche County,2021,Life Expectancy,Female,Years,80.68000
4812037,Lac la Biche County,2022,Life Expectancy,Female,Years,80.39000
4812037,Lac la Biche County,2011,Life Expectancy,Male,Years,73.87000
4812037,Lac la Biche County,2012,Life Expectancy,Male,Years,73.72000
4812037,Lac la Biche County,2013,Life Expectancy,Male,Years,73.45000
4812037,Lac la Biche County,2014,Life Expectancy,Male,Years,73.47000
4812037,Lac la Biche County,2015,Life Expectancy,Male,Years,73.72000
4812037,Lac la Biche County,2016,Life Expectancy,Male,Years,74.01000
4812037,Lac la Biche County,2017,Life Expectancy,Male,Years,74.69000
4812037,Lac la Biche County,2018,Life Expectancy,Male,Years,75.06000
4812037,Lac la Biche County,2019,Life Expectancy,Male,Years,74.84000
4812037,Lac la Biche County,2020,Life Expectancy,Male,Years,75.02000
4812037,Lac la Biche County,2021,Life Expectancy,Male,Years,74.08000
4812037,Lac la Biche County,2022,Life Expectancy,Male,Years,74.54000
4812037,Lac la Biche County,2011,Life Expectancy,Both,Years,76.76000
4812037,Lac la Biche County,2012,Life Expectancy,Both,Years,76.66000
4812037,Lac la Biche County,2013,Life Expectancy,Both,Years,76.55000
4812037,Lac la Biche County,2014,Life Expectancy,Both,Years,76.73000
4812037,Lac la Biche County,2015,Life Expectancy,Both,Years,76.94000
4812037,Lac la Biche County,2016,Life Expectancy,Both,Years,77.24000
4812037,Lac la Biche County,2017,Life Expectancy,Both,Years,77.92000
4812037,Lac la Biche County,2018,Life Expectancy,Both,Years,78.07000
4812037,Lac la Biche County,2019,Life Expectancy,Both,Years,77.79000
4812037,Lac la Biche County,2020,Life Expectancy,Both,Years,77.67000
4812037,Lac la Biche County,2021,Life Expectancy,Both,Years,77.14000
4812037,Lac la Biche County,2022,Life Expectancy,Both,Years,77.29000
4808039,Ponoka,2011,Life Expectancy,Female,Years,81.39000
4808039,Ponoka,2012,Life Expectancy,Female,Years,81.96000
4808039,Ponoka,2013,Life Expectancy,Female,Years,81.74000
4808039,Ponoka,2014,Life Expectancy,Female,Years,81.56000
4808039,Ponoka,2015,Life Expectancy,Female,Years,81.30000
4808039,Ponoka,2016,Life Expectancy,Female,Years,81.44000
4808039,Ponoka,2017,Life Expectancy,Female,Years,81.51000
4808039,Ponoka,2018,Life Expectancy,Female,Years,81.66000
4808039,Ponoka,2019,Life Expectancy,Female,Years,81.85000
4808039,Ponoka,2020,Life Expectancy,Female,Years,81.88000
4808039,Ponoka,2021,Life Expectancy,Female,Years,81.84000
4808039,Ponoka,2022,Life Expectancy,Female,Years,82.04000
4808039,Ponoka,2023,Life Expectancy,Female,Years,82.29000
4808039,Ponoka,2011,Life Expectancy,Male,Years,76.64000
4808039,Ponoka,2012,Life Expectancy,Male,Years,77.13000
4808039,Ponoka,2013,Life Expectancy,Male,Years,77.49000
4808039,Ponoka,2014,Life Expectancy,Male,Years,78.05000
4808039,Ponoka,2015,Life Expectancy,Male,Years,77.79000
4808039,Ponoka,2016,Life Expectancy,Male,Years,78.25000
4808039,Ponoka,2017,Life Expectancy,Male,Years,78.16000
4808039,Ponoka,2018,Life Expectancy,Male,Years,78.04000
4808039,Ponoka,2019,Life Expectancy,Male,Years,77.98000
4808039,Ponoka,2020,Life Expectancy,Male,Years,78.26000
4808039,Ponoka,2021,Life Expectancy,Male,Years,77.89000
4808039,Ponoka,2022,Life Expectancy,Male,Years,77.43000
4808039,Ponoka,2023,Life Expectancy,Male,Years,76.78000
4808039,Ponoka,2011,Life Expectancy,Both,Years,79.04000
4808039,Ponoka,2012,Life Expectancy,Both,Years,79.58000
4808039,Ponoka,2013,Life Expectancy,Both,Years,79.63000
4808039,Ponoka,2014,Life Expectancy,Both,Years,79.83000
4808039,Ponoka,2015,Life Expectancy,Both,Years,79.58000
4808039,Ponoka,2016,Life Expectancy,Both,Years,79.89000
4808039,Ponoka,2017,Life Expectancy,Both,Years,79.86000
4808039,Ponoka,2018,Life Expectancy,Both,Years,79.85000
4808039,Ponoka,2019,Life Expectancy,Both,Years,79.91000
4808039,Ponoka,2020,Life Expectancy,Both,Years,80.08000
4808039,Ponoka,2021,Life Expectancy,Both,Years,79.86000
4808039,Ponoka,2022,Life Expectancy,Both,Years,79.69000
4808039,Ponoka,2023,Life Expectancy,Both,Years,79.44000
4808044,Rimbey,2011,Life Expectancy,Female,Years,80.86000
4808044,Rimbey,2012,Life Expectancy,Female,Years,81.00000
4808044,Rimbey,2013,Life Expectancy,Female,Years,81.35000
4808044,Rimbey,2014,Life Expectancy,Female,Years,81.61000
4808044,Rimbey,2015,Life Expectancy,Female,Years,81.40000
4808044,Rimbey,2016,Life Expectancy,Female,Years,81.56000
4808044,Rimbey,2017,Life Expectancy,Female,Years,81.09000
4808044,Rimbey,2018,Life Expectancy,Female,Years,81.25000
4808044,Rimbey,2019,Life Expectancy,Female,Years,81.45000
4808044,Rimbey,2020,Life Expectancy,Female,Years,81.51000
4808044,Rimbey,2021,Life Expectancy,Female,Years,81.84000
4808044,Rimbey,2022,Life Expectancy,Female,Years,81.50000
4808044,Rimbey,2011,Life Expectancy,Male,Years,76.95000
4808044,Rimbey,2012,Life Expectancy,Male,Years,77.22000
4808044,Rimbey,2013,Life Expectancy,Male,Years,77.48000
4808044,Rimbey,2014,Life Expectancy,Male,Years,77.09000
4808044,Rimbey,2015,Life Expectancy,Male,Years,77.02000
4808044,Rimbey,2016,Life Expectancy,Male,Years,76.82000
4808044,Rimbey,2017,Life Expectancy,Male,Years,77.27000
4808044,Rimbey,2018,Life Expectancy,Male,Years,76.98000
4808044,Rimbey,2019,Life Expectancy,Male,Years,76.90000
4808044,Rimbey,2020,Life Expectancy,Male,Years,76.72000
4808044,Rimbey,2021,Life Expectancy,Male,Years,76.88000
4808044,Rimbey,2022,Life Expectancy,Male,Years,76.93000
4808044,Rimbey,2011,Life Expectancy,Both,Years,78.82000
4808044,Rimbey,2012,Life Expectancy,Both,Years,79.07000
4808044,Rimbey,2013,Life Expectancy,Both,Years,79.36000
4808044,Rimbey,2014,Life Expectancy,Both,Years,79.28000
4808044,Rimbey,2015,Life Expectancy,Both,Years,79.13000
4808044,Rimbey,2016,Life Expectancy,Both,Years,79.09000
4808044,Rimbey,2017,Life Expectancy,Both,Years,79.13000
4808044,Rimbey,2018,Life Expectancy,Both,Years,79.05000
4808044,Rimbey,2019,Life Expectancy,Both,Years,79.07000
4808044,Rimbey,2020,Life Expectancy,Both,Years,79.00000
4808044,Rimbey,2021,Life Expectancy,Both,Years,79.22000
4808044,Rimbey,2022,Life Expectancy,Both,Years,79.08000
4808811,Samson 137,2011,Life Expectancy,Female,Years,78.91000
4808811,Samson 137,2012,Life Expectancy,Female,Years,78.68000
4808811,Samson 137,2013,Life Expectancy,Female,Years,78.65000
4808811,Samson 137,2014,Life Expectancy,Female,Years,78.52000
4808811,Samson 137,2015,Life Expectancy,Female,Years,78.74000
4808811,Samson 137,2016,Life Expectancy,Female,Years,78.86000
4808811,Samson 137,2017,Life Expectancy,Female,Years,78.88000
4808811,Samson 137,2018,Life Expectancy,Female,Years,78.80000
4808811,Samson 137,2019,Life Expectancy,Female,Years,79.18000
4808811,Samson 137,2020,Life Expectancy,Female,Years,78.55000
4808811,Samson 137,2021,Life Expectancy,Female,Years,78.01000
4808811,Samson 137,2022,Life Expectancy,Female,Years,77.71000
4808811,Samson 137,2011,Life Expectancy,Male,Years,74.28000
4808811,Samson 137,2012,Life Expectancy,Male,Years,74.50000
4808811,Samson 137,2013,Life Expectancy,Male,Years,74.89000
4808811,Samson 137,2014,Life Expectancy,Male,Years,74.37000
4808811,Samson 137,2015,Life Expectancy,Male,Years,73.92000
4808811,Samson 137,2016,Life Expectancy,Male,Years,74.02000
4808811,Samson 137,2017,Life Expectancy,Male,Years,73.95000
4808811,Samson 137,2018,Life Expectancy,Male,Years,74.22000
4808811,Samson 137,2019,Life Expectancy,Male,Years,74.26000
4808811,Samson 137,2020,Life Expectancy,Male,Years,73.93000
4808811,Samson 137,2021,Life Expectancy,Male,Years,72.81000
4808811,Samson 137,2022,Life Expectancy,Male,Years,71.68000
4808811,Samson 137,2011,Life Expectancy,Both,Years,76.55000
4808811,Samson 137,2012,Life Expectancy,Both,Years,76.56000
4808811,Samson 137,2013,Life Expectancy,Both,Years,76.75000
4808811,Samson 137,2014,Life Expectancy,Both,Years,76.40000
4808811,Samson 137,2015,Life Expectancy,Both,Years,76.27000
4808811,Samson 137,2016,Life Expectancy,Both,Years,76.36000
4808811,Samson 137,2017,Life Expectancy,Both,Years,76.34000
4808811,Samson 137,2018,Life Expectancy,Both,Years,76.44000
4808811,Samson 137,2019,Life Expectancy,Both,Years,76.65000
4808811,Samson 137,2020,Life Expectancy,Both,Years,76.18000
4808811,Samson 137,2021,Life Expectancy,Both,Years,75.32000
4808811,Samson 137,2022,Life Expectancy,Both,Years,74.56000
4802016,Barons,2011,Life Expectancy,Female,Years,82.90000
4802016,Barons,2012,Life Expectancy,Female,Years,83.00000
4802016,Barons,2013,Life Expectancy,Female,Years,83.09000
4802016,Barons,2014,Life Expectancy,Female,Years,83.33000
4802016,Barons,2015,Life Expectancy,Female,Years,83.65000
4802016,Barons,2016,Life Expectancy,Female,Years,83.52000
4802016,Barons,2017,Life Expectancy,Female,Years,83.38000
4802016,Barons,2018,Life Expectancy,Female,Years,83.78000
4802016,Barons,2019,Life Expectancy,Female,Years,83.89000
4802016,Barons,2020,Life Expectancy,Female,Years,83.75000
4802016,Barons,2021,Life Expectancy,Female,Years,83.82000
4802016,Barons,2022,Life Expectancy,Female,Years,83.48000
4802016,Barons,2011,Life Expectancy,Male,Years,79.29000
4802016,Barons,2012,Life Expectancy,Male,Years,79.13000
4802016,Barons,2013,Life Expectancy,Male,Years,79.39000
4802016,Barons,2014,Life Expectancy,Male,Years,79.31000
4802016,Barons,2015,Life Expectancy,Male,Years,79.49000
4802016,Barons,2016,Life Expectancy,Male,Years,79.46000
4802016,Barons,2017,Life Expectancy,Male,Years,79.44000
4802016,Barons,2018,Life Expectancy,Male,Years,79.76000
4802016,Barons,2019,Life Expectancy,Male,Years,80.05000
4802016,Barons,2020,Life Expectancy,Male,Years,79.86000
4802016,Barons,2021,Life Expectancy,Male,Years,79.78000
4802016,Barons,2022,Life Expectancy,Male,Years,79.68000
4802016,Barons,2011,Life Expectancy,Both,Years,81.03000
4802016,Barons,2012,Life Expectancy,Both,Years,80.98000
4802016,Barons,2013,Life Expectancy,Both,Years,81.16000
4802016,Barons,2014,Life Expectancy,Both,Years,81.21000
4802016,Barons,2015,Life Expectancy,Both,Years,81.44000
4802016,Barons,2016,Life Expectancy,Both,Years,81.38000
4802016,Barons,2017,Life Expectancy,Both,Years,81.31000
4802016,Barons,2018,Life Expectancy,Both,Years,81.67000
4802016,Barons,2019,Life Expectancy,Both,Years,81.88000
4802016,Barons,2020,Life Expectancy,Both,Years,81.72000
4802016,Barons,2021,Life Expectancy,Both,Years,81.70000
4802016,Barons,2022,Life Expectancy,Both,Years,81.49000
4802018,Picture Butte,2011,Life Expectancy,Female,Years,82.90000
4802018,Picture Butte,2012,Life Expectancy,Female,Years,83.00000
4802018,Picture Butte,2013,Life Expectancy,Female,Years,83.09000
4802018,Picture Butte,2014,Life Expectancy,Female,Years,83.33000
4802018,Picture Butte,2015,Life Expectancy,Female,Years,83.65000
4802018,Picture Butte,2016,Life Expectancy,Female,Years,83.52000
4802018,Picture Butte,2017,Life Expectancy,Female,Years,83.38000
4802018,Picture Butte,2018,Life Expectancy,Female,Years,83.78000
4802018,Picture Butte,2019,Life Expectancy,Female,Years,83.89000
4802018,Picture Butte,2020,Life Expectancy,Female,Years,83.75000
4802018,Picture Butte,2021,Life Expectancy,Female,Years,83.82000
4802018,Picture Butte,2022,Life Expectancy,Female,Years,83.48000
4802018,Picture Butte,2011,Life Expectancy,Male,Years,79.29000
4802018,Picture Butte,2012,Life Expectancy,Male,Years,79.13000
4802018,Picture Butte,2013,Life Expectancy,Male,Years,79.39000
4802018,Picture Butte,2014,Life Expectancy,Male,Years,79.31000
4802018,Picture Butte,2015,Life Expectancy,Male,Years,79.49000
4802018,Picture Butte,2016,Life Expectancy,Male,Years,79.46000
4802018,Picture Butte,2017,Life Expectancy,Male,Years,79.44000
4802018,Picture Butte,2018,Life Expectancy,Male,Years,79.76000
4802018,Picture Butte,2019,Life Expectancy,Male,Years,80.05000
4802018,Picture Butte,2020,Life Expectancy,Male,Years,79.86000
4802018,Picture Butte,2021,Life Expectancy,Male,Years,79.78000
4802018,Picture Butte,2022,Life Expectancy,Male,Years,79.68000
4802018,Picture Butte,2011,Life Expectancy,Both,Years,81.03000
4802018,Picture Butte,2012,Life Expectancy,Both,Years,80.98000
4802018,Picture Butte,2013,Life Expectancy,Both,Years,81.16000
4802018,Picture Butte,2014,Life Expectancy,Both,Years,81.21000
4802018,Picture Butte,2015,Life Expectancy,Both,Years,81.44000
4802018,Picture Butte,2016,Life Expectancy,Both,Years,81.38000
4802018,Picture Butte,2017,Life Expectancy,Both,Years,81.31000
4802018,Picture Butte,2018,Life Expectancy,Both,Years,81.67000
4802018,Picture Butte,2019,Life Expectancy,Both,Years,81.88000
4802018,Picture Butte,2020,Life Expectancy,Both,Years,81.72000
4802018,Picture Butte,2021,Life Expectancy,Both,Years,81.70000
4802018,Picture Butte,2022,Life Expectancy,Both,Years,81.49000
4802019,Coaldale,2011,Life Expectancy,Female,Years,82.90000
4802019,Coaldale,2012,Life Expectancy,Female,Years,83.00000
4802019,Coaldale,2013,Life Expectancy,Female,Years,83.09000
4802019,Coaldale,2014,Life Expectancy,Female,Years,83.33000
4802019,Coaldale,2015,Life Expectancy,Female,Years,83.65000
4802019,Coaldale,2016,Life Expectancy,Female,Years,83.52000
4802019,Coaldale,2017,Life Expectancy,Female,Years,83.38000
4802019,Coaldale,2018,Life Expectancy,Female,Years,83.78000
4802019,Coaldale,2019,Life Expectancy,Female,Years,83.89000
4802019,Coaldale,2020,Life Expectancy,Female,Years,83.75000
4802019,Coaldale,2021,Life Expectancy,Female,Years,83.82000
4802019,Coaldale,2022,Life Expectancy,Female,Years,83.48000
4802019,Coaldale,2011,Life Expectancy,Male,Years,79.29000
4802019,Coaldale,2012,Life Expectancy,Male,Years,79.13000
4802019,Coaldale,2013,Life Expectancy,Male,Years,79.39000
4802019,Coaldale,2014,Life Expectancy,Male,Years,79.31000
4802019,Coaldale,2015,Life Expectancy,Male,Years,79.49000
4802019,Coaldale,2016,Life Expectancy,Male,Years,79.46000
4802019,Coaldale,2017,Life Expectancy,Male,Years,79.44000
4802019,Coaldale,2018,Life Expectancy,Male,Years,79.76000
4802019,Coaldale,2019,Life Expectancy,Male,Years,80.05000
4802019,Coaldale,2020,Life Expectancy,Male,Years,79.86000
4802019,Coaldale,2021,Life Expectancy,Male,Years,79.78000
4802019,Coaldale,2022,Life Expectancy,Male,Years,79.68000
4802019,Coaldale,2011,Life Expectancy,Both,Years,81.03000
4802019,Coaldale,2012,Life Expectancy,Both,Years,80.98000
4802019,Coaldale,2013,Life Expectancy,Both,Years,81.16000
4802019,Coaldale,2014,Life Expectancy,Both,Years,81.21000
4802019,Coaldale,2015,Life Expectancy,Both,Years,81.44000
4802019,Coaldale,2016,Life Expectancy,Both,Years,81.38000
4802019,Coaldale,2017,Life Expectancy,Both,Years,81.31000
4802019,Coaldale,2018,Life Expectancy,Both,Years,81.67000
4802019,Coaldale,2019,Life Expectancy,Both,Years,81.88000
4802019,Coaldale,2020,Life Expectancy,Both,Years,81.72000
4802019,Coaldale,2021,Life Expectancy,Both,Years,81.70000
4802019,Coaldale,2022,Life Expectancy,Both,Years,81.49000
4802023,Barnwell,2011,Life Expectancy,Female,Years,83.51000
4802023,Barnwell,2012,Life Expectancy,Female,Years,83.63000
4802023,Barnwell,2013,Life Expectancy,Female,Years,83.37000
4802023,Barnwell,2014,Life Expectancy,Female,Years,83.09000
4802023,Barnwell,2015,Life Expectancy,Female,Years,82.83000
4802023,Barnwell,2016,Life Expectancy,Female,Years,82.87000
4802023,Barnwell,2017,Life Expectancy,Female,Years,82.75000
4802023,Barnwell,2018,Life Expectancy,Female,Years,82.80000
4802023,Barnwell,2019,Life Expectancy,Female,Years,82.83000
4802023,Barnwell,2020,Life Expectancy,Female,Years,82.78000
4802023,Barnwell,2021,Life Expectancy,Female,Years,82.63000
4802023,Barnwell,2022,Life Expectancy,Female,Years,82.38000
4802023,Barnwell,2023,Life Expectancy,Female,Years,82.18000
4802023,Barnwell,2011,Life Expectancy,Male,Years,78.59000
4802023,Barnwell,2012,Life Expectancy,Male,Years,78.35000
4802023,Barnwell,2013,Life Expectancy,Male,Years,78.55000
4802023,Barnwell,2014,Life Expectancy,Male,Years,78.84000
4802023,Barnwell,2015,Life Expectancy,Male,Years,78.81000
4802023,Barnwell,2016,Life Expectancy,Male,Years,78.83000
4802023,Barnwell,2017,Life Expectancy,Male,Years,78.74000
4802023,Barnwell,2018,Life Expectancy,Male,Years,78.54000
4802023,Barnwell,2019,Life Expectancy,Male,Years,78.56000
4802023,Barnwell,2020,Life Expectancy,Male,Years,78.65000
4802023,Barnwell,2021,Life Expectancy,Male,Years,78.42000
4802023,Barnwell,2022,Life Expectancy,Male,Years,78.52000
4802023,Barnwell,2023,Life Expectancy,Male,Years,78.37000
4802023,Barnwell,2011,Life Expectancy,Both,Years,81.03000
4802023,Barnwell,2012,Life Expectancy,Both,Years,80.94000
4802023,Barnwell,2013,Life Expectancy,Both,Years,80.94000
4802023,Barnwell,2014,Life Expectancy,Both,Years,80.95000
4802023,Barnwell,2015,Life Expectancy,Both,Years,80.82000
4802023,Barnwell,2016,Life Expectancy,Both,Years,80.85000
4802023,Barnwell,2017,Life Expectancy,Both,Years,80.74000
4802023,Barnwell,2018,Life Expectancy,Both,Years,80.65000
4802023,Barnwell,2019,Life Expectancy,Both,Years,80.68000
4802023,Barnwell,2020,Life Expectancy,Both,Years,80.70000
4802023,Barnwell,2021,Life Expectancy,Both,Years,80.50000
4802023,Barnwell,2022,Life Expectancy,Both,Years,80.41000
4802023,Barnwell,2023,Life Expectancy,Both,Years,80.23000
4809002,Clearwater County,2011,Life Expectancy,Female,Years,81.88102
4809002,Clearwater County,2012,Life Expectancy,Female,Years,81.68462
4809002,Clearwater County,2013,Life Expectancy,Female,Years,81.61511
4809002,Clearwater County,2014,Life Expectancy,Female,Years,81.58971
4809002,Clearwater County,2015,Life Expectancy,Female,Years,81.69009
4809002,Clearwater County,2016,Life Expectancy,Female,Years,81.80580
4809002,Clearwater County,2017,Life Expectancy,Female,Years,81.58382
4809002,Clearwater County,2018,Life Expectancy,Female,Years,81.47984
4809002,Clearwater County,2019,Life Expectancy,Female,Years,81.63481
4809002,Clearwater County,2020,Life Expectancy,Female,Years,81.21188
4809002,Clearwater County,2021,Life Expectancy,Female,Years,80.61713
4809002,Clearwater County,2022,Life Expectancy,Female,Years,80.58874
4809002,Clearwater County,2011,Life Expectancy,Male,Years,76.44629
4809002,Clearwater County,2012,Life Expectancy,Male,Years,76.57659
4809002,Clearwater County,2013,Life Expectancy,Male,Years,76.48106
4809002,Clearwater County,2014,Life Expectancy,Male,Years,76.59580
4809002,Clearwater County,2015,Life Expectancy,Male,Years,76.71753
4809002,Clearwater County,2016,Life Expectancy,Male,Years,76.78839
4809002,Clearwater County,2017,Life Expectancy,Male,Years,76.86696
4809002,Clearwater County,2018,Life Expectancy,Male,Years,76.99336
4809002,Clearwater County,2019,Life Expectancy,Male,Years,76.81656
4809002,Clearwater County,2020,Life Expectancy,Male,Years,77.01115
4809002,Clearwater County,2021,Life Expectancy,Male,Years,76.62759
4809002,Clearwater County,2022,Life Expectancy,Male,Years,76.13688
4809002,Clearwater County,2011,Life Expectancy,Both,Years,78.97534
4809002,Clearwater County,2012,Life Expectancy,Both,Years,78.97964
4809002,Clearwater County,2013,Life Expectancy,Both,Years,78.88111
4809002,Clearwater County,2014,Life Expectancy,Both,Years,78.94869
4809002,Clearwater County,2015,Life Expectancy,Both,Years,79.08520
4809002,Clearwater County,2016,Life Expectancy,Both,Years,79.17997
4809002,Clearwater County,2017,Life Expectancy,Both,Years,79.11836
4809002,Clearwater County,2018,Life Expectancy,Both,Years,79.14503
4809002,Clearwater County,2019,Life Expectancy,Both,Years,79.11731
4809002,Clearwater County,2020,Life Expectancy,Both,Years,79.04438
4809002,Clearwater County,2021,Life Expectancy,Both,Years,78.56576
4809002,Clearwater County,2022,Life Expectancy,Both,Years,78.26591
4810022,Viking,2011,Life Expectancy,Female,Years,81.88000
4810022,Viking,2012,Life Expectancy,Female,Years,81.41000
4810022,Viking,2013,Life Expectancy,Female,Years,82.26000
4810022,Viking,2014,Life Expectancy,Female,Years,83.09000
4810022,Viking,2015,Life Expectancy,Female,Years,83.02000
4810022,Viking,2016,Life Expectancy,Female,Years,82.82000
4810022,Viking,2017,Life Expectancy,Female,Years,82.82000
4810022,Viking,2018,Life Expectancy,Female,Years,82.89000
4810022,Viking,2019,Life Expectancy,Female,Years,83.16000
4810022,Viking,2020,Life Expectancy,Female,Years,82.59000
4810022,Viking,2021,Life Expectancy,Female,Years,81.67000
4810022,Viking,2022,Life Expectancy,Female,Years,82.21000
4810022,Viking,2023,Life Expectancy,Female,Years,81.04000
4810022,Viking,2011,Life Expectancy,Male,Years,78.14000
4810022,Viking,2012,Life Expectancy,Male,Years,78.57000
4810022,Viking,2013,Life Expectancy,Male,Years,78.63000
4810022,Viking,2014,Life Expectancy,Male,Years,77.86000
4810022,Viking,2015,Life Expectancy,Male,Years,77.67000
4810022,Viking,2016,Life Expectancy,Male,Years,77.66000
4810022,Viking,2017,Life Expectancy,Male,Years,77.93000
4810022,Viking,2018,Life Expectancy,Male,Years,77.42000
4810022,Viking,2019,Life Expectancy,Male,Years,77.79000
4810022,Viking,2020,Life Expectancy,Male,Years,77.84000
4810022,Viking,2021,Life Expectancy,Male,Years,77.27000
4810022,Viking,2022,Life Expectancy,Male,Years,77.15000
4810022,Viking,2023,Life Expectancy,Male,Years,76.68000
4810022,Viking,2011,Life Expectancy,Both,Years,79.94000
4810022,Viking,2012,Life Expectancy,Both,Years,79.86000
4810022,Viking,2013,Life Expectancy,Both,Years,80.26000
4810022,Viking,2014,Life Expectancy,Both,Years,80.27000
4810022,Viking,2015,Life Expectancy,Both,Years,80.18000
4810022,Viking,2016,Life Expectancy,Both,Years,80.09000
4810022,Viking,2017,Life Expectancy,Both,Years,80.23000
4810022,Viking,2018,Life Expectancy,Both,Years,79.95000
4810022,Viking,2019,Life Expectancy,Both,Years,80.29000
4810022,Viking,2020,Life Expectancy,Both,Years,80.07000
4810022,Viking,2021,Life Expectancy,Both,Years,79.36000
4810022,Viking,2022,Life Expectancy,Both,Years,79.49000
4810022,Viking,2023,Life Expectancy,Both,Years,78.70000
4810026,Minburn County No. 27,2011,Life Expectancy,Female,Years,82.82000
4810026,Minburn County No. 27,2012,Life Expectancy,Female,Years,82.58000
4810026,Minburn County No. 27,2013,Life Expectancy,Female,Years,83.01000
4810026,Minburn County No. 27,2014,Life Expectancy,Female,Years,83.00000
4810026,Minburn County No. 27,2015,Life Expectancy,Female,Years,83.09000
4810026,Minburn County No. 27,2016,Life Expectancy,Female,Years,82.75000
4810026,Minburn County No. 27,2017,Life Expectancy,Female,Years,82.80000
4810026,Minburn County No. 27,2018,Life Expectancy,Female,Years,82.66000
4810026,Minburn County No. 27,2019,Life Expectancy,Female,Years,83.04000
4810026,Minburn County No. 27,2020,Life Expectancy,Female,Years,82.91000
4810026,Minburn County No. 27,2021,Life Expectancy,Female,Years,82.75000
4810026,Minburn County No. 27,2022,Life Expectancy,Female,Years,82.95000
4810026,Minburn County No. 27,2011,Life Expectancy,Male,Years,75.92000
4810026,Minburn County No. 27,2012,Life Expectancy,Male,Years,76.17000
4810026,Minburn County No. 27,2013,Life Expectancy,Male,Years,76.67000
4810026,Minburn County No. 27,2014,Life Expectancy,Male,Years,76.55000
4810026,Minburn County No. 27,2015,Life Expectancy,Male,Years,76.53000
4810026,Minburn County No. 27,2016,Life Expectancy,Male,Years,76.35000
4810026,Minburn County No. 27,2017,Life Expectancy,Male,Years,76.28000
4810026,Minburn County No. 27,2018,Life Expectancy,Male,Years,76.79000
4810026,Minburn County No. 27,2019,Life Expectancy,Male,Years,76.87000
4810026,Minburn County No. 27,2020,Life Expectancy,Male,Years,77.31000
4810026,Minburn County No. 27,2021,Life Expectancy,Male,Years,76.87000
4810026,Minburn County No. 27,2022,Life Expectancy,Male,Years,76.51000
4810026,Minburn County No. 27,2011,Life Expectancy,Both,Years,79.22000
4810026,Minburn County No. 27,2012,Life Expectancy,Both,Years,79.23000
4810026,Minburn County No. 27,2013,Life Expectancy,Both,Years,79.70000
4810026,Minburn County No. 27,2014,Life Expectancy,Both,Years,79.62000
4810026,Minburn County No. 27,2015,Life Expectancy,Both,Years,79.65000
4810026,Minburn County No. 27,2016,Life Expectancy,Both,Years,79.41000
4810026,Minburn County No. 27,2017,Life Expectancy,Both,Years,79.42000
4810026,Minburn County No. 27,2018,Life Expectancy,Both,Years,79.63000
4810026,Minburn County No. 27,2019,Life Expectancy,Both,Years,79.87000
4810026,Minburn County No. 27,2020,Life Expectancy,Both,Years,80.04000
4810026,Minburn County No. 27,2021,Life Expectancy,Both,Years,79.74000
4810026,Minburn County No. 27,2022,Life Expectancy,Both,Years,79.62000
4810028,Vegreville,2011,Life Expectancy,Female,Years,82.82000
4810028,Vegreville,2012,Life Expectancy,Female,Years,82.58000
4810028,Vegreville,2013,Life Expectancy,Female,Years,83.01000
4810028,Vegreville,2014,Life Expectancy,Female,Years,83.00000
4810028,Vegreville,2015,Life Expectancy,Female,Years,83.09000
4810028,Vegreville,2016,Life Expectancy,Female,Years,82.75000
4810028,Vegreville,2017,Life Expectancy,Female,Years,82.80000
4810028,Vegreville,2018,Life Expectancy,Female,Years,82.66000
4810028,Vegreville,2019,Life Expectancy,Female,Years,83.04000
4810028,Vegreville,2020,Life Expectancy,Female,Years,82.91000
4810028,Vegreville,2021,Life Expectancy,Female,Years,82.75000
4810028,Vegreville,2022,Life Expectancy,Female,Years,82.95000
4810028,Vegreville,2011,Life Expectancy,Male,Years,75.92000
4810028,Vegreville,2012,Life Expectancy,Male,Years,76.17000
4810028,Vegreville,2013,Life Expectancy,Male,Years,76.67000
4810028,Vegreville,2014,Life Expectancy,Male,Years,76.55000
4810028,Vegreville,2015,Life Expectancy,Male,Years,76.53000
4810028,Vegreville,2016,Life Expectancy,Male,Years,76.35000
4810028,Vegreville,2017,Life Expectancy,Male,Years,76.28000
4810028,Vegreville,2018,Life Expectancy,Male,Years,76.79000
4810028,Vegreville,2019,Life Expectancy,Male,Years,76.87000
4810028,Vegreville,2020,Life Expectancy,Male,Years,77.31000
4810028,Vegreville,2021,Life Expectancy,Male,Years,76.87000
4810028,Vegreville,2022,Life Expectancy,Male,Years,76.51000
4810028,Vegreville,2011,Life Expectancy,Both,Years,79.22000
4810028,Vegreville,2012,Life Expectancy,Both,Years,79.23000
4810028,Vegreville,2013,Life Expectancy,Both,Years,79.70000
4810028,Vegreville,2014,Life Expectancy,Both,Years,79.62000
4810028,Vegreville,2015,Life Expectancy,Both,Years,79.65000
4810028,Vegreville,2016,Life Expectancy,Both,Years,79.41000
4810028,Vegreville,2017,Life Expectancy,Both,Years,79.42000
4810028,Vegreville,2018,Life Expectancy,Both,Years,79.63000
4810028,Vegreville,2019,Life Expectancy,Both,Years,79.87000
4810028,Vegreville,2020,Life Expectancy,Both,Years,80.04000
4810028,Vegreville,2021,Life Expectancy,Both,Years,79.74000
4810028,Vegreville,2022,Life Expectancy,Both,Years,79.62000
4813031,Westlock,2011,Life Expectancy,Female,Years,81.71000
4813031,Westlock,2012,Life Expectancy,Female,Years,82.07000
4813031,Westlock,2013,Life Expectancy,Female,Years,81.92000
4813031,Westlock,2014,Life Expectancy,Female,Years,81.72000
4813031,Westlock,2015,Life Expectancy,Female,Years,81.69000
4813031,Westlock,2016,Life Expectancy,Female,Years,81.85000
4813031,Westlock,2017,Life Expectancy,Female,Years,82.08000
4813031,Westlock,2018,Life Expectancy,Female,Years,82.38000
4813031,Westlock,2019,Life Expectancy,Female,Years,82.16000
4813031,Westlock,2020,Life Expectancy,Female,Years,82.01000
4813031,Westlock,2021,Life Expectancy,Female,Years,82.03000
4813031,Westlock,2022,Life Expectancy,Female,Years,81.86000
4813031,Westlock,2011,Life Expectancy,Male,Years,76.61000
4813031,Westlock,2012,Life Expectancy,Male,Years,76.65000
4813031,Westlock,2013,Life Expectancy,Male,Years,76.81000
4813031,Westlock,2014,Life Expectancy,Male,Years,77.11000
4813031,Westlock,2015,Life Expectancy,Male,Years,77.15000
4813031,Westlock,2016,Life Expectancy,Male,Years,77.32000
4813031,Westlock,2017,Life Expectancy,Male,Years,77.65000
4813031,Westlock,2018,Life Expectancy,Male,Years,77.71000
4813031,Westlock,2019,Life Expectancy,Male,Years,77.69000
4813031,Westlock,2020,Life Expectancy,Male,Years,77.53000
4813031,Westlock,2021,Life Expectancy,Male,Years,77.43000
4813031,Westlock,2022,Life Expectancy,Male,Years,77.39000
4813031,Westlock,2011,Life Expectancy,Both,Years,79.02000
4813031,Westlock,2012,Life Expectancy,Both,Years,79.21000
4813031,Westlock,2013,Life Expectancy,Both,Years,79.23000
4813031,Westlock,2014,Life Expectancy,Both,Years,79.31000
4813031,Westlock,2015,Life Expectancy,Both,Years,79.32000
4813031,Westlock,2016,Life Expectancy,Both,Years,79.48000
4813031,Westlock,2017,Life Expectancy,Both,Years,79.77000
4813031,Westlock,2018,Life Expectancy,Both,Years,79.93000
4813031,Westlock,2019,Life Expectancy,Both,Years,79.81000
4813031,Westlock,2020,Life Expectancy,Both,Years,79.65000
4813031,Westlock,2021,Life Expectancy,Both,Years,79.60000
4813031,Westlock,2022,Life Expectancy,Both,Years,79.49000
4813032,Clyde,2011,Life Expectancy,Female,Years,81.71000
4813032,Clyde,2012,Life Expectancy,Female,Years,82.07000
4813032,Clyde,2013,Life Expectancy,Female,Years,81.92000
4813032,Clyde,2014,Life Expectancy,Female,Years,81.72000
4813032,Clyde,2015,Life Expectancy,Female,Years,81.69000
4813032,Clyde,2016,Life Expectancy,Female,Years,81.85000
4813032,Clyde,2017,Life Expectancy,Female,Years,82.08000
4813032,Clyde,2018,Life Expectancy,Female,Years,82.38000
4813032,Clyde,2019,Life Expectancy,Female,Years,82.16000
4813032,Clyde,2020,Life Expectancy,Female,Years,82.01000
4813032,Clyde,2021,Life Expectancy,Female,Years,82.03000
4813032,Clyde,2022,Life Expectancy,Female,Years,81.86000
4813032,Clyde,2011,Life Expectancy,Male,Years,76.61000
4813032,Clyde,2012,Life Expectancy,Male,Years,76.65000
4813032,Clyde,2013,Life Expectancy,Male,Years,76.81000
4813032,Clyde,2014,Life Expectancy,Male,Years,77.11000
4813032,Clyde,2015,Life Expectancy,Male,Years,77.15000
4813032,Clyde,2016,Life Expectancy,Male,Years,77.32000
4813032,Clyde,2017,Life Expectancy,Male,Years,77.65000
4813032,Clyde,2018,Life Expectancy,Male,Years,77.71000
4813032,Clyde,2019,Life Expectancy,Male,Years,77.69000
4813032,Clyde,2020,Life Expectancy,Male,Years,77.53000
4813032,Clyde,2021,Life Expectancy,Male,Years,77.43000
4813032,Clyde,2022,Life Expectancy,Male,Years,77.39000
4813032,Clyde,2011,Life Expectancy,Both,Years,79.02000
4813032,Clyde,2012,Life Expectancy,Both,Years,79.21000
4813032,Clyde,2013,Life Expectancy,Both,Years,79.23000
4813032,Clyde,2014,Life Expectancy,Both,Years,79.31000
4813032,Clyde,2015,Life Expectancy,Both,Years,79.32000
4813032,Clyde,2016,Life Expectancy,Both,Years,79.48000
4813032,Clyde,2017,Life Expectancy,Both,Years,79.77000
4813032,Clyde,2018,Life Expectancy,Both,Years,79.93000
4813032,Clyde,2019,Life Expectancy,Both,Years,79.81000
4813032,Clyde,2020,Life Expectancy,Both,Years,79.65000
4813032,Clyde,2021,Life Expectancy,Both,Years,79.60000
4813032,Clyde,2022,Life Expectancy,Both,Years,79.49000
4813012,Alberta Beach,2011,Life Expectancy,Female,Years,79.90000
4813012,Alberta Beach,2012,Life Expectancy,Female,Years,80.35000
4813012,Alberta Beach,2013,Life Expectancy,Female,Years,80.10000
4813012,Alberta Beach,2014,Life Expectancy,Female,Years,80.16000
4813012,Alberta Beach,2015,Life Expectancy,Female,Years,79.74000
4813012,Alberta Beach,2016,Life Expectancy,Female,Years,79.66000
4813012,Alberta Beach,2017,Life Expectancy,Female,Years,79.55000
4813012,Alberta Beach,2018,Life Expectancy,Female,Years,79.89000
4813012,Alberta Beach,2019,Life Expectancy,Female,Years,79.63000
4813012,Alberta Beach,2020,Life Expectancy,Female,Years,80.15000
4813012,Alberta Beach,2021,Life Expectancy,Female,Years,80.28000
4813012,Alberta Beach,2022,Life Expectancy,Female,Years,79.90000
4813012,Alberta Beach,2011,Life Expectancy,Male,Years,74.59000
4813012,Alberta Beach,2012,Life Expectancy,Male,Years,74.81000
4813012,Alberta Beach,2013,Life Expectancy,Male,Years,74.65000
4813012,Alberta Beach,2014,Life Expectancy,Male,Years,74.99000
4813012,Alberta Beach,2015,Life Expectancy,Male,Years,75.14000
4813012,Alberta Beach,2016,Life Expectancy,Male,Years,75.27000
4813012,Alberta Beach,2017,Life Expectancy,Male,Years,75.39000
4813012,Alberta Beach,2018,Life Expectancy,Male,Years,75.46000
4813012,Alberta Beach,2019,Life Expectancy,Male,Years,75.65000
4813012,Alberta Beach,2020,Life Expectancy,Male,Years,75.11000
4813012,Alberta Beach,2021,Life Expectancy,Male,Years,74.74000
4813012,Alberta Beach,2022,Life Expectancy,Male,Years,74.68000
4813012,Alberta Beach,2011,Life Expectancy,Both,Years,76.97000
4813012,Alberta Beach,2012,Life Expectancy,Both,Years,77.26000
4813012,Alberta Beach,2013,Life Expectancy,Both,Years,77.06000
4813012,Alberta Beach,2014,Life Expectancy,Both,Years,77.28000
4813012,Alberta Beach,2015,Life Expectancy,Both,Years,77.16000
4813012,Alberta Beach,2016,Life Expectancy,Both,Years,77.22000
4813012,Alberta Beach,2017,Life Expectancy,Both,Years,77.22000
4813012,Alberta Beach,2018,Life Expectancy,Both,Years,77.42000
4813012,Alberta Beach,2019,Life Expectancy,Both,Years,77.40000
4813012,Alberta Beach,2020,Life Expectancy,Both,Years,77.34000
4813012,Alberta Beach,2021,Life Expectancy,Both,Years,77.22000
4813012,Alberta Beach,2022,Life Expectancy,Both,Years,77.04000
4813014,Onoway,2011,Life Expectancy,Female,Years,79.90000
4813014,Onoway,2012,Life Expectancy,Female,Years,80.35000
4813014,Onoway,2013,Life Expectancy,Female,Years,80.10000
4813014,Onoway,2014,Life Expectancy,Female,Years,80.16000
4813014,Onoway,2015,Life Expectancy,Female,Years,79.74000
4813014,Onoway,2016,Life Expectancy,Female,Years,79.66000
4813014,Onoway,2017,Life Expectancy,Female,Years,79.55000
4813014,Onoway,2018,Life Expectancy,Female,Years,79.89000
4813014,Onoway,2019,Life Expectancy,Female,Years,79.63000
4813014,Onoway,2020,Life Expectancy,Female,Years,80.15000
4813014,Onoway,2021,Life Expectancy,Female,Years,80.28000
4813014,Onoway,2022,Life Expectancy,Female,Years,79.90000
4813014,Onoway,2011,Life Expectancy,Male,Years,74.59000
4813014,Onoway,2012,Life Expectancy,Male,Years,74.81000
4813014,Onoway,2013,Life Expectancy,Male,Years,74.65000
4813014,Onoway,2014,Life Expectancy,Male,Years,74.99000
4813014,Onoway,2015,Life Expectancy,Male,Years,75.14000
4813014,Onoway,2016,Life Expectancy,Male,Years,75.27000
4813014,Onoway,2017,Life Expectancy,Male,Years,75.39000
4813014,Onoway,2018,Life Expectancy,Male,Years,75.46000
4813014,Onoway,2019,Life Expectancy,Male,Years,75.65000
4813014,Onoway,2020,Life Expectancy,Male,Years,75.11000
4813014,Onoway,2021,Life Expectancy,Male,Years,74.74000
4813014,Onoway,2022,Life Expectancy,Male,Years,74.68000
4813014,Onoway,2011,Life Expectancy,Both,Years,76.97000
4813014,Onoway,2012,Life Expectancy,Both,Years,77.26000
4813014,Onoway,2013,Life Expectancy,Both,Years,77.06000
4813014,Onoway,2014,Life Expectancy,Both,Years,77.28000
4813014,Onoway,2015,Life Expectancy,Both,Years,77.16000
4813014,Onoway,2016,Life Expectancy,Both,Years,77.22000
4813014,Onoway,2017,Life Expectancy,Both,Years,77.22000
4813014,Onoway,2018,Life Expectancy,Both,Years,77.42000
4813014,Onoway,2019,Life Expectancy,Both,Years,77.40000
4813014,Onoway,2020,Life Expectancy,Both,Years,77.34000
4813014,Onoway,2021,Life Expectancy,Both,Years,77.22000
4813014,Onoway,2022,Life Expectancy,Both,Years,77.04000
4813030,Whitecourt,2011,Life Expectancy,Female,Years,82.45000
4813030,Whitecourt,2012,Life Expectancy,Female,Years,82.53000
4813030,Whitecourt,2013,Life Expectancy,Female,Years,81.80000
4813030,Whitecourt,2014,Life Expectancy,Female,Years,81.27000
4813030,Whitecourt,2015,Life Expectancy,Female,Years,81.28000
4813030,Whitecourt,2016,Life Expectancy,Female,Years,81.40000
4813030,Whitecourt,2017,Life Expectancy,Female,Years,81.74000
4813030,Whitecourt,2018,Life Expectancy,Female,Years,82.53000
4813030,Whitecourt,2019,Life Expectancy,Female,Years,82.49000
4813030,Whitecourt,2020,Life Expectancy,Female,Years,82.13000
4813030,Whitecourt,2021,Life Expectancy,Female,Years,81.98000
4813030,Whitecourt,2022,Life Expectancy,Female,Years,82.46000
4813030,Whitecourt,2023,Life Expectancy,Female,Years,82.90000
4813030,Whitecourt,2011,Life Expectancy,Male,Years,77.10000
4813030,Whitecourt,2012,Life Expectancy,Male,Years,77.59000
4813030,Whitecourt,2013,Life Expectancy,Male,Years,78.06000
4813030,Whitecourt,2014,Life Expectancy,Male,Years,78.11000
4813030,Whitecourt,2015,Life Expectancy,Male,Years,78.19000
4813030,Whitecourt,2016,Life Expectancy,Male,Years,78.17000
4813030,Whitecourt,2017,Life Expectancy,Male,Years,78.64000
4813030,Whitecourt,2018,Life Expectancy,Male,Years,79.04000
4813030,Whitecourt,2019,Life Expectancy,Male,Years,79.18000
4813030,Whitecourt,2020,Life Expectancy,Male,Years,79.82000
4813030,Whitecourt,2021,Life Expectancy,Male,Years,79.08000
4813030,Whitecourt,2022,Life Expectancy,Male,Years,78.91000
4813030,Whitecourt,2023,Life Expectancy,Male,Years,78.41000
4813030,Whitecourt,2011,Life Expectancy,Both,Years,79.79000
4813030,Whitecourt,2012,Life Expectancy,Both,Years,80.11000
4813030,Whitecourt,2013,Life Expectancy,Both,Years,79.99000
4813030,Whitecourt,2014,Life Expectancy,Both,Years,79.70000
4813030,Whitecourt,2015,Life Expectancy,Both,Years,79.76000
4813030,Whitecourt,2016,Life Expectancy,Both,Years,79.78000
4813030,Whitecourt,2017,Life Expectancy,Both,Years,80.16000
4813030,Whitecourt,2018,Life Expectancy,Both,Years,80.78000
4813030,Whitecourt,2019,Life Expectancy,Both,Years,80.81000
4813030,Whitecourt,2020,Life Expectancy,Both,Years,80.91000
4813030,Whitecourt,2021,Life Expectancy,Both,Years,80.53000
4813030,Whitecourt,2022,Life Expectancy,Both,Years,80.63000
4813030,Whitecourt,2023,Life Expectancy,Both,Years,80.52000
4810002,Bashaw,2011,Life Expectancy,Female,Years,81.96000
4810002,Bashaw,2012,Life Expectancy,Female,Years,82.19000
4810002,Bashaw,2013,Life Expectancy,Female,Years,82.16000
4810002,Bashaw,2014,Life Expectancy,Female,Years,82.40000
4810002,Bashaw,2015,Life Expectancy,Female,Years,82.42000
4810002,Bashaw,2016,Life Expectancy,Female,Years,82.68000
4810002,Bashaw,2017,Life Expectancy,Female,Years,82.87000
4810002,Bashaw,2018,Life Expectancy,Female,Years,82.82000
4810002,Bashaw,2019,Life Expectancy,Female,Years,82.96000
4810002,Bashaw,2020,Life Expectancy,Female,Years,82.97000
4810002,Bashaw,2021,Life Expectancy,Female,Years,83.20000
4810002,Bashaw,2022,Life Expectancy,Female,Years,83.23000
4810002,Bashaw,2011,Life Expectancy,Male,Years,76.90000
4810002,Bashaw,2012,Life Expectancy,Male,Years,77.06000
4810002,Bashaw,2013,Life Expectancy,Male,Years,77.40000
4810002,Bashaw,2014,Life Expectancy,Male,Years,77.63000
4810002,Bashaw,2015,Life Expectancy,Male,Years,78.01000
4810002,Bashaw,2016,Life Expectancy,Male,Years,78.26000
4810002,Bashaw,2017,Life Expectancy,Male,Years,78.38000
4810002,Bashaw,2018,Life Expectancy,Male,Years,78.54000
4810002,Bashaw,2019,Life Expectancy,Male,Years,78.68000
4810002,Bashaw,2020,Life Expectancy,Male,Years,78.76000
4810002,Bashaw,2021,Life Expectancy,Male,Years,78.66000
4810002,Bashaw,2022,Life Expectancy,Male,Years,78.69000
4810002,Bashaw,2011,Life Expectancy,Both,Years,79.42000
4810002,Bashaw,2012,Life Expectancy,Both,Years,79.61000
4810002,Bashaw,2013,Life Expectancy,Both,Years,79.77000
4810002,Bashaw,2014,Life Expectancy,Both,Years,80.01000
4810002,Bashaw,2015,Life Expectancy,Both,Years,80.22000
4810002,Bashaw,2016,Life Expectancy,Both,Years,80.48000
4810002,Bashaw,2017,Life Expectancy,Both,Years,80.63000
4810002,Bashaw,2018,Life Expectancy,Both,Years,80.69000
4810002,Bashaw,2019,Life Expectancy,Both,Years,80.82000
4810002,Bashaw,2020,Life Expectancy,Both,Years,80.87000
4810002,Bashaw,2021,Life Expectancy,Both,Years,80.92000
4810002,Bashaw,2022,Life Expectancy,Both,Years,80.95000
4810003,Rosalind,2011,Life Expectancy,Female,Years,81.96000
4810003,Rosalind,2012,Life Expectancy,Female,Years,82.19000
4810003,Rosalind,2013,Life Expectancy,Female,Years,82.16000
4810003,Rosalind,2014,Life Expectancy,Female,Years,82.40000
4810003,Rosalind,2015,Life Expectancy,Female,Years,82.42000
4810003,Rosalind,2016,Life Expectancy,Female,Years,82.68000
4810003,Rosalind,2017,Life Expectancy,Female,Years,82.87000
4810003,Rosalind,2018,Life Expectancy,Female,Years,82.82000
4810003,Rosalind,2019,Life Expectancy,Female,Years,82.96000
4810003,Rosalind,2020,Life Expectancy,Female,Years,82.97000
4810003,Rosalind,2021,Life Expectancy,Female,Years,83.20000
4810003,Rosalind,2022,Life Expectancy,Female,Years,83.23000
4810003,Rosalind,2011,Life Expectancy,Male,Years,76.90000
4810003,Rosalind,2012,Life Expectancy,Male,Years,77.06000
4810003,Rosalind,2013,Life Expectancy,Male,Years,77.40000
4810003,Rosalind,2014,Life Expectancy,Male,Years,77.63000
4810003,Rosalind,2015,Life Expectancy,Male,Years,78.01000
4810003,Rosalind,2016,Life Expectancy,Male,Years,78.26000
4810003,Rosalind,2017,Life Expectancy,Male,Years,78.38000
4810003,Rosalind,2018,Life Expectancy,Male,Years,78.54000
4810003,Rosalind,2019,Life Expectancy,Male,Years,78.68000
4810003,Rosalind,2020,Life Expectancy,Male,Years,78.76000
4810003,Rosalind,2021,Life Expectancy,Male,Years,78.66000
4810003,Rosalind,2022,Life Expectancy,Male,Years,78.69000
4810003,Rosalind,2011,Life Expectancy,Both,Years,79.42000
4810003,Rosalind,2012,Life Expectancy,Both,Years,79.61000
4810003,Rosalind,2013,Life Expectancy,Both,Years,79.77000
4810003,Rosalind,2014,Life Expectancy,Both,Years,80.01000
4810003,Rosalind,2015,Life Expectancy,Both,Years,80.22000
4810003,Rosalind,2016,Life Expectancy,Both,Years,80.48000
4810003,Rosalind,2017,Life Expectancy,Both,Years,80.63000
4810003,Rosalind,2018,Life Expectancy,Both,Years,80.69000
4810003,Rosalind,2019,Life Expectancy,Both,Years,80.82000
4810003,Rosalind,2020,Life Expectancy,Both,Years,80.87000
4810003,Rosalind,2021,Life Expectancy,Both,Years,80.92000
4810003,Rosalind,2022,Life Expectancy,Both,Years,80.95000
4806019,Cochrane,2011,Life Expectancy,Female,Years,84.31724
4806019,Cochrane,2012,Life Expectancy,Female,Years,84.30825
4806019,Cochrane,2013,Life Expectancy,Female,Years,84.34716
4806019,Cochrane,2014,Life Expectancy,Female,Years,84.47024
4806019,Cochrane,2015,Life Expectancy,Female,Years,84.50655
4806019,Cochrane,2016,Life Expectancy,Female,Years,84.50996
4806019,Cochrane,2017,Life Expectancy,Female,Years,84.58772
4806019,Cochrane,2018,Life Expectancy,Female,Years,84.81089
4806019,Cochrane,2019,Life Expectancy,Female,Years,85.03585
4806019,Cochrane,2020,Life Expectancy,Female,Years,84.93608
4806019,Cochrane,2021,Life Expectancy,Female,Years,84.96080
4806019,Cochrane,2022,Life Expectancy,Female,Years,85.05688
4806019,Cochrane,2011,Life Expectancy,Male,Years,80.31745
4806019,Cochrane,2012,Life Expectancy,Male,Years,80.65627
4806019,Cochrane,2013,Life Expectancy,Male,Years,80.91642
4806019,Cochrane,2014,Life Expectancy,Male,Years,81.15256
4806019,Cochrane,2015,Life Expectancy,Male,Years,81.29260
4806019,Cochrane,2016,Life Expectancy,Male,Years,81.63161
4806019,Cochrane,2017,Life Expectancy,Male,Years,81.59214
4806019,Cochrane,2018,Life Expectancy,Male,Years,81.75897
4806019,Cochrane,2019,Life Expectancy,Male,Years,82.11500
4806019,Cochrane,2020,Life Expectancy,Male,Years,82.15920
4806019,Cochrane,2021,Life Expectancy,Male,Years,82.06875
4806019,Cochrane,2022,Life Expectancy,Male,Years,82.05450
4806019,Cochrane,2011,Life Expectancy,Both,Years,82.33643
4806019,Cochrane,2012,Life Expectancy,Both,Years,82.50169
4806019,Cochrane,2013,Life Expectancy,Both,Years,82.65154
4806019,Cochrane,2014,Life Expectancy,Both,Years,82.81509
4806019,Cochrane,2015,Life Expectancy,Both,Years,82.88470
4806019,Cochrane,2016,Life Expectancy,Both,Years,83.06907
4806019,Cochrane,2017,Life Expectancy,Both,Years,83.08434
4806019,Cochrane,2018,Life Expectancy,Both,Years,83.26052
4806019,Cochrane,2019,Life Expectancy,Both,Years,83.56046
4806019,Cochrane,2020,Life Expectancy,Both,Years,83.52351
4806019,Cochrane,2021,Life Expectancy,Both,Years,83.48503
4806019,Cochrane,2022,Life Expectancy,Both,Years,83.53608
4806021,Airdrie,2011,Life Expectancy,Female,Years,84.29000
4806021,Airdrie,2012,Life Expectancy,Female,Years,84.80000
4806021,Airdrie,2013,Life Expectancy,Female,Years,84.98000
4806021,Airdrie,2014,Life Expectancy,Female,Years,84.80000
4806021,Airdrie,2015,Life Expectancy,Female,Years,84.95000
4806021,Airdrie,2016,Life Expectancy,Female,Years,84.96000
4806021,Airdrie,2017,Life Expectancy,Female,Years,84.77000
4806021,Airdrie,2018,Life Expectancy,Female,Years,85.09000
4806021,Airdrie,2019,Life Expectancy,Female,Years,84.86000
4806021,Airdrie,2020,Life Expectancy,Female,Years,84.68000
4806021,Airdrie,2021,Life Expectancy,Female,Years,84.68000
4806021,Airdrie,2022,Life Expectancy,Female,Years,84.88000
4806021,Airdrie,2011,Life Expectancy,Male,Years,80.26000
4806021,Airdrie,2012,Life Expectancy,Male,Years,80.18000
4806021,Airdrie,2013,Life Expectancy,Male,Years,80.35000
4806021,Airdrie,2014,Life Expectancy,Male,Years,80.43000
4806021,Airdrie,2015,Life Expectancy,Male,Years,80.86000
4806021,Airdrie,2016,Life Expectancy,Male,Years,80.86000
4806021,Airdrie,2017,Life Expectancy,Male,Years,81.02000
4806021,Airdrie,2018,Life Expectancy,Male,Years,80.68000
4806021,Airdrie,2019,Life Expectancy,Male,Years,80.88000
4806021,Airdrie,2020,Life Expectancy,Male,Years,81.06000
4806021,Airdrie,2021,Life Expectancy,Male,Years,81.10000
4806021,Airdrie,2022,Life Expectancy,Male,Years,81.05000
4806021,Airdrie,2011,Life Expectancy,Both,Years,82.30000
4806021,Airdrie,2012,Life Expectancy,Both,Years,82.54000
4806021,Airdrie,2013,Life Expectancy,Both,Years,82.70000
4806021,Airdrie,2014,Life Expectancy,Both,Years,82.63000
4806021,Airdrie,2015,Life Expectancy,Both,Years,82.91000
4806021,Airdrie,2016,Life Expectancy,Both,Years,82.94000
4806021,Airdrie,2017,Life Expectancy,Both,Years,82.92000
4806021,Airdrie,2018,Life Expectancy,Both,Years,82.92000
4806021,Airdrie,2019,Life Expectancy,Both,Years,82.92000
4806021,Airdrie,2020,Life Expectancy,Both,Years,82.93000
4806021,Airdrie,2021,Life Expectancy,Both,Years,82.95000
4806021,Airdrie,2022,Life Expectancy,Both,Years,83.02000
4806022,Irricana,2011,Life Expectancy,Female,Years,83.49000
4806022,Irricana,2012,Life Expectancy,Female,Years,83.30000
4806022,Irricana,2013,Life Expectancy,Female,Years,83.10000
4806022,Irricana,2014,Life Expectancy,Female,Years,82.78000
4806022,Irricana,2015,Life Expectancy,Female,Years,82.75000
4806022,Irricana,2016,Life Expectancy,Female,Years,83.11000
4806022,Irricana,2017,Life Expectancy,Female,Years,83.46000
4806022,Irricana,2018,Life Expectancy,Female,Years,83.43000
4806022,Irricana,2019,Life Expectancy,Female,Years,83.22000
4806022,Irricana,2020,Life Expectancy,Female,Years,82.95000
4806022,Irricana,2021,Life Expectancy,Female,Years,83.60000
4806022,Irricana,2022,Life Expectancy,Female,Years,84.01000
4806022,Irricana,2023,Life Expectancy,Female,Years,83.95000
4806022,Irricana,2011,Life Expectancy,Male,Years,80.54000
4806022,Irricana,2012,Life Expectancy,Male,Years,80.68000
4806022,Irricana,2013,Life Expectancy,Male,Years,80.67000
4806022,Irricana,2014,Life Expectancy,Male,Years,80.65000
4806022,Irricana,2015,Life Expectancy,Male,Years,80.77000
4806022,Irricana,2016,Life Expectancy,Male,Years,80.42000
4806022,Irricana,2017,Life Expectancy,Male,Years,80.40000
4806022,Irricana,2018,Life Expectancy,Male,Years,80.51000
4806022,Irricana,2019,Life Expectancy,Male,Years,79.50000
4806022,Irricana,2020,Life Expectancy,Male,Years,79.44000
4806022,Irricana,2021,Life Expectancy,Male,Years,79.39000
4806022,Irricana,2022,Life Expectancy,Male,Years,79.48000
4806022,Irricana,2023,Life Expectancy,Male,Years,79.63000
4806022,Irricana,2011,Life Expectancy,Both,Years,81.90000
4806022,Irricana,2012,Life Expectancy,Both,Years,81.93000
4806022,Irricana,2013,Life Expectancy,Both,Years,81.81000
4806022,Irricana,2014,Life Expectancy,Both,Years,81.67000
4806022,Irricana,2015,Life Expectancy,Both,Years,81.76000
4806022,Irricana,2016,Life Expectancy,Both,Years,81.75000
4806022,Irricana,2017,Life Expectancy,Both,Years,81.89000
4806022,Irricana,2018,Life Expectancy,Both,Years,81.92000
4806022,Irricana,2019,Life Expectancy,Both,Years,81.27000
4806022,Irricana,2020,Life Expectancy,Both,Years,81.13000
4806022,Irricana,2021,Life Expectancy,Both,Years,81.37000
4806022,Irricana,2022,Life Expectancy,Both,Years,81.61000
4806022,Irricana,2023,Life Expectancy,Both,Years,81.66000
4806024,Beiseker,2011,Life Expectancy,Female,Years,83.49000
4806024,Beiseker,2012,Life Expectancy,Female,Years,83.30000
4806024,Beiseker,2013,Life Expectancy,Female,Years,83.10000
4806024,Beiseker,2014,Life Expectancy,Female,Years,82.78000
4806024,Beiseker,2015,Life Expectancy,Female,Years,82.75000
4806024,Beiseker,2016,Life Expectancy,Female,Years,83.11000
4806024,Beiseker,2017,Life Expectancy,Female,Years,83.46000
4806024,Beiseker,2018,Life Expectancy,Female,Years,83.43000
4806024,Beiseker,2019,Life Expectancy,Female,Years,83.22000
4806024,Beiseker,2020,Life Expectancy,Female,Years,82.95000
4806024,Beiseker,2021,Life Expectancy,Female,Years,83.60000
4806024,Beiseker,2022,Life Expectancy,Female,Years,84.01000
4806024,Beiseker,2011,Life Expectancy,Male,Years,80.54000
4806024,Beiseker,2012,Life Expectancy,Male,Years,80.68000
4806024,Beiseker,2013,Life Expectancy,Male,Years,80.67000
4806024,Beiseker,2014,Life Expectancy,Male,Years,80.65000
4806024,Beiseker,2015,Life Expectancy,Male,Years,80.77000
4806024,Beiseker,2016,Life Expectancy,Male,Years,80.42000
4806024,Beiseker,2017,Life Expectancy,Male,Years,80.40000
4806024,Beiseker,2018,Life Expectancy,Male,Years,80.51000
4806024,Beiseker,2019,Life Expectancy,Male,Years,79.50000
4806024,Beiseker,2020,Life Expectancy,Male,Years,79.44000
4806024,Beiseker,2021,Life Expectancy,Male,Years,79.39000
4806024,Beiseker,2022,Life Expectancy,Male,Years,79.48000
4806024,Beiseker,2011,Life Expectancy,Both,Years,81.90000
4806024,Beiseker,2012,Life Expectancy,Both,Years,81.93000
4806024,Beiseker,2013,Life Expectancy,Both,Years,81.81000
4806024,Beiseker,2014,Life Expectancy,Both,Years,81.67000
4806024,Beiseker,2015,Life Expectancy,Both,Years,81.76000
4806024,Beiseker,2016,Life Expectancy,Both,Years,81.75000
4806024,Beiseker,2017,Life Expectancy,Both,Years,81.89000
4806024,Beiseker,2018,Life Expectancy,Both,Years,81.92000
4806024,Beiseker,2019,Life Expectancy,Both,Years,81.27000
4806024,Beiseker,2020,Life Expectancy,Both,Years,81.13000
4806024,Beiseker,2021,Life Expectancy,Both,Years,81.37000
4806024,Beiseker,2022,Life Expectancy,Both,Years,81.61000
4806026,Crossfield,2011,Life Expectancy,Female,Years,83.49000
4806026,Crossfield,2012,Life Expectancy,Female,Years,83.30000
4806026,Crossfield,2013,Life Expectancy,Female,Years,83.10000
4806026,Crossfield,2014,Life Expectancy,Female,Years,82.78000
4806026,Crossfield,2015,Life Expectancy,Female,Years,82.75000
4806026,Crossfield,2016,Life Expectancy,Female,Years,83.11000
4806026,Crossfield,2017,Life Expectancy,Female,Years,83.46000
4806026,Crossfield,2018,Life Expectancy,Female,Years,83.43000
4806026,Crossfield,2019,Life Expectancy,Female,Years,83.22000
4806026,Crossfield,2020,Life Expectancy,Female,Years,82.95000
4806026,Crossfield,2021,Life Expectancy,Female,Years,83.60000
4806026,Crossfield,2022,Life Expectancy,Female,Years,84.01000
4806026,Crossfield,2011,Life Expectancy,Male,Years,80.54000
4806026,Crossfield,2012,Life Expectancy,Male,Years,80.68000
4806026,Crossfield,2013,Life Expectancy,Male,Years,80.67000
4806026,Crossfield,2014,Life Expectancy,Male,Years,80.65000
4806026,Crossfield,2015,Life Expectancy,Male,Years,80.77000
4806026,Crossfield,2016,Life Expectancy,Male,Years,80.42000
4806026,Crossfield,2017,Life Expectancy,Male,Years,80.40000
4806026,Crossfield,2018,Life Expectancy,Male,Years,80.51000
4806026,Crossfield,2019,Life Expectancy,Male,Years,79.50000
4806026,Crossfield,2020,Life Expectancy,Male,Years,79.44000
4806026,Crossfield,2021,Life Expectancy,Male,Years,79.39000
4806026,Crossfield,2022,Life Expectancy,Male,Years,79.48000
4806026,Crossfield,2011,Life Expectancy,Both,Years,81.90000
4806026,Crossfield,2012,Life Expectancy,Both,Years,81.93000
4806026,Crossfield,2013,Life Expectancy,Both,Years,81.81000
4806026,Crossfield,2014,Life Expectancy,Both,Years,81.67000
4806026,Crossfield,2015,Life Expectancy,Both,Years,81.76000
4806026,Crossfield,2016,Life Expectancy,Both,Years,81.75000
4806026,Crossfield,2017,Life Expectancy,Both,Years,81.89000
4806026,Crossfield,2018,Life Expectancy,Both,Years,81.92000
4806026,Crossfield,2019,Life Expectancy,Both,Years,81.27000
4806026,Crossfield,2020,Life Expectancy,Both,Years,81.13000
4806026,Crossfield,2021,Life Expectancy,Both,Years,81.37000
4806026,Crossfield,2022,Life Expectancy,Both,Years,81.61000
4813028,Westlock County,2011,Life Expectancy,Female,Years,81.90582
4813028,Westlock County,2012,Life Expectancy,Female,Years,82.26808
4813028,Westlock County,2013,Life Expectancy,Female,Years,82.18933
4813028,Westlock County,2014,Life Expectancy,Female,Years,82.29228
4813028,Westlock County,2015,Life Expectancy,Female,Years,82.31940
4813028,Westlock County,2016,Life Expectancy,Female,Years,82.45536
4813028,Westlock County,2017,Life Expectancy,Female,Years,82.69862
4813028,Westlock County,2018,Life Expectancy,Female,Years,82.92665
4813028,Westlock County,2019,Life Expectancy,Female,Years,82.81962
4813028,Westlock County,2020,Life Expectancy,Female,Years,82.64666
4813028,Westlock County,2021,Life Expectancy,Female,Years,82.64093
4813028,Westlock County,2022,Life Expectancy,Female,Years,82.46418
4813028,Westlock County,2011,Life Expectancy,Male,Years,76.31570
4813028,Westlock County,2012,Life Expectancy,Male,Years,76.51226
4813028,Westlock County,2013,Life Expectancy,Male,Years,76.89144
4813028,Westlock County,2014,Life Expectancy,Male,Years,77.24342
4813028,Westlock County,2015,Life Expectancy,Male,Years,77.45105
4813028,Westlock County,2016,Life Expectancy,Male,Years,77.54852
4813028,Westlock County,2017,Life Expectancy,Male,Years,78.03069
4813028,Westlock County,2018,Life Expectancy,Male,Years,78.15637
4813028,Westlock County,2019,Life Expectancy,Male,Years,78.32016
4813028,Westlock County,2020,Life Expectancy,Male,Years,78.15073
4813028,Westlock County,2021,Life Expectancy,Male,Years,78.05726
4813028,Westlock County,2022,Life Expectancy,Male,Years,77.71949
4813028,Westlock County,2011,Life Expectancy,Both,Years,78.94830
4813028,Westlock County,2012,Life Expectancy,Both,Years,79.22070
4813028,Westlock County,2013,Life Expectancy,Both,Years,79.40827
4813028,Westlock County,2014,Life Expectancy,Both,Years,79.65225
4813028,Westlock County,2015,Life Expectancy,Both,Years,79.78444
4813028,Westlock County,2016,Life Expectancy,Both,Years,79.88650
4813028,Westlock County,2017,Life Expectancy,Both,Years,80.26075
4813028,Westlock County,2018,Life Expectancy,Both,Years,80.42750
4813028,Westlock County,2019,Life Expectancy,Both,Years,80.46377
4813028,Westlock County,2020,Life Expectancy,Both,Years,80.28949
4813028,Westlock County,2021,Life Expectancy,Both,Years,80.23928
4813028,Westlock County,2022,Life Expectancy,Both,Years,79.96989
4813029,Woodlands County,2011,Life Expectancy,Female,Years,82.35908
4813029,Woodlands County,2012,Life Expectancy,Female,Years,82.57040
4813029,Woodlands County,2013,Life Expectancy,Female,Years,82.18235
4813029,Woodlands County,2014,Life Expectancy,Female,Years,82.16572
4813029,Woodlands County,2015,Life Expectancy,Female,Years,82.21311
4813029,Woodlands County,2016,Life Expectancy,Female,Years,82.31468
4813029,Woodlands County,2017,Life Expectancy,Female,Years,82.61981
4813029,Woodlands County,2018,Life Expectancy,Female,Years,83.10988
4813029,Woodlands County,2019,Life Expectancy,Female,Years,83.12745
4813029,Woodlands County,2020,Life Expectancy,Female,Years,82.83192
4813029,Woodlands County,2021,Life Expectancy,Female,Years,82.72122
4813029,Woodlands County,2022,Life Expectancy,Female,Years,82.90975
4813029,Woodlands County,2023,Life Expectancy,Female,Years,83.12000
4813029,Woodlands County,2011,Life Expectancy,Male,Years,76.52466
4813029,Woodlands County,2012,Life Expectancy,Male,Years,77.01700
4813029,Woodlands County,2013,Life Expectancy,Male,Years,77.62587
4813029,Woodlands County,2014,Life Expectancy,Male,Years,77.83981
4813029,Woodlands County,2015,Life Expectancy,Male,Years,78.10535
4813029,Woodlands County,2016,Life Expectancy,Male,Years,78.08247
4813029,Woodlands County,2017,Life Expectancy,Male,Years,78.67334
4813029,Woodlands County,2018,Life Expectancy,Male,Years,79.00676
4813029,Woodlands County,2019,Life Expectancy,Male,Years,79.29257
4813029,Woodlands County,2020,Life Expectancy,Male,Years,79.58617
4813029,Woodlands County,2021,Life Expectancy,Male,Years,79.11786
4813029,Woodlands County,2022,Life Expectancy,Male,Years,78.65351
4813029,Woodlands County,2023,Life Expectancy,Male,Years,77.62000
4813029,Woodlands County,2011,Life Expectancy,Both,Years,79.35843
4813029,Woodlands County,2012,Life Expectancy,Both,Years,79.72760
4813029,Woodlands County,2013,Life Expectancy,Both,Years,79.87759
4813029,Woodlands County,2014,Life Expectancy,Both,Years,79.94293
4813029,Woodlands County,2015,Life Expectancy,Both,Years,80.12422
4813029,Woodlands County,2016,Life Expectancy,Both,Years,80.13189
4813029,Woodlands County,2017,Life Expectancy,Both,Years,80.57215
4813029,Woodlands County,2018,Life Expectancy,Both,Years,81.00129
4813029,Woodlands County,2019,Life Expectancy,Both,Years,81.15124
4813029,Woodlands County,2020,Life Expectancy,Both,Years,81.12328
4813029,Woodlands County,2021,Life Expectancy,Both,Years,80.88113
4813029,Woodlands County,2022,Life Expectancy,Both,Years,80.70283
4813029,Woodlands County,2023,Life Expectancy,Both,Years,80.23000
4810018,Tofield,2011,Life Expectancy,Female,Years,81.52000
4810018,Tofield,2012,Life Expectancy,Female,Years,81.49000
4810018,Tofield,2013,Life Expectancy,Female,Years,82.03000
4810018,Tofield,2014,Life Expectancy,Female,Years,81.98000
4810018,Tofield,2015,Life Expectancy,Female,Years,81.97000
4810018,Tofield,2016,Life Expectancy,Female,Years,82.21000
4810018,Tofield,2017,Life Expectancy,Female,Years,82.60000
4810018,Tofield,2018,Life Expectancy,Female,Years,82.60000
4810018,Tofield,2019,Life Expectancy,Female,Years,82.97000
4810018,Tofield,2020,Life Expectancy,Female,Years,82.96000
4810018,Tofield,2021,Life Expectancy,Female,Years,82.82000
4810018,Tofield,2022,Life Expectancy,Female,Years,83.14000
4810018,Tofield,2011,Life Expectancy,Male,Years,76.90000
4810018,Tofield,2012,Life Expectancy,Male,Years,77.19000
4810018,Tofield,2013,Life Expectancy,Male,Years,77.40000
4810018,Tofield,2014,Life Expectancy,Male,Years,77.40000
4810018,Tofield,2015,Life Expectancy,Male,Years,77.74000
4810018,Tofield,2016,Life Expectancy,Male,Years,77.54000
4810018,Tofield,2017,Life Expectancy,Male,Years,77.65000
4810018,Tofield,2018,Life Expectancy,Male,Years,77.63000
4810018,Tofield,2019,Life Expectancy,Male,Years,78.22000
4810018,Tofield,2020,Life Expectancy,Male,Years,77.93000
4810018,Tofield,2021,Life Expectancy,Male,Years,77.58000
4810018,Tofield,2022,Life Expectancy,Male,Years,77.49000
4810018,Tofield,2011,Life Expectancy,Both,Years,79.05000
4810018,Tofield,2012,Life Expectancy,Both,Years,79.21000
4810018,Tofield,2013,Life Expectancy,Both,Years,79.58000
4810018,Tofield,2014,Life Expectancy,Both,Years,79.56000
4810018,Tofield,2015,Life Expectancy,Both,Years,79.76000
4810018,Tofield,2016,Life Expectancy,Both,Years,79.77000
4810018,Tofield,2017,Life Expectancy,Both,Years,80.00000
4810018,Tofield,2018,Life Expectancy,Both,Years,79.99000
4810018,Tofield,2019,Life Expectancy,Both,Years,80.48000
4810018,Tofield,2020,Life Expectancy,Both,Years,80.31000
4810018,Tofield,2021,Life Expectancy,Both,Years,80.02000
4810018,Tofield,2022,Life Expectancy,Both,Years,80.08000
4810019,Ryley,2011,Life Expectancy,Female,Years,81.52000
4810019,Ryley,2012,Life Expectancy,Female,Years,81.49000
4810019,Ryley,2013,Life Expectancy,Female,Years,82.03000
4810019,Ryley,2014,Life Expectancy,Female,Years,81.98000
4810019,Ryley,2015,Life Expectancy,Female,Years,81.97000
4810019,Ryley,2016,Life Expectancy,Female,Years,82.21000
4810019,Ryley,2017,Life Expectancy,Female,Years,82.60000
4810019,Ryley,2018,Life Expectancy,Female,Years,82.60000
4810019,Ryley,2019,Life Expectancy,Female,Years,82.97000
4810019,Ryley,2020,Life Expectancy,Female,Years,82.96000
4810019,Ryley,2021,Life Expectancy,Female,Years,82.82000
4810019,Ryley,2022,Life Expectancy,Female,Years,83.14000
4810019,Ryley,2011,Life Expectancy,Male,Years,76.90000
4810019,Ryley,2012,Life Expectancy,Male,Years,77.19000
4810019,Ryley,2013,Life Expectancy,Male,Years,77.40000
4810019,Ryley,2014,Life Expectancy,Male,Years,77.40000
4810019,Ryley,2015,Life Expectancy,Male,Years,77.74000
4810019,Ryley,2016,Life Expectancy,Male,Years,77.54000
4810019,Ryley,2017,Life Expectancy,Male,Years,77.65000
4810019,Ryley,2018,Life Expectancy,Male,Years,77.63000
4810019,Ryley,2019,Life Expectancy,Male,Years,78.22000
4810019,Ryley,2020,Life Expectancy,Male,Years,77.93000
4810019,Ryley,2021,Life Expectancy,Male,Years,77.58000
4810019,Ryley,2022,Life Expectancy,Male,Years,77.49000
4810019,Ryley,2011,Life Expectancy,Both,Years,79.05000
4810019,Ryley,2012,Life Expectancy,Both,Years,79.21000
4810019,Ryley,2013,Life Expectancy,Both,Years,79.58000
4810019,Ryley,2014,Life Expectancy,Both,Years,79.56000
4810019,Ryley,2015,Life Expectancy,Both,Years,79.76000
4810019,Ryley,2016,Life Expectancy,Both,Years,79.77000
4810019,Ryley,2017,Life Expectancy,Both,Years,80.00000
4810019,Ryley,2018,Life Expectancy,Both,Years,79.99000
4810019,Ryley,2019,Life Expectancy,Both,Years,80.48000
4810019,Ryley,2020,Life Expectancy,Both,Years,80.31000
4810019,Ryley,2021,Life Expectancy,Both,Years,80.02000
4810019,Ryley,2022,Life Expectancy,Both,Years,80.08000
4810021,Holden,2011,Life Expectancy,Female,Years,81.52000
4810021,Holden,2012,Life Expectancy,Female,Years,81.49000
4810021,Holden,2013,Life Expectancy,Female,Years,82.03000
4810021,Holden,2014,Life Expectancy,Female,Years,81.98000
4810021,Holden,2015,Life Expectancy,Female,Years,81.97000
4810021,Holden,2016,Life Expectancy,Female,Years,82.21000
4810021,Holden,2017,Life Expectancy,Female,Years,82.60000
4810021,Holden,2018,Life Expectancy,Female,Years,82.60000
4810021,Holden,2019,Life Expectancy,Female,Years,82.97000
4810021,Holden,2020,Life Expectancy,Female,Years,82.96000
4810021,Holden,2021,Life Expectancy,Female,Years,82.82000
4810021,Holden,2022,Life Expectancy,Female,Years,83.14000
4810021,Holden,2023,Life Expectancy,Female,Years,82.93000
4810021,Holden,2011,Life Expectancy,Male,Years,76.90000
4810021,Holden,2012,Life Expectancy,Male,Years,77.19000
4810021,Holden,2013,Life Expectancy,Male,Years,77.40000
4810021,Holden,2014,Life Expectancy,Male,Years,77.40000
4810021,Holden,2015,Life Expectancy,Male,Years,77.74000
4810021,Holden,2016,Life Expectancy,Male,Years,77.54000
4810021,Holden,2017,Life Expectancy,Male,Years,77.65000
4810021,Holden,2018,Life Expectancy,Male,Years,77.63000
4810021,Holden,2019,Life Expectancy,Male,Years,78.22000
4810021,Holden,2020,Life Expectancy,Male,Years,77.93000
4810021,Holden,2021,Life Expectancy,Male,Years,77.58000
4810021,Holden,2022,Life Expectancy,Male,Years,77.49000
4810021,Holden,2023,Life Expectancy,Male,Years,77.71000
4810021,Holden,2011,Life Expectancy,Both,Years,79.05000
4810021,Holden,2012,Life Expectancy,Both,Years,79.21000
4810021,Holden,2013,Life Expectancy,Both,Years,79.58000
4810021,Holden,2014,Life Expectancy,Both,Years,79.56000
4810021,Holden,2015,Life Expectancy,Both,Years,79.76000
4810021,Holden,2016,Life Expectancy,Both,Years,79.77000
4810021,Holden,2017,Life Expectancy,Both,Years,80.00000
4810021,Holden,2018,Life Expectancy,Both,Years,79.99000
4810021,Holden,2019,Life Expectancy,Both,Years,80.48000
4810021,Holden,2020,Life Expectancy,Both,Years,80.31000
4810021,Holden,2021,Life Expectancy,Both,Years,80.02000
4810021,Holden,2022,Life Expectancy,Both,Years,80.08000
4810021,Holden,2023,Life Expectancy,Both,Years,80.14000
4813017,Sunrise Beach,2011,Life Expectancy,Female,Years,79.90000
4813017,Sunrise Beach,2012,Life Expectancy,Female,Years,80.35000
4813017,Sunrise Beach,2013,Life Expectancy,Female,Years,80.10000
4813017,Sunrise Beach,2014,Life Expectancy,Female,Years,80.16000
4813017,Sunrise Beach,2015,Life Expectancy,Female,Years,79.74000
4813017,Sunrise Beach,2016,Life Expectancy,Female,Years,79.66000
4813017,Sunrise Beach,2017,Life Expectancy,Female,Years,79.55000
4813017,Sunrise Beach,2018,Life Expectancy,Female,Years,79.89000
4813017,Sunrise Beach,2019,Life Expectancy,Female,Years,79.63000
4813017,Sunrise Beach,2020,Life Expectancy,Female,Years,80.15000
4813017,Sunrise Beach,2021,Life Expectancy,Female,Years,80.28000
4813017,Sunrise Beach,2022,Life Expectancy,Female,Years,79.90000
4813017,Sunrise Beach,2023,Life Expectancy,Female,Years,79.56000
4813017,Sunrise Beach,2011,Life Expectancy,Male,Years,74.59000
4813017,Sunrise Beach,2012,Life Expectancy,Male,Years,74.81000
4813017,Sunrise Beach,2013,Life Expectancy,Male,Years,74.65000
4813017,Sunrise Beach,2014,Life Expectancy,Male,Years,74.99000
4813017,Sunrise Beach,2015,Life Expectancy,Male,Years,75.14000
4813017,Sunrise Beach,2016,Life Expectancy,Male,Years,75.27000
4813017,Sunrise Beach,2017,Life Expectancy,Male,Years,75.39000
4813017,Sunrise Beach,2018,Life Expectancy,Male,Years,75.46000
4813017,Sunrise Beach,2019,Life Expectancy,Male,Years,75.65000
4813017,Sunrise Beach,2020,Life Expectancy,Male,Years,75.11000
4813017,Sunrise Beach,2021,Life Expectancy,Male,Years,74.74000
4813017,Sunrise Beach,2022,Life Expectancy,Male,Years,74.68000
4813017,Sunrise Beach,2023,Life Expectancy,Male,Years,75.06000
4813017,Sunrise Beach,2011,Life Expectancy,Both,Years,76.97000
4813017,Sunrise Beach,2012,Life Expectancy,Both,Years,77.26000
4813017,Sunrise Beach,2013,Life Expectancy,Both,Years,77.06000
4813017,Sunrise Beach,2014,Life Expectancy,Both,Years,77.28000
4813017,Sunrise Beach,2015,Life Expectancy,Both,Years,77.16000
4813017,Sunrise Beach,2016,Life Expectancy,Both,Years,77.22000
4813017,Sunrise Beach,2017,Life Expectancy,Both,Years,77.22000
4813017,Sunrise Beach,2018,Life Expectancy,Both,Years,77.42000
4813017,Sunrise Beach,2019,Life Expectancy,Both,Years,77.40000
4813017,Sunrise Beach,2020,Life Expectancy,Both,Years,77.34000
4813017,Sunrise Beach,2021,Life Expectancy,Both,Years,77.22000
4813017,Sunrise Beach,2022,Life Expectancy,Both,Years,77.04000
4813017,Sunrise Beach,2023,Life Expectancy,Both,Years,77.11000
4813018,Barrhead County No. 11,2011,Life Expectancy,Female,Years,82.25000
4813018,Barrhead County No. 11,2012,Life Expectancy,Female,Years,82.62000
4813018,Barrhead County No. 11,2013,Life Expectancy,Female,Years,82.67000
4813018,Barrhead County No. 11,2014,Life Expectancy,Female,Years,83.31000
4813018,Barrhead County No. 11,2015,Life Expectancy,Female,Years,83.43000
4813018,Barrhead County No. 11,2016,Life Expectancy,Female,Years,83.52000
4813018,Barrhead County No. 11,2017,Life Expectancy,Female,Years,83.77000
4813018,Barrhead County No. 11,2018,Life Expectancy,Female,Years,83.86000
4813018,Barrhead County No. 11,2019,Life Expectancy,Female,Years,83.95000
4813018,Barrhead County No. 11,2020,Life Expectancy,Female,Years,83.74000
4813018,Barrhead County No. 11,2021,Life Expectancy,Female,Years,83.68000
4813018,Barrhead County No. 11,2022,Life Expectancy,Female,Years,83.49000
4813018,Barrhead County No. 11,2011,Life Expectancy,Male,Years,75.78000
4813018,Barrhead County No. 11,2012,Life Expectancy,Male,Years,76.26000
4813018,Barrhead County No. 11,2013,Life Expectancy,Male,Years,77.04000
4813018,Barrhead County No. 11,2014,Life Expectancy,Male,Years,77.48000
4813018,Barrhead County No. 11,2015,Life Expectancy,Male,Years,77.99000
4813018,Barrhead County No. 11,2016,Life Expectancy,Male,Years,77.96000
4813018,Barrhead County No. 11,2017,Life Expectancy,Male,Years,78.72000
4813018,Barrhead County No. 11,2018,Life Expectancy,Male,Years,78.96000
4813018,Barrhead County No. 11,2019,Life Expectancy,Male,Years,79.45000
4813018,Barrhead County No. 11,2020,Life Expectancy,Male,Years,79.26000
4813018,Barrhead County No. 11,2021,Life Expectancy,Male,Years,79.17000
4813018,Barrhead County No. 11,2022,Life Expectancy,Male,Years,78.30000
4813018,Barrhead County No. 11,2011,Life Expectancy,Both,Years,78.82000
4813018,Barrhead County No. 11,2012,Life Expectancy,Both,Years,79.24000
4813018,Barrhead County No. 11,2013,Life Expectancy,Both,Years,79.73000
4813018,Barrhead County No. 11,2014,Life Expectancy,Both,Years,80.26000
4813018,Barrhead County No. 11,2015,Life Expectancy,Both,Years,80.61000
4813018,Barrhead County No. 11,2016,Life Expectancy,Both,Years,80.61000
4813018,Barrhead County No. 11,2017,Life Expectancy,Both,Years,81.13000
4813018,Barrhead County No. 11,2018,Life Expectancy,Both,Years,81.30000
4813018,Barrhead County No. 11,2019,Life Expectancy,Both,Years,81.61000
4813018,Barrhead County No. 11,2020,Life Expectancy,Both,Years,81.41000
4813018,Barrhead County No. 11,2021,Life Expectancy,Both,Years,81.35000
4813018,Barrhead County No. 11,2022,Life Expectancy,Both,Years,80.80000
4810012,Bittern Lake,2011,Life Expectancy,Female,Years,81.96000
4810012,Bittern Lake,2012,Life Expectancy,Female,Years,82.19000
4810012,Bittern Lake,2013,Life Expectancy,Female,Years,82.16000
4810012,Bittern Lake,2014,Life Expectancy,Female,Years,82.40000
4810012,Bittern Lake,2015,Life Expectancy,Female,Years,82.42000
4810012,Bittern Lake,2016,Life Expectancy,Female,Years,82.68000
4810012,Bittern Lake,2017,Life Expectancy,Female,Years,82.87000
4810012,Bittern Lake,2018,Life Expectancy,Female,Years,82.82000
4810012,Bittern Lake,2019,Life Expectancy,Female,Years,82.96000
4810012,Bittern Lake,2020,Life Expectancy,Female,Years,82.97000
4810012,Bittern Lake,2021,Life Expectancy,Female,Years,83.20000
4810012,Bittern Lake,2022,Life Expectancy,Female,Years,83.23000
4810012,Bittern Lake,2011,Life Expectancy,Male,Years,76.90000
4810012,Bittern Lake,2012,Life Expectancy,Male,Years,77.06000
4810012,Bittern Lake,2013,Life Expectancy,Male,Years,77.40000
4810012,Bittern Lake,2014,Life Expectancy,Male,Years,77.63000
4810012,Bittern Lake,2015,Life Expectancy,Male,Years,78.01000
4810012,Bittern Lake,2016,Life Expectancy,Male,Years,78.26000
4810012,Bittern Lake,2017,Life Expectancy,Male,Years,78.38000
4810012,Bittern Lake,2018,Life Expectancy,Male,Years,78.54000
4810012,Bittern Lake,2019,Life Expectancy,Male,Years,78.68000
4810012,Bittern Lake,2020,Life Expectancy,Male,Years,78.76000
4810012,Bittern Lake,2021,Life Expectancy,Male,Years,78.66000
4810012,Bittern Lake,2022,Life Expectancy,Male,Years,78.69000
4810012,Bittern Lake,2011,Life Expectancy,Both,Years,79.42000
4810012,Bittern Lake,2012,Life Expectancy,Both,Years,79.61000
4810012,Bittern Lake,2013,Life Expectancy,Both,Years,79.77000
4810012,Bittern Lake,2014,Life Expectancy,Both,Years,80.01000
4810012,Bittern Lake,2015,Life Expectancy,Both,Years,80.22000
4810012,Bittern Lake,2016,Life Expectancy,Both,Years,80.48000
4810012,Bittern Lake,2017,Life Expectancy,Both,Years,80.63000
4810012,Bittern Lake,2018,Life Expectancy,Both,Years,80.69000
4810012,Bittern Lake,2019,Life Expectancy,Both,Years,80.82000
4810012,Bittern Lake,2020,Life Expectancy,Both,Years,80.87000
4810012,Bittern Lake,2021,Life Expectancy,Both,Years,80.92000
4810012,Bittern Lake,2022,Life Expectancy,Both,Years,80.95000
4810014,Hay Lakes,2011,Life Expectancy,Female,Years,81.96000
4810014,Hay Lakes,2012,Life Expectancy,Female,Years,82.19000
4810014,Hay Lakes,2013,Life Expectancy,Female,Years,82.16000
4810014,Hay Lakes,2014,Life Expectancy,Female,Years,82.40000
4810014,Hay Lakes,2015,Life Expectancy,Female,Years,82.42000
4810014,Hay Lakes,2016,Life Expectancy,Female,Years,82.68000
4810014,Hay Lakes,2017,Life Expectancy,Female,Years,82.87000
4810014,Hay Lakes,2018,Life Expectancy,Female,Years,82.82000
4810014,Hay Lakes,2019,Life Expectancy,Female,Years,82.96000
4810014,Hay Lakes,2020,Life Expectancy,Female,Years,82.97000
4810014,Hay Lakes,2021,Life Expectancy,Female,Years,83.20000
4810014,Hay Lakes,2022,Life Expectancy,Female,Years,83.23000
4810014,Hay Lakes,2023,Life Expectancy,Female,Years,83.23000
4810014,Hay Lakes,2011,Life Expectancy,Male,Years,76.90000
4810014,Hay Lakes,2012,Life Expectancy,Male,Years,77.06000
4810014,Hay Lakes,2013,Life Expectancy,Male,Years,77.40000
4810014,Hay Lakes,2014,Life Expectancy,Male,Years,77.63000
4810014,Hay Lakes,2015,Life Expectancy,Male,Years,78.01000
4810014,Hay Lakes,2016,Life Expectancy,Male,Years,78.26000
4810014,Hay Lakes,2017,Life Expectancy,Male,Years,78.38000
4810014,Hay Lakes,2018,Life Expectancy,Male,Years,78.54000
4810014,Hay Lakes,2019,Life Expectancy,Male,Years,78.68000
4810014,Hay Lakes,2020,Life Expectancy,Male,Years,78.76000
4810014,Hay Lakes,2021,Life Expectancy,Male,Years,78.66000
4810014,Hay Lakes,2022,Life Expectancy,Male,Years,78.69000
4810014,Hay Lakes,2023,Life Expectancy,Male,Years,78.53000
4810014,Hay Lakes,2011,Life Expectancy,Both,Years,79.42000
4810014,Hay Lakes,2012,Life Expectancy,Both,Years,79.61000
4810014,Hay Lakes,2013,Life Expectancy,Both,Years,79.77000
4810014,Hay Lakes,2014,Life Expectancy,Both,Years,80.01000
4810014,Hay Lakes,2015,Life Expectancy,Both,Years,80.22000
4810014,Hay Lakes,2016,Life Expectancy,Both,Years,80.48000
4810014,Hay Lakes,2017,Life Expectancy,Both,Years,80.63000
4810014,Hay Lakes,2018,Life Expectancy,Both,Years,80.69000
4810014,Hay Lakes,2019,Life Expectancy,Both,Years,80.82000
4810014,Hay Lakes,2020,Life Expectancy,Both,Years,80.87000
4810014,Hay Lakes,2021,Life Expectancy,Both,Years,80.92000
4810014,Hay Lakes,2022,Life Expectancy,Both,Years,80.95000
4810014,Hay Lakes,2023,Life Expectancy,Both,Years,80.87000
4810016,Beaver County,2011,Life Expectancy,Female,Years,81.61066
4810016,Beaver County,2012,Life Expectancy,Female,Years,81.46950
4810016,Beaver County,2013,Life Expectancy,Female,Years,82.08891
4810016,Beaver County,2014,Life Expectancy,Female,Years,82.25915
4810016,Beaver County,2015,Life Expectancy,Female,Years,82.23096
4810016,Beaver County,2016,Life Expectancy,Female,Years,82.35850
4810016,Beaver County,2017,Life Expectancy,Female,Years,82.65222
4810016,Beaver County,2018,Life Expectancy,Female,Years,82.66742
4810016,Beaver County,2019,Life Expectancy,Female,Years,83.01460
4810016,Beaver County,2020,Life Expectancy,Female,Years,82.87352
4810016,Beaver County,2021,Life Expectancy,Female,Years,82.54729
4810016,Beaver County,2022,Life Expectancy,Female,Years,82.92459
4810016,Beaver County,2011,Life Expectancy,Male,Years,77.20708
4810016,Beaver County,2012,Life Expectancy,Male,Years,77.52377
4810016,Beaver County,2013,Life Expectancy,Male,Years,77.70079
4810016,Beaver County,2014,Life Expectancy,Male,Years,77.51255
4810016,Beaver County,2015,Life Expectancy,Male,Years,77.72311
4810016,Beaver County,2016,Life Expectancy,Male,Years,77.56881
4810016,Beaver County,2017,Life Expectancy,Male,Years,77.71573
4810016,Beaver County,2018,Life Expectancy,Male,Years,77.58145
4810016,Beaver County,2019,Life Expectancy,Male,Years,78.12086
4810016,Beaver County,2020,Life Expectancy,Male,Years,77.90931
4810016,Beaver County,2021,Life Expectancy,Male,Years,77.50818
4810016,Beaver County,2022,Life Expectancy,Male,Years,77.41092
4810016,Beaver County,2011,Life Expectancy,Both,Years,79.27224
4810016,Beaver County,2012,Life Expectancy,Both,Years,79.37177
4810016,Beaver County,2013,Life Expectancy,Both,Years,79.75012
4810016,Beaver County,2014,Life Expectancy,Both,Years,79.73606
4810016,Beaver County,2015,Life Expectancy,Both,Years,79.86282
4810016,Beaver County,2016,Life Expectancy,Both,Years,79.84736
4810016,Beaver County,2017,Life Expectancy,Both,Years,80.05429
4810016,Beaver County,2018,Life Expectancy,Both,Years,79.98073
4810016,Beaver County,2019,Life Expectancy,Both,Years,80.43580
4810016,Beaver County,2020,Life Expectancy,Both,Years,80.25437
4810016,Beaver County,2021,Life Expectancy,Both,Years,79.86533
4810016,Beaver County,2022,Life Expectancy,Both,Years,79.94305
4813019,Barrhead,2011,Life Expectancy,Female,Years,82.25000
4813019,Barrhead,2012,Life Expectancy,Female,Years,82.62000
4813019,Barrhead,2013,Life Expectancy,Female,Years,82.67000
4813019,Barrhead,2014,Life Expectancy,Female,Years,83.31000
4813019,Barrhead,2015,Life Expectancy,Female,Years,83.43000
4813019,Barrhead,2016,Life Expectancy,Female,Years,83.52000
4813019,Barrhead,2017,Life Expectancy,Female,Years,83.77000
4813019,Barrhead,2018,Life Expectancy,Female,Years,83.86000
4813019,Barrhead,2019,Life Expectancy,Female,Years,83.95000
4813019,Barrhead,2020,Life Expectancy,Female,Years,83.74000
4813019,Barrhead,2021,Life Expectancy,Female,Years,83.68000
4813019,Barrhead,2022,Life Expectancy,Female,Years,83.49000
4813019,Barrhead,2011,Life Expectancy,Male,Years,75.78000
4813019,Barrhead,2012,Life Expectancy,Male,Years,76.26000
4813019,Barrhead,2013,Life Expectancy,Male,Years,77.04000
4813019,Barrhead,2014,Life Expectancy,Male,Years,77.48000
4813019,Barrhead,2015,Life Expectancy,Male,Years,77.99000
4813019,Barrhead,2016,Life Expectancy,Male,Years,77.96000
4813019,Barrhead,2017,Life Expectancy,Male,Years,78.72000
4813019,Barrhead,2018,Life Expectancy,Male,Years,78.96000
4813019,Barrhead,2019,Life Expectancy,Male,Years,79.45000
4813019,Barrhead,2020,Life Expectancy,Male,Years,79.26000
4813019,Barrhead,2021,Life Expectancy,Male,Years,79.17000
4813019,Barrhead,2022,Life Expectancy,Male,Years,78.30000
4813019,Barrhead,2011,Life Expectancy,Both,Years,78.82000
4813019,Barrhead,2012,Life Expectancy,Both,Years,79.24000
4813019,Barrhead,2013,Life Expectancy,Both,Years,79.73000
4813019,Barrhead,2014,Life Expectancy,Both,Years,80.26000
4813019,Barrhead,2015,Life Expectancy,Both,Years,80.61000
4813019,Barrhead,2016,Life Expectancy,Both,Years,80.61000
4813019,Barrhead,2017,Life Expectancy,Both,Years,81.13000
4813019,Barrhead,2018,Life Expectancy,Both,Years,81.30000
4813019,Barrhead,2019,Life Expectancy,Both,Years,81.61000
4813019,Barrhead,2020,Life Expectancy,Both,Years,81.41000
4813019,Barrhead,2021,Life Expectancy,Both,Years,81.35000
4813019,Barrhead,2022,Life Expectancy,Both,Years,80.80000
4801006,Medicine Hat,2011,Life Expectancy,Female,Years,82.35000
4801006,Medicine Hat,2012,Life Expectancy,Female,Years,82.38000
4801006,Medicine Hat,2013,Life Expectancy,Female,Years,82.43000
4801006,Medicine Hat,2014,Life Expectancy,Female,Years,82.37000
4801006,Medicine Hat,2015,Life Expectancy,Female,Years,82.55000
4801006,Medicine Hat,2016,Life Expectancy,Female,Years,82.53000
4801006,Medicine Hat,2017,Life Expectancy,Female,Years,82.40000
4801006,Medicine Hat,2018,Life Expectancy,Female,Years,82.35000
4801006,Medicine Hat,2019,Life Expectancy,Female,Years,82.36000
4801006,Medicine Hat,2020,Life Expectancy,Female,Years,82.56000
4801006,Medicine Hat,2021,Life Expectancy,Female,Years,82.29000
4801006,Medicine Hat,2022,Life Expectancy,Female,Years,82.12000
4801006,Medicine Hat,2023,Life Expectancy,Female,Years,82.02000
4801006,Medicine Hat,2011,Life Expectancy,Male,Years,76.89000
4801006,Medicine Hat,2012,Life Expectancy,Male,Years,76.97000
4801006,Medicine Hat,2013,Life Expectancy,Male,Years,77.03000
4801006,Medicine Hat,2014,Life Expectancy,Male,Years,77.09000
4801006,Medicine Hat,2015,Life Expectancy,Male,Years,77.27000
4801006,Medicine Hat,2016,Life Expectancy,Male,Years,77.25000
4801006,Medicine Hat,2017,Life Expectancy,Male,Years,77.37000
4801006,Medicine Hat,2018,Life Expectancy,Male,Years,77.49000
4801006,Medicine Hat,2019,Life Expectancy,Male,Years,77.80000
4801006,Medicine Hat,2020,Life Expectancy,Male,Years,77.85000
4801006,Medicine Hat,2021,Life Expectancy,Male,Years,77.77000
4801006,Medicine Hat,2022,Life Expectancy,Male,Years,77.76000
4801006,Medicine Hat,2023,Life Expectancy,Male,Years,77.73000
4801006,Medicine Hat,2011,Life Expectancy,Both,Years,79.64000
4801006,Medicine Hat,2012,Life Expectancy,Both,Years,79.68000
4801006,Medicine Hat,2013,Life Expectancy,Both,Years,79.74000
4801006,Medicine Hat,2014,Life Expectancy,Both,Years,79.73000
4801006,Medicine Hat,2015,Life Expectancy,Both,Years,79.92000
4801006,Medicine Hat,2016,Life Expectancy,Both,Years,79.89000
4801006,Medicine Hat,2017,Life Expectancy,Both,Years,79.89000
4801006,Medicine Hat,2018,Life Expectancy,Both,Years,79.94000
4801006,Medicine Hat,2019,Life Expectancy,Both,Years,80.10000
4801006,Medicine Hat,2020,Life Expectancy,Both,Years,80.22000
4801006,Medicine Hat,2021,Life Expectancy,Both,Years,80.04000
4801006,Medicine Hat,2022,Life Expectancy,Both,Years,79.95000
4801006,Medicine Hat,2023,Life Expectancy,Both,Years,79.88000
4801008,Forty Mile County No. 8,2011,Life Expectancy,Female,Years,81.17000
4801008,Forty Mile County No. 8,2012,Life Expectancy,Female,Years,81.17000
4801008,Forty Mile County No. 8,2013,Life Expectancy,Female,Years,81.16000
4801008,Forty Mile County No. 8,2014,Life Expectancy,Female,Years,81.34000
4801008,Forty Mile County No. 8,2015,Life Expectancy,Female,Years,81.51000
4801008,Forty Mile County No. 8,2016,Life Expectancy,Female,Years,82.00000
4801008,Forty Mile County No. 8,2017,Life Expectancy,Female,Years,82.15000
4801008,Forty Mile County No. 8,2018,Life Expectancy,Female,Years,82.39000
4801008,Forty Mile County No. 8,2019,Life Expectancy,Female,Years,82.69000
4801008,Forty Mile County No. 8,2020,Life Expectancy,Female,Years,82.71000
4801008,Forty Mile County No. 8,2021,Life Expectancy,Female,Years,82.52000
4801008,Forty Mile County No. 8,2022,Life Expectancy,Female,Years,83.14000
4801008,Forty Mile County No. 8,2011,Life Expectancy,Male,Years,76.69000
4801008,Forty Mile County No. 8,2012,Life Expectancy,Male,Years,77.19000
4801008,Forty Mile County No. 8,2013,Life Expectancy,Male,Years,77.22000
4801008,Forty Mile County No. 8,2014,Life Expectancy,Male,Years,77.77000
4801008,Forty Mile County No. 8,2015,Life Expectancy,Male,Years,77.76000
4801008,Forty Mile County No. 8,2016,Life Expectancy,Male,Years,78.35000
4801008,Forty Mile County No. 8,2017,Life Expectancy,Male,Years,78.71000
4801008,Forty Mile County No. 8,2018,Life Expectancy,Male,Years,78.23000
4801008,Forty Mile County No. 8,2019,Life Expectancy,Male,Years,78.56000
4801008,Forty Mile County No. 8,2020,Life Expectancy,Male,Years,79.69000
4801008,Forty Mile County No. 8,2021,Life Expectancy,Male,Years,79.33000
4801008,Forty Mile County No. 8,2022,Life Expectancy,Male,Years,78.68000
4801008,Forty Mile County No. 8,2011,Life Expectancy,Both,Years,78.81000
4801008,Forty Mile County No. 8,2012,Life Expectancy,Both,Years,79.07000
4801008,Forty Mile County No. 8,2013,Life Expectancy,Both,Years,79.08000
4801008,Forty Mile County No. 8,2014,Life Expectancy,Both,Years,79.46000
4801008,Forty Mile County No. 8,2015,Life Expectancy,Both,Years,79.52000
4801008,Forty Mile County No. 8,2016,Life Expectancy,Both,Years,80.03000
4801008,Forty Mile County No. 8,2017,Life Expectancy,Both,Years,80.36000
4801008,Forty Mile County No. 8,2018,Life Expectancy,Both,Years,80.22000
4801008,Forty Mile County No. 8,2019,Life Expectancy,Both,Years,80.52000
4801008,Forty Mile County No. 8,2020,Life Expectancy,Both,Years,81.14000
4801008,Forty Mile County No. 8,2021,Life Expectancy,Both,Years,80.84000
4801008,Forty Mile County No. 8,2022,Life Expectancy,Both,Years,80.77000
4801003,Cypress County,2011,Life Expectancy,Female,Years,84.01000
4801003,Cypress County,2012,Life Expectancy,Female,Years,85.90000
4801003,Cypress County,2013,Life Expectancy,Female,Years,86.16000
4801003,Cypress County,2014,Life Expectancy,Female,Years,86.31000
4801003,Cypress County,2015,Life Expectancy,Female,Years,86.80000
4801003,Cypress County,2016,Life Expectancy,Female,Years,84.68000
4801003,Cypress County,2017,Life Expectancy,Female,Years,83.08000
4801003,Cypress County,2018,Life Expectancy,Female,Years,83.16000
4801003,Cypress County,2019,Life Expectancy,Female,Years,82.98000
4801003,Cypress County,2020,Life Expectancy,Female,Years,82.68000
4801003,Cypress County,2021,Life Expectancy,Female,Years,82.45000
4801003,Cypress County,2022,Life Expectancy,Female,Years,82.10000
4801003,Cypress County,2023,Life Expectancy,Female,Years,82.04000
4801003,Cypress County,2011,Life Expectancy,Male,Years,77.33000
4801003,Cypress County,2012,Life Expectancy,Male,Years,78.70000
4801003,Cypress County,2013,Life Expectancy,Male,Years,79.46000
4801003,Cypress County,2014,Life Expectancy,Male,Years,80.23000
4801003,Cypress County,2015,Life Expectancy,Male,Years,79.07000
4801003,Cypress County,2016,Life Expectancy,Male,Years,78.89000
4801003,Cypress County,2017,Life Expectancy,Male,Years,78.92000
4801003,Cypress County,2018,Life Expectancy,Male,Years,78.92000
4801003,Cypress County,2019,Life Expectancy,Male,Years,79.12000
4801003,Cypress County,2020,Life Expectancy,Male,Years,79.16000
4801003,Cypress County,2021,Life Expectancy,Male,Years,79.20000
4801003,Cypress County,2022,Life Expectancy,Male,Years,79.04000
4801003,Cypress County,2023,Life Expectancy,Male,Years,78.57000
4801003,Cypress County,2011,Life Expectancy,Both,Years,80.42000
4801003,Cypress County,2012,Life Expectancy,Both,Years,81.92000
4801003,Cypress County,2013,Life Expectancy,Both,Years,82.47000
4801003,Cypress County,2014,Life Expectancy,Both,Years,83.11000
4801003,Cypress County,2015,Life Expectancy,Both,Years,82.35000
4801003,Cypress County,2016,Life Expectancy,Both,Years,81.51000
4801003,Cypress County,2017,Life Expectancy,Both,Years,80.89000
4801003,Cypress County,2018,Life Expectancy,Both,Years,80.96000
4801003,Cypress County,2019,Life Expectancy,Both,Years,80.97000
4801003,Cypress County,2020,Life Expectancy,Both,Years,80.87000
4801003,Cypress County,2021,Life Expectancy,Both,Years,80.79000
4801003,Cypress County,2022,Life Expectancy,Both,Years,80.54000
4801003,Cypress County,2023,Life Expectancy,Both,Years,80.24000
4808031,Lacombe,2011,Life Expectancy,Female,Years,83.33000
4808031,Lacombe,2012,Life Expectancy,Female,Years,83.64000
4808031,Lacombe,2013,Life Expectancy,Female,Years,83.74000
4808031,Lacombe,2014,Life Expectancy,Female,Years,83.95000
4808031,Lacombe,2015,Life Expectancy,Female,Years,83.69000
4808031,Lacombe,2016,Life Expectancy,Female,Years,83.86000
4808031,Lacombe,2017,Life Expectancy,Female,Years,83.87000
4808031,Lacombe,2018,Life Expectancy,Female,Years,83.98000
4808031,Lacombe,2019,Life Expectancy,Female,Years,84.03000
4808031,Lacombe,2020,Life Expectancy,Female,Years,83.95000
4808031,Lacombe,2021,Life Expectancy,Female,Years,84.00000
4808031,Lacombe,2022,Life Expectancy,Female,Years,83.91000
4808031,Lacombe,2023,Life Expectancy,Female,Years,83.85000
4808031,Lacombe,2011,Life Expectancy,Male,Years,78.65000
4808031,Lacombe,2012,Life Expectancy,Male,Years,79.29000
4808031,Lacombe,2013,Life Expectancy,Male,Years,79.34000
4808031,Lacombe,2014,Life Expectancy,Male,Years,79.18000
4808031,Lacombe,2015,Life Expectancy,Male,Years,79.32000
4808031,Lacombe,2016,Life Expectancy,Male,Years,79.16000
4808031,Lacombe,2017,Life Expectancy,Male,Years,79.50000
4808031,Lacombe,2018,Life Expectancy,Male,Years,79.70000
4808031,Lacombe,2019,Life Expectancy,Male,Years,79.63000
4808031,Lacombe,2020,Life Expectancy,Male,Years,79.28000
4808031,Lacombe,2021,Life Expectancy,Male,Years,79.11000
4808031,Lacombe,2022,Life Expectancy,Male,Years,78.67000
4808031,Lacombe,2023,Life Expectancy,Male,Years,78.84000
4808031,Lacombe,2011,Life Expectancy,Both,Years,80.97000
4808031,Lacombe,2012,Life Expectancy,Both,Years,81.46000
4808031,Lacombe,2013,Life Expectancy,Both,Years,81.51000
4808031,Lacombe,2014,Life Expectancy,Both,Years,81.52000
4808031,Lacombe,2015,Life Expectancy,Both,Years,81.47000
4808031,Lacombe,2016,Life Expectancy,Both,Years,81.45000
4808031,Lacombe,2017,Life Expectancy,Both,Years,81.65000
4808031,Lacombe,2018,Life Expectancy,Both,Years,81.82000
4808031,Lacombe,2019,Life Expectancy,Both,Years,81.80000
4808031,Lacombe,2020,Life Expectancy,Both,Years,81.57000
4808031,Lacombe,2021,Life Expectancy,Both,Years,81.51000
4808031,Lacombe,2022,Life Expectancy,Both,Years,81.23000
4808031,Lacombe,2023,Life Expectancy,Both,Years,81.30000
4803016,Cowley,2011,Life Expectancy,Female,Years,80.97000
4803016,Cowley,2012,Life Expectancy,Female,Years,80.84000
4803016,Cowley,2013,Life Expectancy,Female,Years,81.36000
4803016,Cowley,2014,Life Expectancy,Female,Years,81.48000
4803016,Cowley,2015,Life Expectancy,Female,Years,81.33000
4803016,Cowley,2016,Life Expectancy,Female,Years,81.12000
4803016,Cowley,2017,Life Expectancy,Female,Years,81.38000
4803016,Cowley,2018,Life Expectancy,Female,Years,80.57000
4803016,Cowley,2019,Life Expectancy,Female,Years,81.31000
4803016,Cowley,2020,Life Expectancy,Female,Years,81.04000
4803016,Cowley,2021,Life Expectancy,Female,Years,80.08000
4803016,Cowley,2022,Life Expectancy,Female,Years,78.61000
4803016,Cowley,2011,Life Expectancy,Male,Years,75.96000
4803016,Cowley,2012,Life Expectancy,Male,Years,75.99000
4803016,Cowley,2013,Life Expectancy,Male,Years,76.45000
4803016,Cowley,2014,Life Expectancy,Male,Years,76.10000
4803016,Cowley,2015,Life Expectancy,Male,Years,75.68000
4803016,Cowley,2016,Life Expectancy,Male,Years,75.52000
4803016,Cowley,2017,Life Expectancy,Male,Years,75.59000
4803016,Cowley,2018,Life Expectancy,Male,Years,75.57000
4803016,Cowley,2019,Life Expectancy,Male,Years,75.21000
4803016,Cowley,2020,Life Expectancy,Male,Years,74.14000
4803016,Cowley,2021,Life Expectancy,Male,Years,72.95000
4803016,Cowley,2022,Life Expectancy,Male,Years,72.51000
4803016,Cowley,2011,Life Expectancy,Both,Years,78.31000
4803016,Cowley,2012,Life Expectancy,Both,Years,78.27000
4803016,Cowley,2013,Life Expectancy,Both,Years,78.79000
4803016,Cowley,2014,Life Expectancy,Both,Years,78.66000
4803016,Cowley,2015,Life Expectancy,Both,Years,78.37000
4803016,Cowley,2016,Life Expectancy,Both,Years,78.17000
4803016,Cowley,2017,Life Expectancy,Both,Years,78.32000
4803016,Cowley,2018,Life Expectancy,Both,Years,77.95000
4803016,Cowley,2019,Life Expectancy,Both,Years,78.10000
4803016,Cowley,2020,Life Expectancy,Both,Years,77.40000
4803016,Cowley,2021,Life Expectancy,Both,Years,76.29000
4803016,Cowley,2022,Life Expectancy,Both,Years,75.40000
4803018,Willow Creek No. 26,2011,Life Expectancy,Female,Years,80.14000
4803018,Willow Creek No. 26,2012,Life Expectancy,Female,Years,80.39000
4803018,Willow Creek No. 26,2013,Life Expectancy,Female,Years,80.43000
4803018,Willow Creek No. 26,2014,Life Expectancy,Female,Years,80.67000
4803018,Willow Creek No. 26,2015,Life Expectancy,Female,Years,80.68000
4803018,Willow Creek No. 26,2016,Life Expectancy,Female,Years,80.86000
4803018,Willow Creek No. 26,2017,Life Expectancy,Female,Years,81.02000
4803018,Willow Creek No. 26,2018,Life Expectancy,Female,Years,80.69000
4803018,Willow Creek No. 26,2019,Life Expectancy,Female,Years,80.17000
4803018,Willow Creek No. 26,2020,Life Expectancy,Female,Years,79.77000
4803018,Willow Creek No. 26,2021,Life Expectancy,Female,Years,79.60000
4803018,Willow Creek No. 26,2011,Life Expectancy,Male,Years,76.44000
4803018,Willow Creek No. 26,2012,Life Expectancy,Male,Years,76.76000
4803018,Willow Creek No. 26,2013,Life Expectancy,Male,Years,76.49000
4803018,Willow Creek No. 26,2014,Life Expectancy,Male,Years,76.29000
4803018,Willow Creek No. 26,2015,Life Expectancy,Male,Years,76.08000
4803018,Willow Creek No. 26,2016,Life Expectancy,Male,Years,76.24000
4803018,Willow Creek No. 26,2017,Life Expectancy,Male,Years,76.18000
4803018,Willow Creek No. 26,2018,Life Expectancy,Male,Years,76.90000
4803018,Willow Creek No. 26,2019,Life Expectancy,Male,Years,76.67000
4803018,Willow Creek No. 26,2020,Life Expectancy,Male,Years,76.85000
4803018,Willow Creek No. 26,2021,Life Expectancy,Male,Years,76.04000
4803018,Willow Creek No. 26,2011,Life Expectancy,Both,Years,78.30000
4803018,Willow Creek No. 26,2012,Life Expectancy,Both,Years,78.57000
4803018,Willow Creek No. 26,2013,Life Expectancy,Both,Years,78.44000
4803018,Willow Creek No. 26,2014,Life Expectancy,Both,Years,78.42000
4803018,Willow Creek No. 26,2015,Life Expectancy,Both,Years,78.31000
4803018,Willow Creek No. 26,2016,Life Expectancy,Both,Years,78.50000
4803018,Willow Creek No. 26,2017,Life Expectancy,Both,Years,78.54000
4803018,Willow Creek No. 26,2018,Life Expectancy,Both,Years,78.77000
4803018,Willow Creek No. 26,2019,Life Expectancy,Both,Years,78.41000
4803018,Willow Creek No. 26,2020,Life Expectancy,Both,Years,78.25000
4803018,Willow Creek No. 26,2021,Life Expectancy,Both,Years,77.76000
4803019,Fort Macleod,2011,Life Expectancy,Female,Years,80.14000
4803019,Fort Macleod,2012,Life Expectancy,Female,Years,80.39000
4803019,Fort Macleod,2013,Life Expectancy,Female,Years,80.43000
4803019,Fort Macleod,2014,Life Expectancy,Female,Years,80.67000
4803019,Fort Macleod,2015,Life Expectancy,Female,Years,80.68000
4803019,Fort Macleod,2016,Life Expectancy,Female,Years,80.86000
4803019,Fort Macleod,2017,Life Expectancy,Female,Years,81.02000
4803019,Fort Macleod,2018,Life Expectancy,Female,Years,80.69000
4803019,Fort Macleod,2019,Life Expectancy,Female,Years,80.17000
4803019,Fort Macleod,2020,Life Expectancy,Female,Years,79.77000
4803019,Fort Macleod,2021,Life Expectancy,Female,Years,79.60000
4803019,Fort Macleod,2022,Life Expectancy,Female,Years,79.29000
4803019,Fort Macleod,2011,Life Expectancy,Male,Years,76.44000
4803019,Fort Macleod,2012,Life Expectancy,Male,Years,76.76000
4803019,Fort Macleod,2013,Life Expectancy,Male,Years,76.49000
4803019,Fort Macleod,2014,Life Expectancy,Male,Years,76.29000
4803019,Fort Macleod,2015,Life Expectancy,Male,Years,76.08000
4803019,Fort Macleod,2016,Life Expectancy,Male,Years,76.24000
4803019,Fort Macleod,2017,Life Expectancy,Male,Years,76.18000
4803019,Fort Macleod,2018,Life Expectancy,Male,Years,76.90000
4803019,Fort Macleod,2019,Life Expectancy,Male,Years,76.67000
4803019,Fort Macleod,2020,Life Expectancy,Male,Years,76.85000
4803019,Fort Macleod,2021,Life Expectancy,Male,Years,76.04000
4803019,Fort Macleod,2022,Life Expectancy,Male,Years,75.96000
4803019,Fort Macleod,2011,Life Expectancy,Both,Years,78.30000
4803019,Fort Macleod,2012,Life Expectancy,Both,Years,78.57000
4803019,Fort Macleod,2013,Life Expectancy,Both,Years,78.44000
4803019,Fort Macleod,2014,Life Expectancy,Both,Years,78.42000
4803019,Fort Macleod,2015,Life Expectancy,Both,Years,78.31000
4803019,Fort Macleod,2016,Life Expectancy,Both,Years,78.50000
4803019,Fort Macleod,2017,Life Expectancy,Both,Years,78.54000
4803019,Fort Macleod,2018,Life Expectancy,Both,Years,78.77000
4803019,Fort Macleod,2019,Life Expectancy,Both,Years,78.41000
4803019,Fort Macleod,2020,Life Expectancy,Both,Years,78.25000
4803019,Fort Macleod,2021,Life Expectancy,Both,Years,77.76000
4803019,Fort Macleod,2022,Life Expectancy,Both,Years,77.60000
4802008,Raymond,2011,Life Expectancy,Female,Years,82.02000
4802008,Raymond,2012,Life Expectancy,Female,Years,81.95000
4802008,Raymond,2013,Life Expectancy,Female,Years,81.65000
4802008,Raymond,2014,Life Expectancy,Female,Years,82.33000
4802008,Raymond,2015,Life Expectancy,Female,Years,82.01000
4802008,Raymond,2016,Life Expectancy,Female,Years,81.80000
4802008,Raymond,2017,Life Expectancy,Female,Years,82.02000
4802008,Raymond,2018,Life Expectancy,Female,Years,82.44000
4802008,Raymond,2019,Life Expectancy,Female,Years,82.44000
4802008,Raymond,2020,Life Expectancy,Female,Years,82.72000
4802008,Raymond,2021,Life Expectancy,Female,Years,82.77000
4802008,Raymond,2022,Life Expectancy,Female,Years,82.81000
4802008,Raymond,2011,Life Expectancy,Male,Years,76.86000
4802008,Raymond,2012,Life Expectancy,Male,Years,77.06000
4802008,Raymond,2013,Life Expectancy,Male,Years,77.88000
4802008,Raymond,2014,Life Expectancy,Male,Years,78.25000
4802008,Raymond,2015,Life Expectancy,Male,Years,78.60000
4802008,Raymond,2016,Life Expectancy,Male,Years,78.62000
4802008,Raymond,2017,Life Expectancy,Male,Years,79.07000
4802008,Raymond,2018,Life Expectancy,Male,Years,79.98000
4802008,Raymond,2019,Life Expectancy,Male,Years,79.72000
4802008,Raymond,2020,Life Expectancy,Male,Years,79.45000
4802008,Raymond,2021,Life Expectancy,Male,Years,79.02000
4802008,Raymond,2022,Life Expectancy,Male,Years,78.74000
4802008,Raymond,2011,Life Expectancy,Both,Years,79.34000
4802008,Raymond,2012,Life Expectancy,Both,Years,79.43000
4802008,Raymond,2013,Life Expectancy,Both,Years,79.77000
4802008,Raymond,2014,Life Expectancy,Both,Years,80.27000
4802008,Raymond,2015,Life Expectancy,Both,Years,80.30000
4802008,Raymond,2016,Life Expectancy,Both,Years,80.20000
4802008,Raymond,2017,Life Expectancy,Both,Years,80.56000
4802008,Raymond,2018,Life Expectancy,Both,Years,81.23000
4802008,Raymond,2019,Life Expectancy,Both,Years,81.11000
4802008,Raymond,2020,Life Expectancy,Both,Years,81.11000
4802008,Raymond,2021,Life Expectancy,Both,Years,80.91000
4802008,Raymond,2022,Life Expectancy,Both,Years,80.75000
4802009,Stirling,2011,Life Expectancy,Female,Years,82.02000
4802009,Stirling,2012,Life Expectancy,Female,Years,81.95000
4802009,Stirling,2013,Life Expectancy,Female,Years,81.65000
4802009,Stirling,2014,Life Expectancy,Female,Years,82.33000
4802009,Stirling,2015,Life Expectancy,Female,Years,82.01000
4802009,Stirling,2016,Life Expectancy,Female,Years,81.80000
4802009,Stirling,2017,Life Expectancy,Female,Years,82.02000
4802009,Stirling,2018,Life Expectancy,Female,Years,82.44000
4802009,Stirling,2019,Life Expectancy,Female,Years,82.44000
4802009,Stirling,2020,Life Expectancy,Female,Years,82.72000
4802009,Stirling,2021,Life Expectancy,Female,Years,82.77000
4802009,Stirling,2022,Life Expectancy,Female,Years,82.81000
4802009,Stirling,2023,Life Expectancy,Female,Years,83.03000
4802009,Stirling,2011,Life Expectancy,Male,Years,76.86000
4802009,Stirling,2012,Life Expectancy,Male,Years,77.06000
4802009,Stirling,2013,Life Expectancy,Male,Years,77.88000
4802009,Stirling,2014,Life Expectancy,Male,Years,78.25000
4802009,Stirling,2015,Life Expectancy,Male,Years,78.60000
4802009,Stirling,2016,Life Expectancy,Male,Years,78.62000
4802009,Stirling,2017,Life Expectancy,Male,Years,79.07000
4802009,Stirling,2018,Life Expectancy,Male,Years,79.98000
4802009,Stirling,2019,Life Expectancy,Male,Years,79.72000
4802009,Stirling,2020,Life Expectancy,Male,Years,79.45000
4802009,Stirling,2021,Life Expectancy,Male,Years,79.02000
4802009,Stirling,2022,Life Expectancy,Male,Years,78.74000
4802009,Stirling,2023,Life Expectancy,Male,Years,78.43000
4802009,Stirling,2011,Life Expectancy,Both,Years,79.34000
4802009,Stirling,2012,Life Expectancy,Both,Years,79.43000
4802009,Stirling,2013,Life Expectancy,Both,Years,79.77000
4802009,Stirling,2014,Life Expectancy,Both,Years,80.27000
4802009,Stirling,2015,Life Expectancy,Both,Years,80.30000
4802009,Stirling,2016,Life Expectancy,Both,Years,80.20000
4802009,Stirling,2017,Life Expectancy,Both,Years,80.56000
4802009,Stirling,2018,Life Expectancy,Both,Years,81.23000
4802009,Stirling,2019,Life Expectancy,Both,Years,81.11000
4802009,Stirling,2020,Life Expectancy,Both,Years,81.11000
4802009,Stirling,2021,Life Expectancy,Both,Years,80.91000
4802009,Stirling,2022,Life Expectancy,Both,Years,80.75000
4802009,Stirling,2023,Life Expectancy,Both,Years,80.68000
4802011,Lethbridge County,2011,Life Expectancy,Female,Years,82.46413
4802011,Lethbridge County,2012,Life Expectancy,Female,Years,82.49936
4802011,Lethbridge County,2013,Life Expectancy,Female,Years,82.72260
4802011,Lethbridge County,2014,Life Expectancy,Female,Years,82.80745
4802011,Lethbridge County,2015,Life Expectancy,Female,Years,83.10878
4802011,Lethbridge County,2016,Life Expectancy,Female,Years,82.98550
4802011,Lethbridge County,2017,Life Expectancy,Female,Years,83.08771
4802011,Lethbridge County,2018,Life Expectancy,Female,Years,83.36608
4802011,Lethbridge County,2019,Life Expectancy,Female,Years,83.58198
4802011,Lethbridge County,2020,Life Expectancy,Female,Years,83.47770
4802011,Lethbridge County,2021,Life Expectancy,Female,Years,83.54809
4802011,Lethbridge County,2022,Life Expectancy,Female,Years,83.41047
4802011,Lethbridge County,2011,Life Expectancy,Male,Years,78.27009
4802011,Lethbridge County,2012,Life Expectancy,Male,Years,78.24061
4802011,Lethbridge County,2013,Life Expectancy,Male,Years,78.55356
4802011,Lethbridge County,2014,Life Expectancy,Male,Years,78.56283
4802011,Lethbridge County,2015,Life Expectancy,Male,Years,78.69800
4802011,Lethbridge County,2016,Life Expectancy,Male,Years,78.63231
4802011,Lethbridge County,2017,Life Expectancy,Male,Years,78.68790
4802011,Lethbridge County,2018,Life Expectancy,Male,Years,78.88202
4802011,Lethbridge County,2019,Life Expectancy,Male,Years,79.15903
4802011,Lethbridge County,2020,Life Expectancy,Male,Years,79.04394
4802011,Lethbridge County,2021,Life Expectancy,Male,Years,78.80681
4802011,Lethbridge County,2022,Life Expectancy,Male,Years,78.66033
4802011,Lethbridge County,2011,Life Expectancy,Both,Years,80.39814
4802011,Lethbridge County,2012,Life Expectancy,Both,Years,80.38927
4802011,Lethbridge County,2013,Life Expectancy,Both,Years,80.66053
4802011,Lethbridge County,2014,Life Expectancy,Both,Years,80.69194
4802011,Lethbridge County,2015,Life Expectancy,Both,Years,80.89763
4802011,Lethbridge County,2016,Life Expectancy,Both,Years,80.80285
4802011,Lethbridge County,2017,Life Expectancy,Both,Years,80.87871
4802011,Lethbridge County,2018,Life Expectancy,Both,Years,81.10854
4802011,Lethbridge County,2019,Life Expectancy,Both,Years,81.35899
4802011,Lethbridge County,2020,Life Expectancy,Both,Years,81.25741
4802011,Lethbridge County,2021,Life Expectancy,Both,Years,81.14657
4802011,Lethbridge County,2022,Life Expectancy,Both,Years,80.99420
4802022,Taber,2011,Life Expectancy,Female,Years,83.51000
4802022,Taber,2012,Life Expectancy,Female,Years,167.26000
4802022,Taber,2013,Life Expectancy,Female,Years,83.37000
4802022,Taber,2014,Life Expectancy,Female,Years,166.18000
4802022,Taber,2015,Life Expectancy,Female,Years,82.83000
4802022,Taber,2016,Life Expectancy,Female,Years,165.74000
4802022,Taber,2017,Life Expectancy,Female,Years,165.50000
4802022,Taber,2018,Life Expectancy,Female,Years,165.60000
4802022,Taber,2019,Life Expectancy,Female,Years,82.83000
4802022,Taber,2020,Life Expectancy,Female,Years,165.56000
4802022,Taber,2021,Life Expectancy,Female,Years,165.26000
4802022,Taber,2022,Life Expectancy,Female,Years,164.76000
4802022,Taber,2011,Life Expectancy,Male,Years,157.18000
4802022,Taber,2012,Life Expectancy,Male,Years,78.35000
4802022,Taber,2013,Life Expectancy,Male,Years,157.10000
4802022,Taber,2014,Life Expectancy,Male,Years,157.68000
4802022,Taber,2015,Life Expectancy,Male,Years,157.62000
4802022,Taber,2016,Life Expectancy,Male,Years,157.66000
4802022,Taber,2017,Life Expectancy,Male,Years,157.48000
4802022,Taber,2018,Life Expectancy,Male,Years,157.08000
4802022,Taber,2019,Life Expectancy,Male,Years,78.56000
4802022,Taber,2020,Life Expectancy,Male,Years,157.30000
4802022,Taber,2021,Life Expectancy,Male,Years,156.84000
4802022,Taber,2022,Life Expectancy,Male,Years,157.04000
4802022,Taber,2011,Life Expectancy,Both,Years,162.06000
4802022,Taber,2012,Life Expectancy,Both,Years,161.88000
4802022,Taber,2013,Life Expectancy,Both,Years,161.88000
4802022,Taber,2014,Life Expectancy,Both,Years,80.95000
4802022,Taber,2015,Life Expectancy,Both,Years,161.64000
4802022,Taber,2016,Life Expectancy,Both,Years,80.85000
4802022,Taber,2017,Life Expectancy,Both,Years,161.48000
4802022,Taber,2018,Life Expectancy,Both,Years,161.30000
4802022,Taber,2019,Life Expectancy,Both,Years,161.36000
4802022,Taber,2020,Life Expectancy,Both,Years,161.40000
4802022,Taber,2021,Life Expectancy,Both,Years,80.50000
4802022,Taber,2022,Life Expectancy,Both,Years,80.41000
4803011,Pincher Creek No. 9,2011,Life Expectancy,Female,Years,80.97000
4803011,Pincher Creek No. 9,2012,Life Expectancy,Female,Years,80.84000
4803011,Pincher Creek No. 9,2013,Life Expectancy,Female,Years,81.36000
4803011,Pincher Creek No. 9,2014,Life Expectancy,Female,Years,81.48000
4803011,Pincher Creek No. 9,2015,Life Expectancy,Female,Years,81.33000
4803011,Pincher Creek No. 9,2016,Life Expectancy,Female,Years,81.12000
4803011,Pincher Creek No. 9,2017,Life Expectancy,Female,Years,81.38000
4803011,Pincher Creek No. 9,2018,Life Expectancy,Female,Years,80.57000
4803011,Pincher Creek No. 9,2019,Life Expectancy,Female,Years,81.31000
4803011,Pincher Creek No. 9,2020,Life Expectancy,Female,Years,81.04000
4803011,Pincher Creek No. 9,2021,Life Expectancy,Female,Years,80.08000
4803011,Pincher Creek No. 9,2022,Life Expectancy,Female,Years,78.61000
4803011,Pincher Creek No. 9,2011,Life Expectancy,Male,Years,75.96000
4803011,Pincher Creek No. 9,2012,Life Expectancy,Male,Years,75.99000
4803011,Pincher Creek No. 9,2013,Life Expectancy,Male,Years,76.45000
4803011,Pincher Creek No. 9,2014,Life Expectancy,Male,Years,76.10000
4803011,Pincher Creek No. 9,2015,Life Expectancy,Male,Years,75.68000
4803011,Pincher Creek No. 9,2016,Life Expectancy,Male,Years,75.52000
4803011,Pincher Creek No. 9,2017,Life Expectancy,Male,Years,75.59000
4803011,Pincher Creek No. 9,2018,Life Expectancy,Male,Years,75.57000
4803011,Pincher Creek No. 9,2019,Life Expectancy,Male,Years,75.21000
4803011,Pincher Creek No. 9,2020,Life Expectancy,Male,Years,74.14000
4803011,Pincher Creek No. 9,2021,Life Expectancy,Male,Years,72.95000
4803011,Pincher Creek No. 9,2022,Life Expectancy,Male,Years,72.51000
4803011,Pincher Creek No. 9,2011,Life Expectancy,Both,Years,78.31000
4803011,Pincher Creek No. 9,2012,Life Expectancy,Both,Years,78.27000
4803011,Pincher Creek No. 9,2013,Life Expectancy,Both,Years,78.79000
4803011,Pincher Creek No. 9,2014,Life Expectancy,Both,Years,78.66000
4803011,Pincher Creek No. 9,2015,Life Expectancy,Both,Years,78.37000
4803011,Pincher Creek No. 9,2016,Life Expectancy,Both,Years,78.17000
4803011,Pincher Creek No. 9,2017,Life Expectancy,Both,Years,78.32000
4803011,Pincher Creek No. 9,2018,Life Expectancy,Both,Years,77.95000
4803011,Pincher Creek No. 9,2019,Life Expectancy,Both,Years,78.10000
4803011,Pincher Creek No. 9,2020,Life Expectancy,Both,Years,77.40000
4803011,Pincher Creek No. 9,2021,Life Expectancy,Both,Years,76.29000
4803011,Pincher Creek No. 9,2022,Life Expectancy,Both,Years,75.40000
4803014,Pincher Creek,2011,Life Expectancy,Female,Years,80.97000
4803014,Pincher Creek,2012,Life Expectancy,Female,Years,80.84000
4803014,Pincher Creek,2013,Life Expectancy,Female,Years,81.36000
4803014,Pincher Creek,2014,Life Expectancy,Female,Years,81.48000
4803014,Pincher Creek,2015,Life Expectancy,Female,Years,81.33000
4803014,Pincher Creek,2016,Life Expectancy,Female,Years,81.12000
4803014,Pincher Creek,2017,Life Expectancy,Female,Years,81.38000
4803014,Pincher Creek,2018,Life Expectancy,Female,Years,80.57000
4803014,Pincher Creek,2019,Life Expectancy,Female,Years,81.31000
4803014,Pincher Creek,2020,Life Expectancy,Female,Years,81.04000
4803014,Pincher Creek,2021,Life Expectancy,Female,Years,80.08000
4803014,Pincher Creek,2022,Life Expectancy,Female,Years,78.61000
4803014,Pincher Creek,2023,Life Expectancy,Female,Years,77.22000
4803014,Pincher Creek,2011,Life Expectancy,Male,Years,75.96000
4803014,Pincher Creek,2012,Life Expectancy,Male,Years,75.99000
4803014,Pincher Creek,2013,Life Expectancy,Male,Years,76.45000
4803014,Pincher Creek,2014,Life Expectancy,Male,Years,76.10000
4803014,Pincher Creek,2015,Life Expectancy,Male,Years,75.68000
4803014,Pincher Creek,2016,Life Expectancy,Male,Years,75.52000
4803014,Pincher Creek,2017,Life Expectancy,Male,Years,75.59000
4803014,Pincher Creek,2018,Life Expectancy,Male,Years,75.57000
4803014,Pincher Creek,2019,Life Expectancy,Male,Years,75.21000
4803014,Pincher Creek,2020,Life Expectancy,Male,Years,74.14000
4803014,Pincher Creek,2021,Life Expectancy,Male,Years,72.95000
4803014,Pincher Creek,2022,Life Expectancy,Male,Years,72.51000
4803014,Pincher Creek,2023,Life Expectancy,Male,Years,71.79000
4803014,Pincher Creek,2011,Life Expectancy,Both,Years,78.31000
4803014,Pincher Creek,2012,Life Expectancy,Both,Years,78.27000
4803014,Pincher Creek,2013,Life Expectancy,Both,Years,78.79000
4803014,Pincher Creek,2014,Life Expectancy,Both,Years,78.66000
4803014,Pincher Creek,2015,Life Expectancy,Both,Years,78.37000
4803014,Pincher Creek,2016,Life Expectancy,Both,Years,78.17000
4803014,Pincher Creek,2017,Life Expectancy,Both,Years,78.32000
4803014,Pincher Creek,2018,Life Expectancy,Both,Years,77.95000
4803014,Pincher Creek,2019,Life Expectancy,Both,Years,78.10000
4803014,Pincher Creek,2020,Life Expectancy,Both,Years,77.40000
4803014,Pincher Creek,2021,Life Expectancy,Both,Years,76.29000
4803014,Pincher Creek,2022,Life Expectancy,Both,Years,75.40000
4803014,Pincher Creek,2023,Life Expectancy,Both,Years,74.40000
4803004,Cardston,2011,Life Expectancy,Female,Years,78.93000
4803004,Cardston,2012,Life Expectancy,Female,Years,79.66000
4803004,Cardston,2013,Life Expectancy,Female,Years,79.66000
4803004,Cardston,2014,Life Expectancy,Female,Years,79.57000
4803004,Cardston,2015,Life Expectancy,Female,Years,79.19000
4803004,Cardston,2016,Life Expectancy,Female,Years,79.20000
4803004,Cardston,2017,Life Expectancy,Female,Years,79.27000
4803004,Cardston,2018,Life Expectancy,Female,Years,79.19000
4803004,Cardston,2019,Life Expectancy,Female,Years,78.71000
4803004,Cardston,2020,Life Expectancy,Female,Years,77.61000
4803004,Cardston,2021,Life Expectancy,Female,Years,76.80000
4803004,Cardston,2022,Life Expectancy,Female,Years,74.84000
4803004,Cardston,2011,Life Expectancy,Male,Years,73.49000
4803004,Cardston,2012,Life Expectancy,Male,Years,73.83000
4803004,Cardston,2013,Life Expectancy,Male,Years,74.32000
4803004,Cardston,2014,Life Expectancy,Male,Years,74.39000
4803004,Cardston,2015,Life Expectancy,Male,Years,74.69000
4803004,Cardston,2016,Life Expectancy,Male,Years,74.31000
4803004,Cardston,2017,Life Expectancy,Male,Years,74.15000
4803004,Cardston,2018,Life Expectancy,Male,Years,74.17000
4803004,Cardston,2019,Life Expectancy,Male,Years,73.97000
4803004,Cardston,2020,Life Expectancy,Male,Years,72.73000
4803004,Cardston,2021,Life Expectancy,Male,Years,71.66000
4803004,Cardston,2022,Life Expectancy,Male,Years,70.70000
4803004,Cardston,2011,Life Expectancy,Both,Years,76.16000
4803004,Cardston,2012,Life Expectancy,Both,Years,76.68000
4803004,Cardston,2013,Life Expectancy,Both,Years,76.96000
4803004,Cardston,2014,Life Expectancy,Both,Years,76.95000
4803004,Cardston,2015,Life Expectancy,Both,Years,76.94000
4803004,Cardston,2016,Life Expectancy,Both,Years,76.73000
4803004,Cardston,2017,Life Expectancy,Both,Years,76.68000
4803004,Cardston,2018,Life Expectancy,Both,Years,76.65000
4803004,Cardston,2019,Life Expectancy,Both,Years,76.33000
4803004,Cardston,2020,Life Expectancy,Both,Years,75.15000
4803004,Cardston,2021,Life Expectancy,Both,Years,74.18000
4803004,Cardston,2022,Life Expectancy,Both,Years,72.75000
4803006,Glenwood,2011,Life Expectancy,Female,Years,78.93000
4803006,Glenwood,2012,Life Expectancy,Female,Years,79.66000
4803006,Glenwood,2013,Life Expectancy,Female,Years,79.66000
4803006,Glenwood,2014,Life Expectancy,Female,Years,79.57000
4803006,Glenwood,2015,Life Expectancy,Female,Years,79.19000
4803006,Glenwood,2016,Life Expectancy,Female,Years,79.20000
4803006,Glenwood,2017,Life Expectancy,Female,Years,79.27000
4803006,Glenwood,2018,Life Expectancy,Female,Years,79.19000
4803006,Glenwood,2019,Life Expectancy,Female,Years,78.71000
4803006,Glenwood,2020,Life Expectancy,Female,Years,77.61000
4803006,Glenwood,2021,Life Expectancy,Female,Years,76.80000
4803006,Glenwood,2022,Life Expectancy,Female,Years,74.84000
4803006,Glenwood,2023,Life Expectancy,Female,Years,73.20000
4803006,Glenwood,2011,Life Expectancy,Male,Years,73.49000
4803006,Glenwood,2012,Life Expectancy,Male,Years,73.83000
4803006,Glenwood,2013,Life Expectancy,Male,Years,74.32000
4803006,Glenwood,2014,Life Expectancy,Male,Years,74.39000
4803006,Glenwood,2015,Life Expectancy,Male,Years,74.69000
4803006,Glenwood,2016,Life Expectancy,Male,Years,74.31000
4803006,Glenwood,2017,Life Expectancy,Male,Years,74.15000
4803006,Glenwood,2018,Life Expectancy,Male,Years,74.17000
4803006,Glenwood,2019,Life Expectancy,Male,Years,73.97000
4803006,Glenwood,2020,Life Expectancy,Male,Years,72.73000
4803006,Glenwood,2021,Life Expectancy,Male,Years,71.66000
4803006,Glenwood,2022,Life Expectancy,Male,Years,70.70000
4803006,Glenwood,2023,Life Expectancy,Male,Years,69.13000
4803006,Glenwood,2011,Life Expectancy,Both,Years,76.16000
4803006,Glenwood,2012,Life Expectancy,Both,Years,76.68000
4803006,Glenwood,2013,Life Expectancy,Both,Years,76.96000
4803006,Glenwood,2014,Life Expectancy,Both,Years,76.95000
4803006,Glenwood,2015,Life Expectancy,Both,Years,76.94000
4803006,Glenwood,2016,Life Expectancy,Both,Years,76.73000
4803006,Glenwood,2017,Life Expectancy,Both,Years,76.68000
4803006,Glenwood,2018,Life Expectancy,Both,Years,76.65000
4803006,Glenwood,2019,Life Expectancy,Both,Years,76.33000
4803006,Glenwood,2020,Life Expectancy,Both,Years,75.15000
4803006,Glenwood,2021,Life Expectancy,Both,Years,74.18000
4803006,Glenwood,2022,Life Expectancy,Both,Years,72.75000
4803006,Glenwood,2023,Life Expectancy,Both,Years,71.15000
4803008,Hill Spring,2011,Life Expectancy,Female,Years,78.93000
4803008,Hill Spring,2012,Life Expectancy,Female,Years,79.66000
4803008,Hill Spring,2013,Life Expectancy,Female,Years,79.66000
4803008,Hill Spring,2014,Life Expectancy,Female,Years,79.57000
4803008,Hill Spring,2015,Life Expectancy,Female,Years,79.19000
4803008,Hill Spring,2016,Life Expectancy,Female,Years,79.20000
4803008,Hill Spring,2017,Life Expectancy,Female,Years,79.27000
4803008,Hill Spring,2018,Life Expectancy,Female,Years,79.19000
4803008,Hill Spring,2019,Life Expectancy,Female,Years,78.71000
4803008,Hill Spring,2020,Life Expectancy,Female,Years,77.61000
4803008,Hill Spring,2021,Life Expectancy,Female,Years,76.80000
4803008,Hill Spring,2022,Life Expectancy,Female,Years,74.84000
4803008,Hill Spring,2011,Life Expectancy,Male,Years,73.49000
4803008,Hill Spring,2012,Life Expectancy,Male,Years,73.83000
4803008,Hill Spring,2013,Life Expectancy,Male,Years,74.32000
4803008,Hill Spring,2014,Life Expectancy,Male,Years,74.39000
4803008,Hill Spring,2015,Life Expectancy,Male,Years,74.69000
4803008,Hill Spring,2016,Life Expectancy,Male,Years,74.31000
4803008,Hill Spring,2017,Life Expectancy,Male,Years,74.15000
4803008,Hill Spring,2018,Life Expectancy,Male,Years,74.17000
4803008,Hill Spring,2019,Life Expectancy,Male,Years,73.97000
4803008,Hill Spring,2020,Life Expectancy,Male,Years,72.73000
4803008,Hill Spring,2021,Life Expectancy,Male,Years,71.66000
4803008,Hill Spring,2022,Life Expectancy,Male,Years,70.70000
4803008,Hill Spring,2011,Life Expectancy,Both,Years,76.16000
4803008,Hill Spring,2012,Life Expectancy,Both,Years,76.68000
4803008,Hill Spring,2013,Life Expectancy,Both,Years,76.96000
4803008,Hill Spring,2014,Life Expectancy,Both,Years,76.95000
4803008,Hill Spring,2015,Life Expectancy,Both,Years,76.94000
4803008,Hill Spring,2016,Life Expectancy,Both,Years,76.73000
4803008,Hill Spring,2017,Life Expectancy,Both,Years,76.68000
4803008,Hill Spring,2018,Life Expectancy,Both,Years,76.65000
4803008,Hill Spring,2019,Life Expectancy,Both,Years,76.33000
4803008,Hill Spring,2020,Life Expectancy,Both,Years,75.15000
4803008,Hill Spring,2021,Life Expectancy,Both,Years,74.18000
4803008,Hill Spring,2022,Life Expectancy,Both,Years,72.75000
4803022,Claresholm,2011,Life Expectancy,Female,Years,80.37000
4803022,Claresholm,2012,Life Expectancy,Female,Years,80.79000
4803022,Claresholm,2013,Life Expectancy,Female,Years,80.99000
4803022,Claresholm,2014,Life Expectancy,Female,Years,81.49000
4803022,Claresholm,2015,Life Expectancy,Female,Years,81.73000
4803022,Claresholm,2016,Life Expectancy,Female,Years,81.69000
4803022,Claresholm,2017,Life Expectancy,Female,Years,82.11000
4803022,Claresholm,2018,Life Expectancy,Female,Years,82.62000
4803022,Claresholm,2019,Life Expectancy,Female,Years,83.00000
4803022,Claresholm,2020,Life Expectancy,Female,Years,83.45000
4803022,Claresholm,2021,Life Expectancy,Female,Years,83.42000
4803022,Claresholm,2022,Life Expectancy,Female,Years,83.52000
4803022,Claresholm,2023,Life Expectancy,Female,Years,83.23000
4803022,Claresholm,2011,Life Expectancy,Male,Years,76.65000
4803022,Claresholm,2012,Life Expectancy,Male,Years,76.90000
4803022,Claresholm,2013,Life Expectancy,Male,Years,78.02000
4803022,Claresholm,2014,Life Expectancy,Male,Years,78.65000
4803022,Claresholm,2015,Life Expectancy,Male,Years,78.29000
4803022,Claresholm,2016,Life Expectancy,Male,Years,78.60000
4803022,Claresholm,2017,Life Expectancy,Male,Years,78.36000
4803022,Claresholm,2018,Life Expectancy,Male,Years,78.17000
4803022,Claresholm,2019,Life Expectancy,Male,Years,78.38000
4803022,Claresholm,2020,Life Expectancy,Male,Years,78.26000
4803022,Claresholm,2021,Life Expectancy,Male,Years,78.19000
4803022,Claresholm,2022,Life Expectancy,Male,Years,78.86000
4803022,Claresholm,2023,Life Expectancy,Male,Years,78.60000
4803022,Claresholm,2011,Life Expectancy,Both,Years,78.52000
4803022,Claresholm,2012,Life Expectancy,Both,Years,78.84000
4803022,Claresholm,2013,Life Expectancy,Both,Years,79.52000
4803022,Claresholm,2014,Life Expectancy,Both,Years,80.07000
4803022,Claresholm,2015,Life Expectancy,Both,Years,79.95000
4803022,Claresholm,2016,Life Expectancy,Both,Years,80.11000
4803022,Claresholm,2017,Life Expectancy,Both,Years,80.16000
4803022,Claresholm,2018,Life Expectancy,Both,Years,80.29000
4803022,Claresholm,2019,Life Expectancy,Both,Years,80.58000
4803022,Claresholm,2020,Life Expectancy,Both,Years,80.72000
4803022,Claresholm,2021,Life Expectancy,Both,Years,80.67000
4803022,Claresholm,2022,Life Expectancy,Both,Years,81.09000
4803022,Claresholm,2023,Life Expectancy,Both,Years,80.82000
4803024,Stavely,2011,Life Expectancy,Female,Years,80.37000
4803024,Stavely,2012,Life Expectancy,Female,Years,80.79000
4803024,Stavely,2013,Life Expectancy,Female,Years,80.99000
4803024,Stavely,2014,Life Expectancy,Female,Years,81.49000
4803024,Stavely,2015,Life Expectancy,Female,Years,81.73000
4803024,Stavely,2016,Life Expectancy,Female,Years,81.69000
4803024,Stavely,2017,Life Expectancy,Female,Years,82.11000
4803024,Stavely,2018,Life Expectancy,Female,Years,82.62000
4803024,Stavely,2019,Life Expectancy,Female,Years,83.00000
4803024,Stavely,2020,Life Expectancy,Female,Years,83.45000
4803024,Stavely,2021,Life Expectancy,Female,Years,83.42000
4803024,Stavely,2022,Life Expectancy,Female,Years,83.52000
4803024,Stavely,2011,Life Expectancy,Male,Years,76.65000
4803024,Stavely,2012,Life Expectancy,Male,Years,76.90000
4803024,Stavely,2013,Life Expectancy,Male,Years,78.02000
4803024,Stavely,2014,Life Expectancy,Male,Years,78.65000
4803024,Stavely,2015,Life Expectancy,Male,Years,78.29000
4803024,Stavely,2016,Life Expectancy,Male,Years,78.60000
4803024,Stavely,2017,Life Expectancy,Male,Years,78.36000
4803024,Stavely,2018,Life Expectancy,Male,Years,78.17000
4803024,Stavely,2019,Life Expectancy,Male,Years,78.38000
4803024,Stavely,2020,Life Expectancy,Male,Years,78.26000
4803024,Stavely,2021,Life Expectancy,Male,Years,78.19000
4803024,Stavely,2022,Life Expectancy,Male,Years,78.86000
4803024,Stavely,2011,Life Expectancy,Both,Years,78.52000
4803024,Stavely,2012,Life Expectancy,Both,Years,78.84000
4803024,Stavely,2013,Life Expectancy,Both,Years,79.52000
4803024,Stavely,2014,Life Expectancy,Both,Years,80.07000
4803024,Stavely,2015,Life Expectancy,Both,Years,79.95000
4803024,Stavely,2016,Life Expectancy,Both,Years,80.11000
4803024,Stavely,2017,Life Expectancy,Both,Years,80.16000
4803024,Stavely,2018,Life Expectancy,Both,Years,80.29000
4803024,Stavely,2019,Life Expectancy,Both,Years,80.58000
4803024,Stavely,2020,Life Expectancy,Both,Years,80.72000
4803024,Stavely,2021,Life Expectancy,Both,Years,80.67000
4803024,Stavely,2022,Life Expectancy,Both,Years,81.09000
4803026,Nanton,2011,Life Expectancy,Female,Years,83.75000
4803026,Nanton,2012,Life Expectancy,Female,Years,84.24000
4803026,Nanton,2013,Life Expectancy,Female,Years,84.16000
4803026,Nanton,2014,Life Expectancy,Female,Years,84.31000
4803026,Nanton,2015,Life Expectancy,Female,Years,84.29000
4803026,Nanton,2016,Life Expectancy,Female,Years,84.38000
4803026,Nanton,2017,Life Expectancy,Female,Years,84.38000
4803026,Nanton,2018,Life Expectancy,Female,Years,84.45000
4803026,Nanton,2019,Life Expectancy,Female,Years,84.45000
4803026,Nanton,2020,Life Expectancy,Female,Years,84.44000
4803026,Nanton,2021,Life Expectancy,Female,Years,84.46000
4803026,Nanton,2022,Life Expectancy,Female,Years,84.14000
4803026,Nanton,2011,Life Expectancy,Male,Years,79.89000
4803026,Nanton,2012,Life Expectancy,Male,Years,80.26000
4803026,Nanton,2013,Life Expectancy,Male,Years,80.07000
4803026,Nanton,2014,Life Expectancy,Male,Years,80.03000
4803026,Nanton,2015,Life Expectancy,Male,Years,80.40000
4803026,Nanton,2016,Life Expectancy,Male,Years,80.28000
4803026,Nanton,2017,Life Expectancy,Male,Years,80.45000
4803026,Nanton,2018,Life Expectancy,Male,Years,80.35000
4803026,Nanton,2019,Life Expectancy,Male,Years,80.31000
4803026,Nanton,2020,Life Expectancy,Male,Years,79.95000
4803026,Nanton,2021,Life Expectancy,Male,Years,79.92000
4803026,Nanton,2022,Life Expectancy,Male,Years,79.85000
4803026,Nanton,2011,Life Expectancy,Both,Years,81.84000
4803026,Nanton,2012,Life Expectancy,Both,Years,82.27000
4803026,Nanton,2013,Life Expectancy,Both,Years,82.12000
4803026,Nanton,2014,Life Expectancy,Both,Years,82.17000
4803026,Nanton,2015,Life Expectancy,Both,Years,82.35000
4803026,Nanton,2016,Life Expectancy,Both,Years,82.32000
4803026,Nanton,2017,Life Expectancy,Both,Years,82.39000
4803026,Nanton,2018,Life Expectancy,Both,Years,82.37000
4803026,Nanton,2019,Life Expectancy,Both,Years,82.33000
4803026,Nanton,2020,Life Expectancy,Both,Years,82.13000
4803026,Nanton,2021,Life Expectancy,Both,Years,82.14000
4803026,Nanton,2022,Life Expectancy,Both,Years,81.95000
4803801,Piikani 147,2011,Life Expectancy,Female,Years,80.97000
4803801,Piikani 147,2012,Life Expectancy,Female,Years,80.84000
4803801,Piikani 147,2013,Life Expectancy,Female,Years,81.36000
4803801,Piikani 147,2014,Life Expectancy,Female,Years,81.48000
4803801,Piikani 147,2015,Life Expectancy,Female,Years,81.33000
4803801,Piikani 147,2016,Life Expectancy,Female,Years,81.12000
4803801,Piikani 147,2017,Life Expectancy,Female,Years,81.38000
4803801,Piikani 147,2018,Life Expectancy,Female,Years,80.57000
4803801,Piikani 147,2019,Life Expectancy,Female,Years,81.31000
4803801,Piikani 147,2020,Life Expectancy,Female,Years,81.04000
4803801,Piikani 147,2021,Life Expectancy,Female,Years,80.08000
4803801,Piikani 147,2022,Life Expectancy,Female,Years,78.61000
4803801,Piikani 147,2011,Life Expectancy,Male,Years,75.96000
4803801,Piikani 147,2012,Life Expectancy,Male,Years,75.99000
4803801,Piikani 147,2013,Life Expectancy,Male,Years,76.45000
4803801,Piikani 147,2014,Life Expectancy,Male,Years,76.10000
4803801,Piikani 147,2015,Life Expectancy,Male,Years,75.68000
4803801,Piikani 147,2016,Life Expectancy,Male,Years,75.52000
4803801,Piikani 147,2017,Life Expectancy,Male,Years,75.59000
4803801,Piikani 147,2018,Life Expectancy,Male,Years,75.57000
4803801,Piikani 147,2019,Life Expectancy,Male,Years,75.21000
4803801,Piikani 147,2020,Life Expectancy,Male,Years,74.14000
4803801,Piikani 147,2021,Life Expectancy,Male,Years,72.95000
4803801,Piikani 147,2022,Life Expectancy,Male,Years,72.51000
4803801,Piikani 147,2011,Life Expectancy,Both,Years,78.31000
4803801,Piikani 147,2012,Life Expectancy,Both,Years,78.27000
4803801,Piikani 147,2013,Life Expectancy,Both,Years,78.79000
4803801,Piikani 147,2014,Life Expectancy,Both,Years,78.66000
4803801,Piikani 147,2015,Life Expectancy,Both,Years,78.37000
4803801,Piikani 147,2016,Life Expectancy,Both,Years,78.17000
4803801,Piikani 147,2017,Life Expectancy,Both,Years,78.32000
4803801,Piikani 147,2018,Life Expectancy,Both,Years,77.95000
4803801,Piikani 147,2019,Life Expectancy,Both,Years,78.10000
4803801,Piikani 147,2020,Life Expectancy,Both,Years,77.40000
4803801,Piikani 147,2021,Life Expectancy,Both,Years,76.29000
4803801,Piikani 147,2022,Life Expectancy,Both,Years,75.40000
4803802,Blood 148,2011,Life Expectancy,Female,Years,78.93000
4803802,Blood 148,2012,Life Expectancy,Female,Years,79.66000
4803802,Blood 148,2013,Life Expectancy,Female,Years,79.66000
4803802,Blood 148,2014,Life Expectancy,Female,Years,79.57000
4803802,Blood 148,2015,Life Expectancy,Female,Years,79.19000
4803802,Blood 148,2016,Life Expectancy,Female,Years,79.20000
4803802,Blood 148,2017,Life Expectancy,Female,Years,79.27000
4803802,Blood 148,2018,Life Expectancy,Female,Years,79.19000
4803802,Blood 148,2019,Life Expectancy,Female,Years,78.71000
4803802,Blood 148,2020,Life Expectancy,Female,Years,77.61000
4803802,Blood 148,2021,Life Expectancy,Female,Years,76.80000
4803802,Blood 148,2022,Life Expectancy,Female,Years,74.84000
4803802,Blood 148,2011,Life Expectancy,Male,Years,73.49000
4803802,Blood 148,2012,Life Expectancy,Male,Years,73.83000
4803802,Blood 148,2013,Life Expectancy,Male,Years,74.32000
4803802,Blood 148,2014,Life Expectancy,Male,Years,74.39000
4803802,Blood 148,2015,Life Expectancy,Male,Years,74.69000
4803802,Blood 148,2016,Life Expectancy,Male,Years,74.31000
4803802,Blood 148,2017,Life Expectancy,Male,Years,74.15000
4803802,Blood 148,2018,Life Expectancy,Male,Years,74.17000
4803802,Blood 148,2019,Life Expectancy,Male,Years,73.97000
4803802,Blood 148,2020,Life Expectancy,Male,Years,72.73000
4803802,Blood 148,2021,Life Expectancy,Male,Years,71.66000
4803802,Blood 148,2022,Life Expectancy,Male,Years,70.70000
4803802,Blood 148,2011,Life Expectancy,Both,Years,76.16000
4803802,Blood 148,2012,Life Expectancy,Both,Years,76.68000
4803802,Blood 148,2013,Life Expectancy,Both,Years,76.96000
4803802,Blood 148,2014,Life Expectancy,Both,Years,76.95000
4803802,Blood 148,2015,Life Expectancy,Both,Years,76.94000
4803802,Blood 148,2016,Life Expectancy,Both,Years,76.73000
4803802,Blood 148,2017,Life Expectancy,Both,Years,76.68000
4803802,Blood 148,2018,Life Expectancy,Both,Years,76.65000
4803802,Blood 148,2019,Life Expectancy,Both,Years,76.33000
4803802,Blood 148,2020,Life Expectancy,Both,Years,75.15000
4803802,Blood 148,2021,Life Expectancy,Both,Years,74.18000
4803802,Blood 148,2022,Life Expectancy,Both,Years,72.75000
4804001,Acadia No. 34,2011,Life Expectancy,Female,Years,83.33000
4804001,Acadia No. 34,2012,Life Expectancy,Female,Years,83.36000
4804001,Acadia No. 34,2013,Life Expectancy,Female,Years,84.39000
4804001,Acadia No. 34,2014,Life Expectancy,Female,Years,84.97000
4804001,Acadia No. 34,2015,Life Expectancy,Female,Years,85.21000
4804001,Acadia No. 34,2016,Life Expectancy,Female,Years,85.17000
4804001,Acadia No. 34,2017,Life Expectancy,Female,Years,85.49000
4804001,Acadia No. 34,2018,Life Expectancy,Female,Years,85.07000
4804001,Acadia No. 34,2019,Life Expectancy,Female,Years,85.17000
4804001,Acadia No. 34,2020,Life Expectancy,Female,Years,86.34000
4804001,Acadia No. 34,2021,Life Expectancy,Female,Years,85.78000
4804001,Acadia No. 34,2022,Life Expectancy,Female,Years,85.28000
4804001,Acadia No. 34,2011,Life Expectancy,Male,Years,77.02000
4804001,Acadia No. 34,2012,Life Expectancy,Male,Years,77.54000
4804001,Acadia No. 34,2013,Life Expectancy,Male,Years,77.86000
4804001,Acadia No. 34,2014,Life Expectancy,Male,Years,78.57000
4804001,Acadia No. 34,2015,Life Expectancy,Male,Years,78.82000
4804001,Acadia No. 34,2016,Life Expectancy,Male,Years,78.40000
4804001,Acadia No. 34,2017,Life Expectancy,Male,Years,79.01000
4804001,Acadia No. 34,2018,Life Expectancy,Male,Years,77.76000
4804001,Acadia No. 34,2019,Life Expectancy,Male,Years,77.28000
4804001,Acadia No. 34,2020,Life Expectancy,Male,Years,78.21000
4804001,Acadia No. 34,2021,Life Expectancy,Male,Years,78.21000
4804001,Acadia No. 34,2022,Life Expectancy,Male,Years,78.38000
4804001,Acadia No. 34,2011,Life Expectancy,Both,Years,79.97000
4804001,Acadia No. 34,2012,Life Expectancy,Both,Years,80.32000
4804001,Acadia No. 34,2013,Life Expectancy,Both,Years,80.96000
4804001,Acadia No. 34,2014,Life Expectancy,Both,Years,81.64000
4804001,Acadia No. 34,2015,Life Expectancy,Both,Years,81.90000
4804001,Acadia No. 34,2016,Life Expectancy,Both,Years,81.67000
4804001,Acadia No. 34,2017,Life Expectancy,Both,Years,82.14000
4804001,Acadia No. 34,2018,Life Expectancy,Both,Years,81.26000
4804001,Acadia No. 34,2019,Life Expectancy,Both,Years,81.03000
4804001,Acadia No. 34,2020,Life Expectancy,Both,Years,82.06000
4804001,Acadia No. 34,2021,Life Expectancy,Both,Years,81.78000
4804001,Acadia No. 34,2022,Life Expectancy,Both,Years,81.69000
4804004,Special Area No. 2,2011,Life Expectancy,Female,Years,82.83324
4804004,Special Area No. 2,2012,Life Expectancy,Female,Years,82.89611
4804004,Special Area No. 2,2013,Life Expectancy,Female,Years,82.82605
4804004,Special Area No. 2,2014,Life Expectancy,Female,Years,83.12188
4804004,Special Area No. 2,2015,Life Expectancy,Female,Years,83.64874
4804004,Special Area No. 2,2016,Life Expectancy,Female,Years,83.63208
4804004,Special Area No. 2,2017,Life Expectancy,Female,Years,83.75547
4804004,Special Area No. 2,2018,Life Expectancy,Female,Years,83.62472
4804004,Special Area No. 2,2019,Life Expectancy,Female,Years,83.47430
4804004,Special Area No. 2,2020,Life Expectancy,Female,Years,83.52092
4804004,Special Area No. 2,2021,Life Expectancy,Female,Years,83.56499
4804004,Special Area No. 2,2022,Life Expectancy,Female,Years,83.29614
4804004,Special Area No. 2,2023,Life Expectancy,Female,Years,81.72000
4804004,Special Area No. 2,2011,Life Expectancy,Male,Years,77.75275
4804004,Special Area No. 2,2012,Life Expectancy,Male,Years,77.99499
4804004,Special Area No. 2,2013,Life Expectancy,Male,Years,78.24789
4804004,Special Area No. 2,2014,Life Expectancy,Male,Years,78.52609
4804004,Special Area No. 2,2015,Life Expectancy,Male,Years,79.07182
4804004,Special Area No. 2,2016,Life Expectancy,Male,Years,79.11469
4804004,Special Area No. 2,2017,Life Expectancy,Male,Years,79.16514
4804004,Special Area No. 2,2018,Life Expectancy,Male,Years,79.04059
4804004,Special Area No. 2,2019,Life Expectancy,Male,Years,79.12055
4804004,Special Area No. 2,2020,Life Expectancy,Male,Years,79.10821
4804004,Special Area No. 2,2021,Life Expectancy,Male,Years,78.87676
4804004,Special Area No. 2,2022,Life Expectancy,Male,Years,78.63175
4804004,Special Area No. 2,2023,Life Expectancy,Male,Years,78.14000
4804004,Special Area No. 2,2011,Life Expectancy,Both,Years,80.18038
4804004,Special Area No. 2,2012,Life Expectancy,Both,Years,80.34523
4804004,Special Area No. 2,2013,Life Expectancy,Both,Years,80.46157
4804004,Special Area No. 2,2014,Life Expectancy,Both,Years,80.75311
4804004,Special Area No. 2,2015,Life Expectancy,Both,Years,81.29317
4804004,Special Area No. 2,2016,Life Expectancy,Both,Years,81.30753
4804004,Special Area No. 2,2017,Life Expectancy,Both,Years,81.38985
4804004,Special Area No. 2,2018,Life Expectancy,Both,Years,81.24250
4804004,Special Area No. 2,2019,Life Expectancy,Both,Years,81.20539
4804004,Special Area No. 2,2020,Life Expectancy,Both,Years,81.22410
4804004,Special Area No. 2,2021,Life Expectancy,Both,Years,81.11023
4804004,Special Area No. 2,2022,Life Expectancy,Both,Years,80.84020
4804004,Special Area No. 2,2023,Life Expectancy,Both,Years,79.90000
4804006,Empress,2011,Life Expectancy,Female,Years,83.33000
4804006,Empress,2012,Life Expectancy,Female,Years,83.36000
4804006,Empress,2013,Life Expectancy,Female,Years,84.39000
4804006,Empress,2014,Life Expectancy,Female,Years,84.97000
4804006,Empress,2015,Life Expectancy,Female,Years,85.21000
4804006,Empress,2016,Life Expectancy,Female,Years,85.17000
4804006,Empress,2017,Life Expectancy,Female,Years,85.49000
4804006,Empress,2018,Life Expectancy,Female,Years,85.07000
4804006,Empress,2019,Life Expectancy,Female,Years,85.17000
4804006,Empress,2020,Life Expectancy,Female,Years,86.34000
4804006,Empress,2021,Life Expectancy,Female,Years,85.78000
4804006,Empress,2022,Life Expectancy,Female,Years,85.28000
4804006,Empress,2011,Life Expectancy,Male,Years,77.02000
4804006,Empress,2012,Life Expectancy,Male,Years,77.54000
4804006,Empress,2013,Life Expectancy,Male,Years,77.86000
4804006,Empress,2014,Life Expectancy,Male,Years,78.57000
4804006,Empress,2015,Life Expectancy,Male,Years,78.82000
4804006,Empress,2016,Life Expectancy,Male,Years,78.40000
4804006,Empress,2017,Life Expectancy,Male,Years,79.01000
4804006,Empress,2018,Life Expectancy,Male,Years,77.76000
4804006,Empress,2019,Life Expectancy,Male,Years,77.28000
4804006,Empress,2020,Life Expectancy,Male,Years,78.21000
4804006,Empress,2021,Life Expectancy,Male,Years,78.21000
4804006,Empress,2022,Life Expectancy,Male,Years,78.38000
4804006,Empress,2011,Life Expectancy,Both,Years,79.97000
4804006,Empress,2012,Life Expectancy,Both,Years,80.32000
4804006,Empress,2013,Life Expectancy,Both,Years,80.96000
4804006,Empress,2014,Life Expectancy,Both,Years,81.64000
4804006,Empress,2015,Life Expectancy,Both,Years,81.90000
4804006,Empress,2016,Life Expectancy,Both,Years,81.67000
4804006,Empress,2017,Life Expectancy,Both,Years,82.14000
4804006,Empress,2018,Life Expectancy,Both,Years,81.26000
4804006,Empress,2019,Life Expectancy,Both,Years,81.03000
4804006,Empress,2020,Life Expectancy,Both,Years,82.06000
4804006,Empress,2021,Life Expectancy,Both,Years,81.78000
4804006,Empress,2022,Life Expectancy,Both,Years,81.69000
4804011,Hanna,2011,Life Expectancy,Female,Years,80.68000
4804011,Hanna,2012,Life Expectancy,Female,Years,80.99000
4804011,Hanna,2013,Life Expectancy,Female,Years,80.88000
4804011,Hanna,2014,Life Expectancy,Female,Years,81.49000
4804011,Hanna,2015,Life Expectancy,Female,Years,81.61000
4804011,Hanna,2016,Life Expectancy,Female,Years,81.78000
4804011,Hanna,2017,Life Expectancy,Female,Years,82.08000
4804011,Hanna,2018,Life Expectancy,Female,Years,81.97000
4804011,Hanna,2019,Life Expectancy,Female,Years,81.95000
4804011,Hanna,2020,Life Expectancy,Female,Years,81.20000
4804011,Hanna,2021,Life Expectancy,Female,Years,81.75000
4804011,Hanna,2022,Life Expectancy,Female,Years,82.27000
4804011,Hanna,2011,Life Expectancy,Male,Years,77.36000
4804011,Hanna,2012,Life Expectancy,Male,Years,77.53000
4804011,Hanna,2013,Life Expectancy,Male,Years,78.45000
4804011,Hanna,2014,Life Expectancy,Male,Years,78.53000
4804011,Hanna,2015,Life Expectancy,Male,Years,79.33000
4804011,Hanna,2016,Life Expectancy,Male,Years,79.15000
4804011,Hanna,2017,Life Expectancy,Male,Years,79.36000
4804011,Hanna,2018,Life Expectancy,Male,Years,79.68000
4804011,Hanna,2019,Life Expectancy,Male,Years,79.58000
4804011,Hanna,2020,Life Expectancy,Male,Years,79.17000
4804011,Hanna,2021,Life Expectancy,Male,Years,78.69000
4804011,Hanna,2022,Life Expectancy,Male,Years,78.48000
4804011,Hanna,2011,Life Expectancy,Both,Years,79.00000
4804011,Hanna,2012,Life Expectancy,Both,Years,79.25000
4804011,Hanna,2013,Life Expectancy,Both,Years,79.67000
4804011,Hanna,2014,Life Expectancy,Both,Years,80.03000
4804011,Hanna,2015,Life Expectancy,Both,Years,80.53000
4804011,Hanna,2016,Life Expectancy,Both,Years,80.52000
4804011,Hanna,2017,Life Expectancy,Both,Years,80.75000
4804011,Hanna,2018,Life Expectancy,Both,Years,80.87000
4804011,Hanna,2019,Life Expectancy,Both,Years,80.81000
4804011,Hanna,2020,Life Expectancy,Both,Years,80.23000
4804011,Hanna,2021,Life Expectancy,Both,Years,80.24000
4804011,Hanna,2022,Life Expectancy,Both,Years,80.35000
4804012,Special Area No. 3,2011,Life Expectancy,Female,Years,166.66000
4804012,Special Area No. 3,2012,Life Expectancy,Female,Years,166.72000
4804012,Special Area No. 3,2013,Life Expectancy,Female,Years,168.78000
4804012,Special Area No. 3,2014,Life Expectancy,Female,Years,169.94000
4804012,Special Area No. 3,2015,Life Expectancy,Female,Years,170.42000
4804012,Special Area No. 3,2016,Life Expectancy,Female,Years,170.34000
4804012,Special Area No. 3,2017,Life Expectancy,Female,Years,170.98000
4804012,Special Area No. 3,2018,Life Expectancy,Female,Years,170.14000
4804012,Special Area No. 3,2019,Life Expectancy,Female,Years,170.34000
4804012,Special Area No. 3,2020,Life Expectancy,Female,Years,172.68000
4804012,Special Area No. 3,2021,Life Expectancy,Female,Years,171.56000
4804012,Special Area No. 3,2022,Life Expectancy,Female,Years,85.28000
4804012,Special Area No. 3,2011,Life Expectancy,Male,Years,154.04000
4804012,Special Area No. 3,2012,Life Expectancy,Male,Years,155.08000
4804012,Special Area No. 3,2013,Life Expectancy,Male,Years,155.72000
4804012,Special Area No. 3,2014,Life Expectancy,Male,Years,157.14000
4804012,Special Area No. 3,2015,Life Expectancy,Male,Years,157.64000
4804012,Special Area No. 3,2016,Life Expectancy,Male,Years,156.80000
4804012,Special Area No. 3,2017,Life Expectancy,Male,Years,158.02000
4804012,Special Area No. 3,2018,Life Expectancy,Male,Years,155.52000
4804012,Special Area No. 3,2019,Life Expectancy,Male,Years,154.56000
4804012,Special Area No. 3,2020,Life Expectancy,Male,Years,156.42000
4804012,Special Area No. 3,2021,Life Expectancy,Male,Years,156.42000
4804012,Special Area No. 3,2022,Life Expectancy,Male,Years,78.38000
4804012,Special Area No. 3,2011,Life Expectancy,Both,Years,159.94000
4804012,Special Area No. 3,2012,Life Expectancy,Both,Years,160.64000
4804012,Special Area No. 3,2013,Life Expectancy,Both,Years,161.92000
4804012,Special Area No. 3,2014,Life Expectancy,Both,Years,163.28000
4804012,Special Area No. 3,2015,Life Expectancy,Both,Years,163.80000
4804012,Special Area No. 3,2016,Life Expectancy,Both,Years,163.34000
4804012,Special Area No. 3,2017,Life Expectancy,Both,Years,164.28000
4804012,Special Area No. 3,2018,Life Expectancy,Both,Years,162.52000
4804012,Special Area No. 3,2019,Life Expectancy,Both,Years,162.06000
4804012,Special Area No. 3,2020,Life Expectancy,Both,Years,164.12000
4804012,Special Area No. 3,2021,Life Expectancy,Both,Years,163.56000
4804012,Special Area No. 3,2022,Life Expectancy,Both,Years,81.69000
4804014,Oyen,2011,Life Expectancy,Female,Years,83.33000
4804014,Oyen,2012,Life Expectancy,Female,Years,83.36000
4804014,Oyen,2013,Life Expectancy,Female,Years,84.39000
4804014,Oyen,2014,Life Expectancy,Female,Years,84.97000
4804014,Oyen,2015,Life Expectancy,Female,Years,85.21000
4804014,Oyen,2016,Life Expectancy,Female,Years,85.17000
4804014,Oyen,2017,Life Expectancy,Female,Years,85.49000
4804014,Oyen,2018,Life Expectancy,Female,Years,85.07000
4804014,Oyen,2019,Life Expectancy,Female,Years,85.17000
4804014,Oyen,2020,Life Expectancy,Female,Years,86.34000
4804014,Oyen,2021,Life Expectancy,Female,Years,85.78000
4804014,Oyen,2022,Life Expectancy,Female,Years,85.28000
4804014,Oyen,2011,Life Expectancy,Male,Years,77.02000
4804014,Oyen,2012,Life Expectancy,Male,Years,77.54000
4804014,Oyen,2013,Life Expectancy,Male,Years,77.86000
4804014,Oyen,2014,Life Expectancy,Male,Years,78.57000
4804014,Oyen,2015,Life Expectancy,Male,Years,78.82000
4804014,Oyen,2016,Life Expectancy,Male,Years,78.40000
4804014,Oyen,2017,Life Expectancy,Male,Years,79.01000
4804014,Oyen,2018,Life Expectancy,Male,Years,77.76000
4804014,Oyen,2019,Life Expectancy,Male,Years,77.28000
4804014,Oyen,2020,Life Expectancy,Male,Years,78.21000
4804014,Oyen,2021,Life Expectancy,Male,Years,78.21000
4804014,Oyen,2022,Life Expectancy,Male,Years,78.38000
4804014,Oyen,2011,Life Expectancy,Both,Years,79.97000
4804014,Oyen,2012,Life Expectancy,Both,Years,80.32000
4804014,Oyen,2013,Life Expectancy,Both,Years,80.96000
4804014,Oyen,2014,Life Expectancy,Both,Years,81.64000
4804014,Oyen,2015,Life Expectancy,Both,Years,81.90000
4804014,Oyen,2016,Life Expectancy,Both,Years,81.67000
4804014,Oyen,2017,Life Expectancy,Both,Years,82.14000
4804014,Oyen,2018,Life Expectancy,Both,Years,81.26000
4804014,Oyen,2019,Life Expectancy,Both,Years,81.03000
4804014,Oyen,2020,Life Expectancy,Both,Years,82.06000
4804014,Oyen,2021,Life Expectancy,Both,Years,81.78000
4804014,Oyen,2022,Life Expectancy,Both,Years,81.69000
4804019,Youngstown,2011,Life Expectancy,Female,Years,83.33000
4804019,Youngstown,2012,Life Expectancy,Female,Years,83.36000
4804019,Youngstown,2013,Life Expectancy,Female,Years,84.39000
4804019,Youngstown,2014,Life Expectancy,Female,Years,84.97000
4804019,Youngstown,2015,Life Expectancy,Female,Years,85.21000
4804019,Youngstown,2016,Life Expectancy,Female,Years,85.17000
4804019,Youngstown,2017,Life Expectancy,Female,Years,85.49000
4804019,Youngstown,2018,Life Expectancy,Female,Years,85.07000
4804019,Youngstown,2019,Life Expectancy,Female,Years,85.17000
4804019,Youngstown,2020,Life Expectancy,Female,Years,86.34000
4804019,Youngstown,2021,Life Expectancy,Female,Years,85.78000
4804019,Youngstown,2022,Life Expectancy,Female,Years,85.28000
4804019,Youngstown,2023,Life Expectancy,Female,Years,84.77000
4804019,Youngstown,2011,Life Expectancy,Male,Years,77.02000
4804019,Youngstown,2012,Life Expectancy,Male,Years,77.54000
4804019,Youngstown,2013,Life Expectancy,Male,Years,77.86000
4804019,Youngstown,2014,Life Expectancy,Male,Years,78.57000
4804019,Youngstown,2015,Life Expectancy,Male,Years,78.82000
4804019,Youngstown,2016,Life Expectancy,Male,Years,78.40000
4804019,Youngstown,2017,Life Expectancy,Male,Years,79.01000
4804019,Youngstown,2018,Life Expectancy,Male,Years,77.76000
4804019,Youngstown,2019,Life Expectancy,Male,Years,77.28000
4804019,Youngstown,2020,Life Expectancy,Male,Years,78.21000
4804019,Youngstown,2021,Life Expectancy,Male,Years,78.21000
4804019,Youngstown,2022,Life Expectancy,Male,Years,78.38000
4804019,Youngstown,2023,Life Expectancy,Male,Years,78.84000
4804019,Youngstown,2011,Life Expectancy,Both,Years,79.97000
4804019,Youngstown,2012,Life Expectancy,Both,Years,80.32000
4804019,Youngstown,2013,Life Expectancy,Both,Years,80.96000
4804019,Youngstown,2014,Life Expectancy,Both,Years,81.64000
4804019,Youngstown,2015,Life Expectancy,Both,Years,81.90000
4804019,Youngstown,2016,Life Expectancy,Both,Years,81.67000
4804019,Youngstown,2017,Life Expectancy,Both,Years,82.14000
4804019,Youngstown,2018,Life Expectancy,Both,Years,81.26000
4804019,Youngstown,2019,Life Expectancy,Both,Years,81.03000
4804019,Youngstown,2020,Life Expectancy,Both,Years,82.06000
4804019,Youngstown,2021,Life Expectancy,Both,Years,81.78000
4804019,Youngstown,2022,Life Expectancy,Both,Years,81.69000
4804019,Youngstown,2023,Life Expectancy,Both,Years,81.74000
4804020,Special Area No. 4,2011,Life Expectancy,Female,Years,83.50000
4804020,Special Area No. 4,2012,Life Expectancy,Female,Years,83.70000
4804020,Special Area No. 4,2013,Life Expectancy,Female,Years,82.92000
4804020,Special Area No. 4,2014,Life Expectancy,Female,Years,82.31000
4804020,Special Area No. 4,2015,Life Expectancy,Female,Years,82.57000
4804020,Special Area No. 4,2016,Life Expectancy,Female,Years,81.81000
4804020,Special Area No. 4,2017,Life Expectancy,Female,Years,81.37000
4804020,Special Area No. 4,2018,Life Expectancy,Female,Years,81.42000
4804020,Special Area No. 4,2019,Life Expectancy,Female,Years,81.19000
4804020,Special Area No. 4,2020,Life Expectancy,Female,Years,81.17000
4804020,Special Area No. 4,2021,Life Expectancy,Female,Years,81.15000
4804020,Special Area No. 4,2022,Life Expectancy,Female,Years,81.28000
4804020,Special Area No. 4,2011,Life Expectancy,Male,Years,77.30000
4804020,Special Area No. 4,2012,Life Expectancy,Male,Years,76.62000
4804020,Special Area No. 4,2013,Life Expectancy,Male,Years,76.61000
4804020,Special Area No. 4,2014,Life Expectancy,Male,Years,76.68000
4804020,Special Area No. 4,2015,Life Expectancy,Male,Years,77.53000
4804020,Special Area No. 4,2016,Life Expectancy,Male,Years,77.64000
4804020,Special Area No. 4,2017,Life Expectancy,Male,Years,76.75000
4804020,Special Area No. 4,2018,Life Expectancy,Male,Years,77.07000
4804020,Special Area No. 4,2019,Life Expectancy,Male,Years,77.15000
4804020,Special Area No. 4,2020,Life Expectancy,Male,Years,77.26000
4804020,Special Area No. 4,2021,Life Expectancy,Male,Years,77.05000
4804020,Special Area No. 4,2022,Life Expectancy,Male,Years,76.98000
4804020,Special Area No. 4,2011,Life Expectancy,Both,Years,80.22000
4804020,Special Area No. 4,2012,Life Expectancy,Both,Years,79.94000
4804020,Special Area No. 4,2013,Life Expectancy,Both,Years,79.55000
4804020,Special Area No. 4,2014,Life Expectancy,Both,Years,79.30000
4804020,Special Area No. 4,2015,Life Expectancy,Both,Years,79.86000
4804020,Special Area No. 4,2016,Life Expectancy,Both,Years,79.60000
4804020,Special Area No. 4,2017,Life Expectancy,Both,Years,78.91000
4804020,Special Area No. 4,2018,Life Expectancy,Both,Years,79.12000
4804020,Special Area No. 4,2019,Life Expectancy,Both,Years,79.03000
4804020,Special Area No. 4,2020,Life Expectancy,Both,Years,79.11000
4804020,Special Area No. 4,2021,Life Expectancy,Both,Years,78.95000
4804020,Special Area No. 4,2022,Life Expectancy,Both,Years,78.99000
4804021,Veteran,2011,Life Expectancy,Female,Years,83.50000
4804021,Veteran,2012,Life Expectancy,Female,Years,83.70000
4804021,Veteran,2013,Life Expectancy,Female,Years,82.92000
4804021,Veteran,2014,Life Expectancy,Female,Years,82.31000
4804021,Veteran,2015,Life Expectancy,Female,Years,82.57000
4804021,Veteran,2016,Life Expectancy,Female,Years,81.81000
4804021,Veteran,2017,Life Expectancy,Female,Years,81.37000
4804021,Veteran,2018,Life Expectancy,Female,Years,81.42000
4804021,Veteran,2019,Life Expectancy,Female,Years,81.19000
4804021,Veteran,2020,Life Expectancy,Female,Years,81.17000
4804021,Veteran,2021,Life Expectancy,Female,Years,81.15000
4804021,Veteran,2022,Life Expectancy,Female,Years,81.28000
4804021,Veteran,2011,Life Expectancy,Male,Years,77.30000
4804021,Veteran,2012,Life Expectancy,Male,Years,76.62000
4804021,Veteran,2013,Life Expectancy,Male,Years,76.61000
4804021,Veteran,2014,Life Expectancy,Male,Years,76.68000
4804021,Veteran,2015,Life Expectancy,Male,Years,77.53000
4804021,Veteran,2016,Life Expectancy,Male,Years,77.64000
4804021,Veteran,2017,Life Expectancy,Male,Years,76.75000
4804021,Veteran,2018,Life Expectancy,Male,Years,77.07000
4804021,Veteran,2019,Life Expectancy,Male,Years,77.15000
4804021,Veteran,2020,Life Expectancy,Male,Years,77.26000
4804021,Veteran,2021,Life Expectancy,Male,Years,77.05000
4804021,Veteran,2022,Life Expectancy,Male,Years,76.98000
4804021,Veteran,2011,Life Expectancy,Both,Years,80.22000
4804021,Veteran,2012,Life Expectancy,Both,Years,79.94000
4804021,Veteran,2013,Life Expectancy,Both,Years,79.55000
4804021,Veteran,2014,Life Expectancy,Both,Years,79.30000
4804021,Veteran,2015,Life Expectancy,Both,Years,79.86000
4804021,Veteran,2016,Life Expectancy,Both,Years,79.60000
4804021,Veteran,2017,Life Expectancy,Both,Years,78.91000
4804021,Veteran,2018,Life Expectancy,Both,Years,79.12000
4804021,Veteran,2019,Life Expectancy,Both,Years,79.03000
4804021,Veteran,2020,Life Expectancy,Both,Years,79.11000
4804021,Veteran,2021,Life Expectancy,Both,Years,78.95000
4804021,Veteran,2022,Life Expectancy,Both,Years,78.99000
4804022,Consort,2011,Life Expectancy,Female,Years,83.50000
4804022,Consort,2012,Life Expectancy,Female,Years,83.70000
4804022,Consort,2013,Life Expectancy,Female,Years,82.92000
4804022,Consort,2014,Life Expectancy,Female,Years,82.31000
4804022,Consort,2015,Life Expectancy,Female,Years,82.57000
4804022,Consort,2016,Life Expectancy,Female,Years,81.81000
4804022,Consort,2017,Life Expectancy,Female,Years,81.37000
4804022,Consort,2018,Life Expectancy,Female,Years,81.42000
4804022,Consort,2019,Life Expectancy,Female,Years,81.19000
4804022,Consort,2020,Life Expectancy,Female,Years,81.17000
4804022,Consort,2021,Life Expectancy,Female,Years,81.15000
4804022,Consort,2022,Life Expectancy,Female,Years,81.28000
4804022,Consort,2023,Life Expectancy,Female,Years,81.86000
4804022,Consort,2011,Life Expectancy,Male,Years,77.30000
4804022,Consort,2012,Life Expectancy,Male,Years,76.62000
4804022,Consort,2013,Life Expectancy,Male,Years,76.61000
4804022,Consort,2014,Life Expectancy,Male,Years,76.68000
4804022,Consort,2015,Life Expectancy,Male,Years,77.53000
4804022,Consort,2016,Life Expectancy,Male,Years,77.64000
4804022,Consort,2017,Life Expectancy,Male,Years,76.75000
4804022,Consort,2018,Life Expectancy,Male,Years,77.07000
4804022,Consort,2019,Life Expectancy,Male,Years,77.15000
4804022,Consort,2020,Life Expectancy,Male,Years,77.26000
4804022,Consort,2021,Life Expectancy,Male,Years,77.05000
4804022,Consort,2022,Life Expectancy,Male,Years,76.98000
4804022,Consort,2023,Life Expectancy,Male,Years,77.33000
4804022,Consort,2011,Life Expectancy,Both,Years,80.22000
4804022,Consort,2012,Life Expectancy,Both,Years,79.94000
4804022,Consort,2013,Life Expectancy,Both,Years,79.55000
4804022,Consort,2014,Life Expectancy,Both,Years,79.30000
4804022,Consort,2015,Life Expectancy,Both,Years,79.86000
4804022,Consort,2016,Life Expectancy,Both,Years,79.60000
4804022,Consort,2017,Life Expectancy,Both,Years,78.91000
4804022,Consort,2018,Life Expectancy,Both,Years,79.12000
4804022,Consort,2019,Life Expectancy,Both,Years,79.03000
4804022,Consort,2020,Life Expectancy,Both,Years,79.11000
4804022,Consort,2021,Life Expectancy,Both,Years,78.95000
4804022,Consort,2022,Life Expectancy,Both,Years,78.99000
4804022,Consort,2023,Life Expectancy,Both,Years,79.49000
4805001,Vulcan County,2011,Life Expectancy,Female,Years,78.77000
4805001,Vulcan County,2012,Life Expectancy,Female,Years,79.46000
4805001,Vulcan County,2013,Life Expectancy,Female,Years,79.78000
4805001,Vulcan County,2014,Life Expectancy,Female,Years,80.07000
4805001,Vulcan County,2015,Life Expectancy,Female,Years,80.50000
4805001,Vulcan County,2016,Life Expectancy,Female,Years,80.70000
4805001,Vulcan County,2017,Life Expectancy,Female,Years,81.16000
4805001,Vulcan County,2018,Life Expectancy,Female,Years,81.57000
4805001,Vulcan County,2019,Life Expectancy,Female,Years,82.26000
4805001,Vulcan County,2020,Life Expectancy,Female,Years,83.63000
4805001,Vulcan County,2021,Life Expectancy,Female,Years,84.46000
4805001,Vulcan County,2022,Life Expectancy,Female,Years,84.21000
4805001,Vulcan County,2011,Life Expectancy,Male,Years,75.60000
4805001,Vulcan County,2012,Life Expectancy,Male,Years,76.81000
4805001,Vulcan County,2013,Life Expectancy,Male,Years,77.02000
4805001,Vulcan County,2014,Life Expectancy,Male,Years,77.08000
4805001,Vulcan County,2015,Life Expectancy,Male,Years,77.24000
4805001,Vulcan County,2016,Life Expectancy,Male,Years,77.37000
4805001,Vulcan County,2017,Life Expectancy,Male,Years,77.33000
4805001,Vulcan County,2018,Life Expectancy,Male,Years,78.21000
4805001,Vulcan County,2019,Life Expectancy,Male,Years,78.49000
4805001,Vulcan County,2020,Life Expectancy,Male,Years,78.67000
4805001,Vulcan County,2021,Life Expectancy,Male,Years,79.02000
4805001,Vulcan County,2022,Life Expectancy,Male,Years,78.76000
4805001,Vulcan County,2011,Life Expectancy,Both,Years,77.11000
4805001,Vulcan County,2012,Life Expectancy,Both,Years,78.08000
4805001,Vulcan County,2013,Life Expectancy,Both,Years,78.33000
4805001,Vulcan County,2014,Life Expectancy,Both,Years,78.52000
4805001,Vulcan County,2015,Life Expectancy,Both,Years,78.79000
4805001,Vulcan County,2016,Life Expectancy,Both,Years,78.94000
4805001,Vulcan County,2017,Life Expectancy,Both,Years,79.13000
4805001,Vulcan County,2018,Life Expectancy,Both,Years,79.80000
4805001,Vulcan County,2019,Life Expectancy,Both,Years,80.26000
4805001,Vulcan County,2020,Life Expectancy,Both,Years,80.99000
4805001,Vulcan County,2021,Life Expectancy,Both,Years,81.49000
4805001,Vulcan County,2022,Life Expectancy,Both,Years,81.26000
4805002,Carmangay,2011,Life Expectancy,Female,Years,78.77000
4805002,Carmangay,2012,Life Expectancy,Female,Years,79.46000
4805002,Carmangay,2013,Life Expectancy,Female,Years,79.78000
4805002,Carmangay,2014,Life Expectancy,Female,Years,80.07000
4805002,Carmangay,2015,Life Expectancy,Female,Years,80.50000
4805002,Carmangay,2016,Life Expectancy,Female,Years,80.70000
4805002,Carmangay,2017,Life Expectancy,Female,Years,81.16000
4805002,Carmangay,2018,Life Expectancy,Female,Years,81.57000
4805002,Carmangay,2019,Life Expectancy,Female,Years,82.26000
4805002,Carmangay,2020,Life Expectancy,Female,Years,83.63000
4805002,Carmangay,2021,Life Expectancy,Female,Years,84.46000
4805002,Carmangay,2022,Life Expectancy,Female,Years,84.21000
4805002,Carmangay,2011,Life Expectancy,Male,Years,75.60000
4805002,Carmangay,2012,Life Expectancy,Male,Years,76.81000
4805002,Carmangay,2013,Life Expectancy,Male,Years,77.02000
4805002,Carmangay,2014,Life Expectancy,Male,Years,77.08000
4805002,Carmangay,2015,Life Expectancy,Male,Years,77.24000
4805002,Carmangay,2016,Life Expectancy,Male,Years,77.37000
4805002,Carmangay,2017,Life Expectancy,Male,Years,77.33000
4805002,Carmangay,2018,Life Expectancy,Male,Years,78.21000
4805002,Carmangay,2019,Life Expectancy,Male,Years,78.49000
4805002,Carmangay,2020,Life Expectancy,Male,Years,78.67000
4805002,Carmangay,2021,Life Expectancy,Male,Years,79.02000
4805002,Carmangay,2022,Life Expectancy,Male,Years,78.76000
4805002,Carmangay,2011,Life Expectancy,Both,Years,77.11000
4805002,Carmangay,2012,Life Expectancy,Both,Years,78.08000
4805002,Carmangay,2013,Life Expectancy,Both,Years,78.33000
4805002,Carmangay,2014,Life Expectancy,Both,Years,78.52000
4805002,Carmangay,2015,Life Expectancy,Both,Years,78.79000
4805002,Carmangay,2016,Life Expectancy,Both,Years,78.94000
4805002,Carmangay,2017,Life Expectancy,Both,Years,79.13000
4805002,Carmangay,2018,Life Expectancy,Both,Years,79.80000
4805002,Carmangay,2019,Life Expectancy,Both,Years,80.26000
4805002,Carmangay,2020,Life Expectancy,Both,Years,80.99000
4805002,Carmangay,2021,Life Expectancy,Both,Years,81.49000
4805002,Carmangay,2022,Life Expectancy,Both,Years,81.26000
4805004,Champion,2011,Life Expectancy,Female,Years,78.77000
4805004,Champion,2012,Life Expectancy,Female,Years,79.46000
4805004,Champion,2013,Life Expectancy,Female,Years,79.78000
4805004,Champion,2014,Life Expectancy,Female,Years,80.07000
4805004,Champion,2015,Life Expectancy,Female,Years,80.50000
4805004,Champion,2016,Life Expectancy,Female,Years,80.70000
4805004,Champion,2017,Life Expectancy,Female,Years,81.16000
4805004,Champion,2018,Life Expectancy,Female,Years,81.57000
4805004,Champion,2019,Life Expectancy,Female,Years,82.26000
4805004,Champion,2020,Life Expectancy,Female,Years,83.63000
4805004,Champion,2021,Life Expectancy,Female,Years,84.46000
4805004,Champion,2022,Life Expectancy,Female,Years,84.21000
4805004,Champion,2011,Life Expectancy,Male,Years,75.60000
4805004,Champion,2012,Life Expectancy,Male,Years,76.81000
4805004,Champion,2013,Life Expectancy,Male,Years,77.02000
4805004,Champion,2014,Life Expectancy,Male,Years,77.08000
4805004,Champion,2015,Life Expectancy,Male,Years,77.24000
4805004,Champion,2016,Life Expectancy,Male,Years,77.37000
4805004,Champion,2017,Life Expectancy,Male,Years,77.33000
4805004,Champion,2018,Life Expectancy,Male,Years,78.21000
4805004,Champion,2019,Life Expectancy,Male,Years,78.49000
4805004,Champion,2020,Life Expectancy,Male,Years,78.67000
4805004,Champion,2021,Life Expectancy,Male,Years,79.02000
4805004,Champion,2022,Life Expectancy,Male,Years,78.76000
4805004,Champion,2011,Life Expectancy,Both,Years,77.11000
4805004,Champion,2012,Life Expectancy,Both,Years,78.08000
4805004,Champion,2013,Life Expectancy,Both,Years,78.33000
4805004,Champion,2014,Life Expectancy,Both,Years,78.52000
4805004,Champion,2015,Life Expectancy,Both,Years,78.79000
4805004,Champion,2016,Life Expectancy,Both,Years,78.94000
4805004,Champion,2017,Life Expectancy,Both,Years,79.13000
4805004,Champion,2018,Life Expectancy,Both,Years,79.80000
4805004,Champion,2019,Life Expectancy,Both,Years,80.26000
4805004,Champion,2020,Life Expectancy,Both,Years,80.99000
4805004,Champion,2021,Life Expectancy,Both,Years,81.49000
4805004,Champion,2022,Life Expectancy,Both,Years,81.26000
4805006,Vulcan,2011,Life Expectancy,Female,Years,78.77000
4805006,Vulcan,2012,Life Expectancy,Female,Years,79.46000
4805006,Vulcan,2013,Life Expectancy,Female,Years,79.78000
4805006,Vulcan,2014,Life Expectancy,Female,Years,80.07000
4805006,Vulcan,2015,Life Expectancy,Female,Years,80.50000
4805006,Vulcan,2016,Life Expectancy,Female,Years,80.70000
4805006,Vulcan,2017,Life Expectancy,Female,Years,81.16000
4805006,Vulcan,2018,Life Expectancy,Female,Years,81.57000
4805006,Vulcan,2019,Life Expectancy,Female,Years,82.26000
4805006,Vulcan,2020,Life Expectancy,Female,Years,83.63000
4805006,Vulcan,2021,Life Expectancy,Female,Years,84.46000
4805006,Vulcan,2022,Life Expectancy,Female,Years,84.21000
4805006,Vulcan,2011,Life Expectancy,Male,Years,75.60000
4805006,Vulcan,2012,Life Expectancy,Male,Years,76.81000
4805006,Vulcan,2013,Life Expectancy,Male,Years,77.02000
4805006,Vulcan,2014,Life Expectancy,Male,Years,77.08000
4805006,Vulcan,2015,Life Expectancy,Male,Years,77.24000
4805006,Vulcan,2016,Life Expectancy,Male,Years,77.37000
4805006,Vulcan,2017,Life Expectancy,Male,Years,77.33000
4805006,Vulcan,2018,Life Expectancy,Male,Years,78.21000
4805006,Vulcan,2019,Life Expectancy,Male,Years,78.49000
4805006,Vulcan,2020,Life Expectancy,Male,Years,78.67000
4805006,Vulcan,2021,Life Expectancy,Male,Years,79.02000
4805006,Vulcan,2022,Life Expectancy,Male,Years,78.76000
4805006,Vulcan,2011,Life Expectancy,Both,Years,77.11000
4805006,Vulcan,2012,Life Expectancy,Both,Years,78.08000
4805006,Vulcan,2013,Life Expectancy,Both,Years,78.33000
4805006,Vulcan,2014,Life Expectancy,Both,Years,78.52000
4805006,Vulcan,2015,Life Expectancy,Both,Years,78.79000
4805006,Vulcan,2016,Life Expectancy,Both,Years,78.94000
4805006,Vulcan,2017,Life Expectancy,Both,Years,79.13000
4805006,Vulcan,2018,Life Expectancy,Both,Years,79.80000
4805006,Vulcan,2019,Life Expectancy,Both,Years,80.26000
4805006,Vulcan,2020,Life Expectancy,Both,Years,80.99000
4805006,Vulcan,2021,Life Expectancy,Both,Years,81.49000
4805006,Vulcan,2022,Life Expectancy,Both,Years,81.26000
4805008,Lomond,2011,Life Expectancy,Female,Years,78.77000
4805008,Lomond,2012,Life Expectancy,Female,Years,79.46000
4805008,Lomond,2013,Life Expectancy,Female,Years,79.78000
4805008,Lomond,2014,Life Expectancy,Female,Years,80.07000
4805008,Lomond,2015,Life Expectancy,Female,Years,80.50000
4805008,Lomond,2016,Life Expectancy,Female,Years,80.70000
4805008,Lomond,2017,Life Expectancy,Female,Years,81.16000
4805008,Lomond,2018,Life Expectancy,Female,Years,81.57000
4805008,Lomond,2019,Life Expectancy,Female,Years,82.26000
4805008,Lomond,2020,Life Expectancy,Female,Years,83.63000
4805008,Lomond,2021,Life Expectancy,Female,Years,84.46000
4805008,Lomond,2022,Life Expectancy,Female,Years,84.21000
4805008,Lomond,2011,Life Expectancy,Male,Years,75.60000
4805008,Lomond,2012,Life Expectancy,Male,Years,76.81000
4805008,Lomond,2013,Life Expectancy,Male,Years,77.02000
4805008,Lomond,2014,Life Expectancy,Male,Years,77.08000
4805008,Lomond,2015,Life Expectancy,Male,Years,77.24000
4805008,Lomond,2016,Life Expectancy,Male,Years,77.37000
4805008,Lomond,2017,Life Expectancy,Male,Years,77.33000
4805008,Lomond,2018,Life Expectancy,Male,Years,78.21000
4805008,Lomond,2019,Life Expectancy,Male,Years,78.49000
4805008,Lomond,2020,Life Expectancy,Male,Years,78.67000
4805008,Lomond,2021,Life Expectancy,Male,Years,79.02000
4805008,Lomond,2022,Life Expectancy,Male,Years,78.76000
4805008,Lomond,2011,Life Expectancy,Both,Years,77.11000
4805008,Lomond,2012,Life Expectancy,Both,Years,78.08000
4805008,Lomond,2013,Life Expectancy,Both,Years,78.33000
4805008,Lomond,2014,Life Expectancy,Both,Years,78.52000
4805008,Lomond,2015,Life Expectancy,Both,Years,78.79000
4805008,Lomond,2016,Life Expectancy,Both,Years,78.94000
4805008,Lomond,2017,Life Expectancy,Both,Years,79.13000
4805008,Lomond,2018,Life Expectancy,Both,Years,79.80000
4805008,Lomond,2019,Life Expectancy,Both,Years,80.26000
4805008,Lomond,2020,Life Expectancy,Both,Years,80.99000
4805008,Lomond,2021,Life Expectancy,Both,Years,81.49000
4805008,Lomond,2022,Life Expectancy,Both,Years,81.26000
4806034,Olds,2011,Life Expectancy,Female,Years,81.88000
4806034,Olds,2012,Life Expectancy,Female,Years,81.73000
4806034,Olds,2013,Life Expectancy,Female,Years,81.93000
4806034,Olds,2014,Life Expectancy,Female,Years,82.02000
4806034,Olds,2015,Life Expectancy,Female,Years,82.45000
4806034,Olds,2016,Life Expectancy,Female,Years,82.76000
4806034,Olds,2017,Life Expectancy,Female,Years,83.10000
4806034,Olds,2018,Life Expectancy,Female,Years,83.71000
4806034,Olds,2019,Life Expectancy,Female,Years,84.03000
4806034,Olds,2020,Life Expectancy,Female,Years,84.36000
4806034,Olds,2021,Life Expectancy,Female,Years,84.73000
4806034,Olds,2022,Life Expectancy,Female,Years,84.89000
4806034,Olds,2011,Life Expectancy,Male,Years,79.95000
4806034,Olds,2012,Life Expectancy,Male,Years,79.66000
4806034,Olds,2013,Life Expectancy,Male,Years,79.80000
4806034,Olds,2014,Life Expectancy,Male,Years,79.64000
4806034,Olds,2015,Life Expectancy,Male,Years,80.00000
4806034,Olds,2016,Life Expectancy,Male,Years,80.30000
4806034,Olds,2017,Life Expectancy,Male,Years,80.49000
4806034,Olds,2018,Life Expectancy,Male,Years,80.62000
4806034,Olds,2019,Life Expectancy,Male,Years,80.33000
4806034,Olds,2020,Life Expectancy,Male,Years,80.60000
4806034,Olds,2021,Life Expectancy,Male,Years,79.87000
4806034,Olds,2022,Life Expectancy,Male,Years,79.56000
4806034,Olds,2011,Life Expectancy,Both,Years,81.00000
4806034,Olds,2012,Life Expectancy,Both,Years,80.76000
4806034,Olds,2013,Life Expectancy,Both,Years,80.91000
4806034,Olds,2014,Life Expectancy,Both,Years,80.86000
4806034,Olds,2015,Life Expectancy,Both,Years,81.26000
4806034,Olds,2016,Life Expectancy,Both,Years,81.57000
4806034,Olds,2017,Life Expectancy,Both,Years,81.83000
4806034,Olds,2018,Life Expectancy,Both,Years,82.17000
4806034,Olds,2019,Life Expectancy,Both,Years,82.18000
4806034,Olds,2020,Life Expectancy,Both,Years,82.47000
4806034,Olds,2021,Life Expectancy,Both,Years,82.27000
4806034,Olds,2022,Life Expectancy,Both,Years,82.18000
4806036,Sundre,2011,Life Expectancy,Female,Years,82.84000
4806036,Sundre,2012,Life Expectancy,Female,Years,82.75000
4806036,Sundre,2013,Life Expectancy,Female,Years,82.68000
4806036,Sundre,2014,Life Expectancy,Female,Years,82.42000
4806036,Sundre,2015,Life Expectancy,Female,Years,82.50000
4806036,Sundre,2016,Life Expectancy,Female,Years,82.64000
4806036,Sundre,2017,Life Expectancy,Female,Years,82.70000
4806036,Sundre,2018,Life Expectancy,Female,Years,82.84000
4806036,Sundre,2019,Life Expectancy,Female,Years,83.17000
4806036,Sundre,2020,Life Expectancy,Female,Years,82.38000
4806036,Sundre,2021,Life Expectancy,Female,Years,82.32000
4806036,Sundre,2022,Life Expectancy,Female,Years,82.16000
4806036,Sundre,2023,Life Expectancy,Female,Years,82.60000
4806036,Sundre,2011,Life Expectancy,Male,Years,77.90000
4806036,Sundre,2012,Life Expectancy,Male,Years,78.53000
4806036,Sundre,2013,Life Expectancy,Male,Years,78.23000
4806036,Sundre,2014,Life Expectancy,Male,Years,78.28000
4806036,Sundre,2015,Life Expectancy,Male,Years,78.11000
4806036,Sundre,2016,Life Expectancy,Male,Years,78.20000
4806036,Sundre,2017,Life Expectancy,Male,Years,78.54000
4806036,Sundre,2018,Life Expectancy,Male,Years,78.70000
4806036,Sundre,2019,Life Expectancy,Male,Years,78.14000
4806036,Sundre,2020,Life Expectancy,Male,Years,78.02000
4806036,Sundre,2021,Life Expectancy,Male,Years,77.84000
4806036,Sundre,2022,Life Expectancy,Male,Years,77.31000
4806036,Sundre,2023,Life Expectancy,Male,Years,77.57000
4806036,Sundre,2011,Life Expectancy,Both,Years,80.28000
4806036,Sundre,2012,Life Expectancy,Both,Years,80.58000
4806036,Sundre,2013,Life Expectancy,Both,Years,80.36000
4806036,Sundre,2014,Life Expectancy,Both,Years,80.27000
4806036,Sundre,2015,Life Expectancy,Both,Years,80.24000
4806036,Sundre,2016,Life Expectancy,Both,Years,80.33000
4806036,Sundre,2017,Life Expectancy,Both,Years,80.54000
4806036,Sundre,2018,Life Expectancy,Both,Years,80.69000
4806036,Sundre,2019,Life Expectancy,Both,Years,80.55000
4806036,Sundre,2020,Life Expectancy,Both,Years,80.14000
4806036,Sundre,2021,Life Expectancy,Both,Years,80.00000
4806036,Sundre,2022,Life Expectancy,Both,Years,79.60000
4806036,Sundre,2023,Life Expectancy,Both,Years,79.93000
4805048,Three Hills,2011,Life Expectancy,Female,Years,83.25000
4805048,Three Hills,2012,Life Expectancy,Female,Years,83.14000
4805048,Three Hills,2013,Life Expectancy,Female,Years,82.81000
4805048,Three Hills,2014,Life Expectancy,Female,Years,82.80000
4805048,Three Hills,2015,Life Expectancy,Female,Years,83.01000
4805048,Three Hills,2016,Life Expectancy,Female,Years,83.16000
4805048,Three Hills,2017,Life Expectancy,Female,Years,83.39000
4805048,Three Hills,2018,Life Expectancy,Female,Years,83.68000
4805048,Three Hills,2019,Life Expectancy,Female,Years,83.81000
4805048,Three Hills,2020,Life Expectancy,Female,Years,84.26000
4805048,Three Hills,2021,Life Expectancy,Female,Years,83.95000
4805048,Three Hills,2022,Life Expectancy,Female,Years,83.98000
4805048,Three Hills,2011,Life Expectancy,Male,Years,79.41000
4805048,Three Hills,2012,Life Expectancy,Male,Years,80.14000
4805048,Three Hills,2013,Life Expectancy,Male,Years,80.66000
4805048,Three Hills,2014,Life Expectancy,Male,Years,80.16000
4805048,Three Hills,2015,Life Expectancy,Male,Years,80.26000
4805048,Three Hills,2016,Life Expectancy,Male,Years,80.40000
4805048,Three Hills,2017,Life Expectancy,Male,Years,80.42000
4805048,Three Hills,2018,Life Expectancy,Male,Years,80.86000
4805048,Three Hills,2019,Life Expectancy,Male,Years,80.68000
4805048,Three Hills,2020,Life Expectancy,Male,Years,80.42000
4805048,Three Hills,2021,Life Expectancy,Male,Years,80.30000
4805048,Three Hills,2022,Life Expectancy,Male,Years,79.81000
4805048,Three Hills,2011,Life Expectancy,Both,Years,81.29000
4805048,Three Hills,2012,Life Expectancy,Both,Years,81.63000
4805048,Three Hills,2013,Life Expectancy,Both,Years,81.73000
4805048,Three Hills,2014,Life Expectancy,Both,Years,81.46000
4805048,Three Hills,2015,Life Expectancy,Both,Years,81.61000
4805048,Three Hills,2016,Life Expectancy,Both,Years,81.76000
4805048,Three Hills,2017,Life Expectancy,Both,Years,81.88000
4805048,Three Hills,2018,Life Expectancy,Both,Years,82.27000
4805048,Three Hills,2019,Life Expectancy,Both,Years,82.24000
4805048,Three Hills,2020,Life Expectancy,Both,Years,82.31000
4805048,Three Hills,2021,Life Expectancy,Both,Years,82.09000
4805048,Three Hills,2022,Life Expectancy,Both,Years,81.84000
4805049,Trochu,2011,Life Expectancy,Female,Years,83.25000
4805049,Trochu,2012,Life Expectancy,Female,Years,83.14000
4805049,Trochu,2013,Life Expectancy,Female,Years,82.81000
4805049,Trochu,2014,Life Expectancy,Female,Years,82.80000
4805049,Trochu,2015,Life Expectancy,Female,Years,83.01000
4805049,Trochu,2016,Life Expectancy,Female,Years,83.16000
4805049,Trochu,2017,Life Expectancy,Female,Years,83.39000
4805049,Trochu,2018,Life Expectancy,Female,Years,83.68000
4805049,Trochu,2019,Life Expectancy,Female,Years,83.81000
4805049,Trochu,2020,Life Expectancy,Female,Years,84.26000
4805049,Trochu,2021,Life Expectancy,Female,Years,83.95000
4805049,Trochu,2022,Life Expectancy,Female,Years,83.98000
4805049,Trochu,2023,Life Expectancy,Female,Years,84.31000
4805049,Trochu,2011,Life Expectancy,Male,Years,79.41000
4805049,Trochu,2012,Life Expectancy,Male,Years,80.14000
4805049,Trochu,2013,Life Expectancy,Male,Years,80.66000
4805049,Trochu,2014,Life Expectancy,Male,Years,80.16000
4805049,Trochu,2015,Life Expectancy,Male,Years,80.26000
4805049,Trochu,2016,Life Expectancy,Male,Years,80.40000
4805049,Trochu,2017,Life Expectancy,Male,Years,80.42000
4805049,Trochu,2018,Life Expectancy,Male,Years,80.86000
4805049,Trochu,2019,Life Expectancy,Male,Years,80.68000
4805049,Trochu,2020,Life Expectancy,Male,Years,80.42000
4805049,Trochu,2021,Life Expectancy,Male,Years,80.30000
4805049,Trochu,2022,Life Expectancy,Male,Years,79.81000
4805049,Trochu,2023,Life Expectancy,Male,Years,79.80000
4805049,Trochu,2011,Life Expectancy,Both,Years,81.29000
4805049,Trochu,2012,Life Expectancy,Both,Years,81.63000
4805049,Trochu,2013,Life Expectancy,Both,Years,81.73000
4805049,Trochu,2014,Life Expectancy,Both,Years,81.46000
4805049,Trochu,2015,Life Expectancy,Both,Years,81.61000
4805049,Trochu,2016,Life Expectancy,Both,Years,81.76000
4805049,Trochu,2017,Life Expectancy,Both,Years,81.88000
4805049,Trochu,2018,Life Expectancy,Both,Years,82.27000
4805049,Trochu,2019,Life Expectancy,Both,Years,82.24000
4805049,Trochu,2020,Life Expectancy,Both,Years,82.31000
4805049,Trochu,2021,Life Expectancy,Both,Years,82.09000
4805049,Trochu,2022,Life Expectancy,Both,Years,81.84000
4805049,Trochu,2023,Life Expectancy,Both,Years,81.98000
4805802,Siksika 146,2011,Life Expectancy,Female,Years,81.75000
4805802,Siksika 146,2012,Life Expectancy,Female,Years,81.92000
4805802,Siksika 146,2013,Life Expectancy,Female,Years,81.81000
4805802,Siksika 146,2014,Life Expectancy,Female,Years,81.92000
4805802,Siksika 146,2015,Life Expectancy,Female,Years,81.92000
4805802,Siksika 146,2016,Life Expectancy,Female,Years,81.92000
4805802,Siksika 146,2017,Life Expectancy,Female,Years,82.08000
4805802,Siksika 146,2018,Life Expectancy,Female,Years,82.13000
4805802,Siksika 146,2019,Life Expectancy,Female,Years,81.96000
4805802,Siksika 146,2020,Life Expectancy,Female,Years,81.69000
4805802,Siksika 146,2021,Life Expectancy,Female,Years,81.53000
4805802,Siksika 146,2022,Life Expectancy,Female,Years,81.25000
4805802,Siksika 146,2011,Life Expectancy,Male,Years,76.96000
4805802,Siksika 146,2012,Life Expectancy,Male,Years,76.89000
4805802,Siksika 146,2013,Life Expectancy,Male,Years,77.20000
4805802,Siksika 146,2014,Life Expectancy,Male,Years,77.41000
4805802,Siksika 146,2015,Life Expectancy,Male,Years,77.36000
4805802,Siksika 146,2016,Life Expectancy,Male,Years,77.32000
4805802,Siksika 146,2017,Life Expectancy,Male,Years,77.52000
4805802,Siksika 146,2018,Life Expectancy,Male,Years,77.48000
4805802,Siksika 146,2019,Life Expectancy,Male,Years,77.12000
4805802,Siksika 146,2020,Life Expectancy,Male,Years,76.90000
4805802,Siksika 146,2021,Life Expectancy,Male,Years,76.58000
4805802,Siksika 146,2022,Life Expectancy,Male,Years,76.21000
4805802,Siksika 146,2011,Life Expectancy,Both,Years,79.25000
4805802,Siksika 146,2012,Life Expectancy,Both,Years,79.31000
4805802,Siksika 146,2013,Life Expectancy,Both,Years,79.43000
4805802,Siksika 146,2014,Life Expectancy,Both,Years,79.60000
4805802,Siksika 146,2015,Life Expectancy,Both,Years,79.58000
4805802,Siksika 146,2016,Life Expectancy,Both,Years,79.55000
4805802,Siksika 146,2017,Life Expectancy,Both,Years,79.74000
4805802,Siksika 146,2018,Life Expectancy,Both,Years,79.75000
4805802,Siksika 146,2019,Life Expectancy,Both,Years,79.48000
4805802,Siksika 146,2020,Life Expectancy,Both,Years,79.23000
4805802,Siksika 146,2021,Life Expectancy,Both,Years,78.98000
4805802,Siksika 146,2022,Life Expectancy,Both,Years,78.65000
4806001,Foothills County,2011,Life Expectancy,Female,Years,83.84576
4806001,Foothills County,2012,Life Expectancy,Female,Years,84.06385
4806001,Foothills County,2013,Life Expectancy,Female,Years,84.20865
4806001,Foothills County,2014,Life Expectancy,Female,Years,84.37269
4806001,Foothills County,2015,Life Expectancy,Female,Years,84.41780
4806001,Foothills County,2016,Life Expectancy,Female,Years,84.51990
4806001,Foothills County,2017,Life Expectancy,Female,Years,84.65871
4806001,Foothills County,2018,Life Expectancy,Female,Years,84.69554
4806001,Foothills County,2019,Life Expectancy,Female,Years,84.85598
4806001,Foothills County,2020,Life Expectancy,Female,Years,85.00150
4806001,Foothills County,2021,Life Expectancy,Female,Years,85.01051
4806001,Foothills County,2022,Life Expectancy,Female,Years,84.80173
4806001,Foothills County,2011,Life Expectancy,Male,Years,80.75182
4806001,Foothills County,2012,Life Expectancy,Male,Years,80.99206
4806001,Foothills County,2013,Life Expectancy,Male,Years,81.03446
4806001,Foothills County,2014,Life Expectancy,Male,Years,81.43812
4806001,Foothills County,2015,Life Expectancy,Male,Years,81.61495
4806001,Foothills County,2016,Life Expectancy,Male,Years,81.72805
4806001,Foothills County,2017,Life Expectancy,Male,Years,81.72735
4806001,Foothills County,2018,Life Expectancy,Male,Years,81.69026
4806001,Foothills County,2019,Life Expectancy,Male,Years,81.76503
4806001,Foothills County,2020,Life Expectancy,Male,Years,81.59859
4806001,Foothills County,2021,Life Expectancy,Male,Years,81.54887
4806001,Foothills County,2022,Life Expectancy,Male,Years,81.49736
4806001,Foothills County,2011,Life Expectancy,Both,Years,82.37685
4806001,Foothills County,2012,Life Expectancy,Both,Years,82.59687
4806001,Foothills County,2013,Life Expectancy,Both,Years,82.68775
4806001,Foothills County,2014,Life Expectancy,Both,Years,82.96284
4806001,Foothills County,2015,Life Expectancy,Both,Years,83.07197
4806001,Foothills County,2016,Life Expectancy,Both,Years,83.18202
4806001,Foothills County,2017,Life Expectancy,Both,Years,83.24791
4806001,Foothills County,2018,Life Expectancy,Both,Years,83.24748
4806001,Foothills County,2019,Life Expectancy,Both,Years,83.36150
4806001,Foothills County,2020,Life Expectancy,Both,Years,83.35297
4806001,Foothills County,2021,Life Expectancy,Both,Years,83.32745
4806001,Foothills County,2022,Life Expectancy,Both,Years,83.20111
4806006,High River,2011,Life Expectancy,Female,Years,83.75000
4806006,High River,2012,Life Expectancy,Female,Years,84.24000
4806006,High River,2013,Life Expectancy,Female,Years,84.16000
4806006,High River,2014,Life Expectancy,Female,Years,84.31000
4806006,High River,2015,Life Expectancy,Female,Years,84.29000
4806006,High River,2016,Life Expectancy,Female,Years,84.38000
4806006,High River,2017,Life Expectancy,Female,Years,84.38000
4806006,High River,2018,Life Expectancy,Female,Years,84.45000
4806006,High River,2019,Life Expectancy,Female,Years,84.45000
4806006,High River,2020,Life Expectancy,Female,Years,84.44000
4806006,High River,2021,Life Expectancy,Female,Years,84.46000
4806006,High River,2022,Life Expectancy,Female,Years,84.14000
4806006,High River,2023,Life Expectancy,Female,Years,84.41000
4806006,High River,2011,Life Expectancy,Male,Years,79.89000
4806006,High River,2012,Life Expectancy,Male,Years,80.26000
4806006,High River,2013,Life Expectancy,Male,Years,80.07000
4806006,High River,2014,Life Expectancy,Male,Years,80.03000
4806006,High River,2015,Life Expectancy,Male,Years,80.40000
4806006,High River,2016,Life Expectancy,Male,Years,80.28000
4806006,High River,2017,Life Expectancy,Male,Years,80.45000
4806006,High River,2018,Life Expectancy,Male,Years,80.35000
4806006,High River,2019,Life Expectancy,Male,Years,80.31000
4806006,High River,2020,Life Expectancy,Male,Years,79.95000
4806006,High River,2021,Life Expectancy,Male,Years,79.92000
4806006,High River,2022,Life Expectancy,Male,Years,79.85000
4806006,High River,2023,Life Expectancy,Male,Years,80.04000
4806006,High River,2011,Life Expectancy,Both,Years,81.84000
4806006,High River,2012,Life Expectancy,Both,Years,82.27000
4806006,High River,2013,Life Expectancy,Both,Years,82.12000
4806006,High River,2014,Life Expectancy,Both,Years,82.17000
4806006,High River,2015,Life Expectancy,Both,Years,82.35000
4806006,High River,2016,Life Expectancy,Both,Years,82.32000
4806006,High River,2017,Life Expectancy,Both,Years,82.39000
4806006,High River,2018,Life Expectancy,Both,Years,82.37000
4806006,High River,2019,Life Expectancy,Both,Years,82.33000
4806006,High River,2020,Life Expectancy,Both,Years,82.13000
4806006,High River,2021,Life Expectancy,Both,Years,82.14000
4806006,High River,2022,Life Expectancy,Both,Years,81.95000
4806006,High River,2023,Life Expectancy,Both,Years,82.19000
4806804,Tsuu T'ina Nation 145,2011,Life Expectancy,Female,Years,83.96964
4806804,Tsuu T'ina Nation 145,2012,Life Expectancy,Female,Years,84.00527
4806804,Tsuu T'ina Nation 145,2013,Life Expectancy,Female,Years,84.16063
4806804,Tsuu T'ina Nation 145,2014,Life Expectancy,Female,Years,84.32564
4806804,Tsuu T'ina Nation 145,2015,Life Expectancy,Female,Years,84.23353
4806804,Tsuu T'ina Nation 145,2016,Life Expectancy,Female,Years,84.33041
4806804,Tsuu T'ina Nation 145,2017,Life Expectancy,Female,Years,84.52116
4806804,Tsuu T'ina Nation 145,2018,Life Expectancy,Female,Years,84.53998
4806804,Tsuu T'ina Nation 145,2019,Life Expectancy,Female,Years,84.71960
4806804,Tsuu T'ina Nation 145,2020,Life Expectancy,Female,Years,84.84579
4806804,Tsuu T'ina Nation 145,2021,Life Expectancy,Female,Years,84.72732
4806804,Tsuu T'ina Nation 145,2022,Life Expectancy,Female,Years,84.62478
4806804,Tsuu T'ina Nation 145,2011,Life Expectancy,Male,Years,80.34110
4806804,Tsuu T'ina Nation 145,2012,Life Expectancy,Male,Years,80.56891
4806804,Tsuu T'ina Nation 145,2013,Life Expectancy,Male,Years,80.71092
4806804,Tsuu T'ina Nation 145,2014,Life Expectancy,Male,Years,81.21150
4806804,Tsuu T'ina Nation 145,2015,Life Expectancy,Male,Years,81.34058
4806804,Tsuu T'ina Nation 145,2016,Life Expectancy,Male,Years,81.45951
4806804,Tsuu T'ina Nation 145,2017,Life Expectancy,Male,Years,81.45237
4806804,Tsuu T'ina Nation 145,2018,Life Expectancy,Male,Years,81.52759
4806804,Tsuu T'ina Nation 145,2019,Life Expectancy,Male,Years,81.61265
4806804,Tsuu T'ina Nation 145,2020,Life Expectancy,Male,Years,81.48703
4806804,Tsuu T'ina Nation 145,2021,Life Expectancy,Male,Years,81.34890
4806804,Tsuu T'ina Nation 145,2022,Life Expectancy,Male,Years,81.31603
4806804,Tsuu T'ina Nation 145,2011,Life Expectancy,Both,Years,82.25949
4806804,Tsuu T'ina Nation 145,2012,Life Expectancy,Both,Years,82.38850
4806804,Tsuu T'ina Nation 145,2013,Life Expectancy,Both,Years,82.53315
4806804,Tsuu T'ina Nation 145,2014,Life Expectancy,Both,Years,82.85641
4806804,Tsuu T'ina Nation 145,2015,Life Expectancy,Both,Years,82.86078
4806804,Tsuu T'ina Nation 145,2016,Life Expectancy,Both,Years,82.98057
4806804,Tsuu T'ina Nation 145,2017,Life Expectancy,Both,Years,83.06925
4806804,Tsuu T'ina Nation 145,2018,Life Expectancy,Both,Years,83.11269
4806804,Tsuu T'ina Nation 145,2019,Life Expectancy,Both,Years,83.24798
4806804,Tsuu T'ina Nation 145,2020,Life Expectancy,Both,Years,83.24999
4806804,Tsuu T'ina Nation 145,2021,Life Expectancy,Both,Years,83.11202
4806804,Tsuu T'ina Nation 145,2022,Life Expectancy,Both,Years,83.04177
4807002,Provost,2011,Life Expectancy,Female,Years,80.91000
4807002,Provost,2012,Life Expectancy,Female,Years,81.12000
4807002,Provost,2013,Life Expectancy,Female,Years,82.40000
4807002,Provost,2014,Life Expectancy,Female,Years,82.83000
4807002,Provost,2015,Life Expectancy,Female,Years,82.62000
4807002,Provost,2016,Life Expectancy,Female,Years,83.30000
4807002,Provost,2017,Life Expectancy,Female,Years,83.53000
4807002,Provost,2018,Life Expectancy,Female,Years,83.37000
4807002,Provost,2019,Life Expectancy,Female,Years,83.69000
4807002,Provost,2020,Life Expectancy,Female,Years,83.32000
4807002,Provost,2021,Life Expectancy,Female,Years,82.53000
4807002,Provost,2022,Life Expectancy,Female,Years,82.63000
4807002,Provost,2011,Life Expectancy,Male,Years,77.70000
4807002,Provost,2012,Life Expectancy,Male,Years,78.99000
4807002,Provost,2013,Life Expectancy,Male,Years,79.13000
4807002,Provost,2014,Life Expectancy,Male,Years,78.54000
4807002,Provost,2015,Life Expectancy,Male,Years,78.63000
4807002,Provost,2016,Life Expectancy,Male,Years,78.17000
4807002,Provost,2017,Life Expectancy,Male,Years,78.30000
4807002,Provost,2018,Life Expectancy,Male,Years,79.23000
4807002,Provost,2019,Life Expectancy,Male,Years,79.49000
4807002,Provost,2020,Life Expectancy,Male,Years,79.18000
4807002,Provost,2021,Life Expectancy,Male,Years,79.24000
4807002,Provost,2022,Life Expectancy,Male,Years,78.68000
4807002,Provost,2011,Life Expectancy,Both,Years,79.27000
4807002,Provost,2012,Life Expectancy,Both,Years,80.06000
4807002,Provost,2013,Life Expectancy,Both,Years,80.70000
4807002,Provost,2014,Life Expectancy,Both,Years,80.54000
4807002,Provost,2015,Life Expectancy,Both,Years,80.46000
4807002,Provost,2016,Life Expectancy,Both,Years,80.51000
4807002,Provost,2017,Life Expectancy,Both,Years,80.69000
4807002,Provost,2018,Life Expectancy,Both,Years,81.14000
4807002,Provost,2019,Life Expectancy,Both,Years,81.46000
4807002,Provost,2020,Life Expectancy,Both,Years,81.10000
4807002,Provost,2021,Life Expectancy,Both,Years,80.77000
4807002,Provost,2022,Life Expectancy,Both,Years,80.52000
4807004,Czar,2011,Life Expectancy,Female,Years,80.91000
4807004,Czar,2012,Life Expectancy,Female,Years,81.12000
4807004,Czar,2013,Life Expectancy,Female,Years,82.40000
4807004,Czar,2014,Life Expectancy,Female,Years,82.83000
4807004,Czar,2015,Life Expectancy,Female,Years,82.62000
4807004,Czar,2016,Life Expectancy,Female,Years,83.30000
4807004,Czar,2017,Life Expectancy,Female,Years,83.53000
4807004,Czar,2018,Life Expectancy,Female,Years,83.37000
4807004,Czar,2019,Life Expectancy,Female,Years,83.69000
4807004,Czar,2020,Life Expectancy,Female,Years,83.32000
4807004,Czar,2021,Life Expectancy,Female,Years,82.53000
4807004,Czar,2022,Life Expectancy,Female,Years,82.63000
4807004,Czar,2011,Life Expectancy,Male,Years,77.70000
4807004,Czar,2012,Life Expectancy,Male,Years,78.99000
4807004,Czar,2013,Life Expectancy,Male,Years,79.13000
4807004,Czar,2014,Life Expectancy,Male,Years,78.54000
4807004,Czar,2015,Life Expectancy,Male,Years,78.63000
4807004,Czar,2016,Life Expectancy,Male,Years,78.17000
4807004,Czar,2017,Life Expectancy,Male,Years,78.30000
4807004,Czar,2018,Life Expectancy,Male,Years,79.23000
4807004,Czar,2019,Life Expectancy,Male,Years,79.49000
4807004,Czar,2020,Life Expectancy,Male,Years,79.18000
4807004,Czar,2021,Life Expectancy,Male,Years,79.24000
4807004,Czar,2022,Life Expectancy,Male,Years,78.68000
4807004,Czar,2011,Life Expectancy,Both,Years,79.27000
4807004,Czar,2012,Life Expectancy,Both,Years,80.06000
4807004,Czar,2013,Life Expectancy,Both,Years,80.70000
4807004,Czar,2014,Life Expectancy,Both,Years,80.54000
4807004,Czar,2015,Life Expectancy,Both,Years,80.46000
4807004,Czar,2016,Life Expectancy,Both,Years,80.51000
4807004,Czar,2017,Life Expectancy,Both,Years,80.69000
4807004,Czar,2018,Life Expectancy,Both,Years,81.14000
4807004,Czar,2019,Life Expectancy,Both,Years,81.46000
4807004,Czar,2020,Life Expectancy,Both,Years,81.10000
4807004,Czar,2021,Life Expectancy,Both,Years,80.77000
4807004,Czar,2022,Life Expectancy,Both,Years,80.52000
4807006,Hughenden,2011,Life Expectancy,Female,Years,80.91000
4807006,Hughenden,2012,Life Expectancy,Female,Years,81.12000
4807006,Hughenden,2013,Life Expectancy,Female,Years,82.40000
4807006,Hughenden,2014,Life Expectancy,Female,Years,82.83000
4807006,Hughenden,2015,Life Expectancy,Female,Years,82.62000
4807006,Hughenden,2016,Life Expectancy,Female,Years,83.30000
4807006,Hughenden,2017,Life Expectancy,Female,Years,83.53000
4807006,Hughenden,2018,Life Expectancy,Female,Years,83.37000
4807006,Hughenden,2019,Life Expectancy,Female,Years,83.69000
4807006,Hughenden,2020,Life Expectancy,Female,Years,83.32000
4807006,Hughenden,2021,Life Expectancy,Female,Years,82.53000
4807006,Hughenden,2022,Life Expectancy,Female,Years,82.63000
4807006,Hughenden,2023,Life Expectancy,Female,Years,82.35000
4807006,Hughenden,2011,Life Expectancy,Male,Years,77.70000
4807006,Hughenden,2012,Life Expectancy,Male,Years,78.99000
4807006,Hughenden,2013,Life Expectancy,Male,Years,79.13000
4807006,Hughenden,2014,Life Expectancy,Male,Years,78.54000
4807006,Hughenden,2015,Life Expectancy,Male,Years,78.63000
4807006,Hughenden,2016,Life Expectancy,Male,Years,78.17000
4807006,Hughenden,2017,Life Expectancy,Male,Years,78.30000
4807006,Hughenden,2018,Life Expectancy,Male,Years,79.23000
4807006,Hughenden,2019,Life Expectancy,Male,Years,79.49000
4807006,Hughenden,2020,Life Expectancy,Male,Years,79.18000
4807006,Hughenden,2021,Life Expectancy,Male,Years,79.24000
4807006,Hughenden,2022,Life Expectancy,Male,Years,78.68000
4807006,Hughenden,2023,Life Expectancy,Male,Years,78.59000
4807006,Hughenden,2011,Life Expectancy,Both,Years,79.27000
4807006,Hughenden,2012,Life Expectancy,Both,Years,80.06000
4807006,Hughenden,2013,Life Expectancy,Both,Years,80.70000
4807006,Hughenden,2014,Life Expectancy,Both,Years,80.54000
4807006,Hughenden,2015,Life Expectancy,Both,Years,80.46000
4807006,Hughenden,2016,Life Expectancy,Both,Years,80.51000
4807006,Hughenden,2017,Life Expectancy,Both,Years,80.69000
4807006,Hughenden,2018,Life Expectancy,Both,Years,81.14000
4807006,Hughenden,2019,Life Expectancy,Both,Years,81.46000
4807006,Hughenden,2020,Life Expectancy,Both,Years,81.10000
4807006,Hughenden,2021,Life Expectancy,Both,Years,80.77000
4807006,Hughenden,2022,Life Expectancy,Both,Years,80.52000
4807006,Hughenden,2023,Life Expectancy,Both,Years,80.31000
4806008,Longview,2011,Life Expectancy,Female,Years,81.82000
4806008,Longview,2012,Life Expectancy,Female,Years,82.05000
4806008,Longview,2013,Life Expectancy,Female,Years,82.11000
4806008,Longview,2014,Life Expectancy,Female,Years,82.12000
4806008,Longview,2015,Life Expectancy,Female,Years,81.94000
4806008,Longview,2016,Life Expectancy,Female,Years,81.91000
4806008,Longview,2017,Life Expectancy,Female,Years,82.02000
4806008,Longview,2018,Life Expectancy,Female,Years,82.59000
4806008,Longview,2019,Life Expectancy,Female,Years,82.36000
4806008,Longview,2020,Life Expectancy,Female,Years,82.08000
4806008,Longview,2021,Life Expectancy,Female,Years,81.87000
4806008,Longview,2022,Life Expectancy,Female,Years,81.08000
4806008,Longview,2011,Life Expectancy,Male,Years,75.05000
4806008,Longview,2012,Life Expectancy,Male,Years,75.42000
4806008,Longview,2013,Life Expectancy,Male,Years,76.15000
4806008,Longview,2014,Life Expectancy,Male,Years,76.32000
4806008,Longview,2015,Life Expectancy,Male,Years,77.89000
4806008,Longview,2016,Life Expectancy,Male,Years,78.42000
4806008,Longview,2017,Life Expectancy,Male,Years,78.53000
4806008,Longview,2018,Life Expectancy,Male,Years,78.52000
4806008,Longview,2019,Life Expectancy,Male,Years,79.07000
4806008,Longview,2020,Life Expectancy,Male,Years,79.16000
4806008,Longview,2021,Life Expectancy,Male,Years,78.66000
4806008,Longview,2022,Life Expectancy,Male,Years,78.23000
4806008,Longview,2011,Life Expectancy,Both,Years,78.31000
4806008,Longview,2012,Life Expectancy,Both,Years,78.61000
4806008,Longview,2013,Life Expectancy,Both,Years,79.01000
4806008,Longview,2014,Life Expectancy,Both,Years,79.16000
4806008,Longview,2015,Life Expectancy,Both,Years,79.92000
4806008,Longview,2016,Life Expectancy,Both,Years,80.19000
4806008,Longview,2017,Life Expectancy,Both,Years,80.29000
4806008,Longview,2018,Life Expectancy,Both,Years,80.56000
4806008,Longview,2019,Life Expectancy,Both,Years,80.72000
4806008,Longview,2020,Life Expectancy,Both,Years,80.63000
4806008,Longview,2021,Life Expectancy,Both,Years,80.25000
4806008,Longview,2022,Life Expectancy,Both,Years,79.64000
4806009,Turner Valley,2011,Life Expectancy,Female,Years,81.82000
4806009,Turner Valley,2012,Life Expectancy,Female,Years,82.05000
4806009,Turner Valley,2013,Life Expectancy,Female,Years,82.11000
4806009,Turner Valley,2014,Life Expectancy,Female,Years,82.12000
4806009,Turner Valley,2015,Life Expectancy,Female,Years,81.94000
4806009,Turner Valley,2016,Life Expectancy,Female,Years,81.91000
4806009,Turner Valley,2017,Life Expectancy,Female,Years,82.02000
4806009,Turner Valley,2018,Life Expectancy,Female,Years,82.59000
4806009,Turner Valley,2019,Life Expectancy,Female,Years,82.36000
4806009,Turner Valley,2020,Life Expectancy,Female,Years,82.08000
4806009,Turner Valley,2021,Life Expectancy,Female,Years,81.87000
4806009,Turner Valley,2022,Life Expectancy,Female,Years,81.08000
4806009,Turner Valley,2011,Life Expectancy,Male,Years,75.05000
4806009,Turner Valley,2012,Life Expectancy,Male,Years,75.42000
4806009,Turner Valley,2013,Life Expectancy,Male,Years,76.15000
4806009,Turner Valley,2014,Life Expectancy,Male,Years,76.32000
4806009,Turner Valley,2015,Life Expectancy,Male,Years,77.89000
4806009,Turner Valley,2016,Life Expectancy,Male,Years,78.42000
4806009,Turner Valley,2017,Life Expectancy,Male,Years,78.53000
4806009,Turner Valley,2018,Life Expectancy,Male,Years,78.52000
4806009,Turner Valley,2019,Life Expectancy,Male,Years,79.07000
4806009,Turner Valley,2020,Life Expectancy,Male,Years,79.16000
4806009,Turner Valley,2021,Life Expectancy,Male,Years,78.66000
4806009,Turner Valley,2022,Life Expectancy,Male,Years,78.23000
4806009,Turner Valley,2011,Life Expectancy,Both,Years,78.31000
4806009,Turner Valley,2012,Life Expectancy,Both,Years,78.61000
4806009,Turner Valley,2013,Life Expectancy,Both,Years,79.01000
4806009,Turner Valley,2014,Life Expectancy,Both,Years,79.16000
4806009,Turner Valley,2015,Life Expectancy,Both,Years,79.92000
4806009,Turner Valley,2016,Life Expectancy,Both,Years,80.19000
4806009,Turner Valley,2017,Life Expectancy,Both,Years,80.29000
4806009,Turner Valley,2018,Life Expectancy,Both,Years,80.56000
4806009,Turner Valley,2019,Life Expectancy,Both,Years,80.72000
4806009,Turner Valley,2020,Life Expectancy,Both,Years,80.63000
4806009,Turner Valley,2021,Life Expectancy,Both,Years,80.25000
4806009,Turner Valley,2022,Life Expectancy,Both,Years,79.64000
4806011,Black Diamond,2011,Life Expectancy,Female,Years,81.82000
4806011,Black Diamond,2012,Life Expectancy,Female,Years,82.05000
4806011,Black Diamond,2013,Life Expectancy,Female,Years,82.11000
4806011,Black Diamond,2014,Life Expectancy,Female,Years,82.12000
4806011,Black Diamond,2015,Life Expectancy,Female,Years,81.94000
4806011,Black Diamond,2016,Life Expectancy,Female,Years,81.91000
4806011,Black Diamond,2017,Life Expectancy,Female,Years,82.02000
4806011,Black Diamond,2018,Life Expectancy,Female,Years,82.59000
4806011,Black Diamond,2019,Life Expectancy,Female,Years,82.36000
4806011,Black Diamond,2020,Life Expectancy,Female,Years,82.08000
4806011,Black Diamond,2021,Life Expectancy,Female,Years,81.87000
4806011,Black Diamond,2022,Life Expectancy,Female,Years,81.08000
4806011,Black Diamond,2011,Life Expectancy,Male,Years,75.05000
4806011,Black Diamond,2012,Life Expectancy,Male,Years,75.42000
4806011,Black Diamond,2013,Life Expectancy,Male,Years,76.15000
4806011,Black Diamond,2014,Life Expectancy,Male,Years,76.32000
4806011,Black Diamond,2015,Life Expectancy,Male,Years,77.89000
4806011,Black Diamond,2016,Life Expectancy,Male,Years,78.42000
4806011,Black Diamond,2017,Life Expectancy,Male,Years,78.53000
4806011,Black Diamond,2018,Life Expectancy,Male,Years,78.52000
4806011,Black Diamond,2019,Life Expectancy,Male,Years,79.07000
4806011,Black Diamond,2020,Life Expectancy,Male,Years,79.16000
4806011,Black Diamond,2021,Life Expectancy,Male,Years,78.66000
4806011,Black Diamond,2022,Life Expectancy,Male,Years,78.23000
4806011,Black Diamond,2011,Life Expectancy,Both,Years,78.31000
4806011,Black Diamond,2012,Life Expectancy,Both,Years,78.61000
4806011,Black Diamond,2013,Life Expectancy,Both,Years,79.01000
4806011,Black Diamond,2014,Life Expectancy,Both,Years,79.16000
4806011,Black Diamond,2015,Life Expectancy,Both,Years,79.92000
4806011,Black Diamond,2016,Life Expectancy,Both,Years,80.19000
4806011,Black Diamond,2017,Life Expectancy,Both,Years,80.29000
4806011,Black Diamond,2018,Life Expectancy,Both,Years,80.56000
4806011,Black Diamond,2019,Life Expectancy,Both,Years,80.72000
4806011,Black Diamond,2020,Life Expectancy,Both,Years,80.63000
4806011,Black Diamond,2021,Life Expectancy,Both,Years,80.25000
4806011,Black Diamond,2022,Life Expectancy,Both,Years,79.64000
4806012,Okotoks,2011,Life Expectancy,Female,Years,83.78769
4806012,Okotoks,2012,Life Expectancy,Female,Years,84.16463
4806012,Okotoks,2013,Life Expectancy,Female,Years,84.15368
4806012,Okotoks,2014,Life Expectancy,Female,Years,84.27129
4806012,Okotoks,2015,Life Expectancy,Female,Years,84.54302
4806012,Okotoks,2016,Life Expectancy,Female,Years,84.59432
4806012,Okotoks,2017,Life Expectancy,Female,Years,84.68735
4806012,Okotoks,2018,Life Expectancy,Female,Years,84.71249
4806012,Okotoks,2019,Life Expectancy,Female,Years,84.88330
4806012,Okotoks,2020,Life Expectancy,Female,Years,85.06589
4806012,Okotoks,2021,Life Expectancy,Female,Years,85.19775
4806012,Okotoks,2022,Life Expectancy,Female,Years,84.98790
4806012,Okotoks,2023,Life Expectancy,Female,Years,85.57000
4806012,Okotoks,2011,Life Expectancy,Male,Years,81.54945
4806012,Okotoks,2012,Life Expectancy,Male,Years,81.78097
4806012,Okotoks,2013,Life Expectancy,Male,Years,81.53867
4806012,Okotoks,2014,Life Expectancy,Male,Years,81.67801
4806012,Okotoks,2015,Life Expectancy,Male,Years,81.78421
4806012,Okotoks,2016,Life Expectancy,Male,Years,81.84752
4806012,Okotoks,2017,Life Expectancy,Male,Years,81.86484
4806012,Okotoks,2018,Life Expectancy,Male,Years,81.77767
4806012,Okotoks,2019,Life Expectancy,Male,Years,81.73836
4806012,Okotoks,2020,Life Expectancy,Male,Years,81.42185
4806012,Okotoks,2021,Life Expectancy,Male,Years,81.48558
4806012,Okotoks,2022,Life Expectancy,Male,Years,81.33582
4806012,Okotoks,2023,Life Expectancy,Male,Years,82.11000
4806012,Okotoks,2011,Life Expectancy,Both,Years,82.70089
4806012,Okotoks,2012,Life Expectancy,Both,Years,82.98778
4806012,Okotoks,2013,Life Expectancy,Both,Years,82.85995
4806012,Okotoks,2014,Life Expectancy,Both,Years,82.96909
4806012,Okotoks,2015,Life Expectancy,Both,Years,83.15974
4806012,Okotoks,2016,Life Expectancy,Both,Years,83.19561
4806012,Okotoks,2017,Life Expectancy,Both,Years,83.25391
4806012,Okotoks,2018,Life Expectancy,Both,Years,83.23075
4806012,Okotoks,2019,Life Expectancy,Both,Years,83.28539
4806012,Okotoks,2020,Life Expectancy,Both,Years,83.21389
4806012,Okotoks,2021,Life Expectancy,Both,Years,83.31664
4806012,Okotoks,2022,Life Expectancy,Both,Years,83.14582
4806012,Okotoks,2023,Life Expectancy,Both,Years,83.84000
4806014,Rocky View County,2011,Life Expectancy,Female,Years,85.56933
4806014,Rocky View County,2012,Life Expectancy,Female,Years,85.56567
4806014,Rocky View County,2013,Life Expectancy,Female,Years,85.58302
4806014,Rocky View County,2014,Life Expectancy,Female,Years,85.61951
4806014,Rocky View County,2015,Life Expectancy,Female,Years,85.70053
4806014,Rocky View County,2016,Life Expectancy,Female,Years,85.75398
4806014,Rocky View County,2017,Life Expectancy,Female,Years,85.66338
4806014,Rocky View County,2018,Life Expectancy,Female,Years,85.84595
4806014,Rocky View County,2019,Life Expectancy,Female,Years,85.84963
4806014,Rocky View County,2020,Life Expectancy,Female,Years,85.82648
4806014,Rocky View County,2021,Life Expectancy,Female,Years,85.81029
4806014,Rocky View County,2022,Life Expectancy,Female,Years,85.88312
4806014,Rocky View County,2023,Life Expectancy,Female,Years,85.69440
4806014,Rocky View County,2011,Life Expectancy,Male,Years,81.55376
4806014,Rocky View County,2012,Life Expectancy,Male,Years,81.63599
4806014,Rocky View County,2013,Life Expectancy,Male,Years,81.85276
4806014,Rocky View County,2014,Life Expectancy,Male,Years,81.97852
4806014,Rocky View County,2015,Life Expectancy,Male,Years,82.17800
4806014,Rocky View County,2016,Life Expectancy,Male,Years,82.26777
4806014,Rocky View County,2017,Life Expectancy,Male,Years,82.24778
4806014,Rocky View County,2018,Life Expectancy,Male,Years,82.19404
4806014,Rocky View County,2019,Life Expectancy,Male,Years,82.32002
4806014,Rocky View County,2020,Life Expectancy,Male,Years,82.40144
4806014,Rocky View County,2021,Life Expectancy,Male,Years,82.23174
4806014,Rocky View County,2022,Life Expectancy,Male,Years,82.14300
4806014,Rocky View County,2023,Life Expectancy,Male,Years,81.93473
4806014,Rocky View County,2011,Life Expectancy,Both,Years,83.62657
4806014,Rocky View County,2012,Life Expectancy,Both,Years,83.66812
4806014,Rocky View County,2013,Life Expectancy,Both,Years,83.77546
4806014,Rocky View County,2014,Life Expectancy,Both,Years,83.84826
4806014,Rocky View County,2015,Life Expectancy,Both,Years,83.97882
4806014,Rocky View County,2016,Life Expectancy,Both,Years,84.05054
4806014,Rocky View County,2017,Life Expectancy,Both,Years,83.98891
4806014,Rocky View County,2018,Life Expectancy,Both,Years,84.04889
4806014,Rocky View County,2019,Life Expectancy,Both,Years,84.11432
4806014,Rocky View County,2020,Life Expectancy,Both,Years,84.14225
4806014,Rocky View County,2021,Life Expectancy,Both,Years,84.04546
4806014,Rocky View County,2022,Life Expectancy,Both,Years,84.03493
4806014,Rocky View County,2023,Life Expectancy,Both,Years,83.81973
4806016,Calgary,2011,Life Expectancy,Female,Years,84.25613
4806016,Calgary,2012,Life Expectancy,Female,Years,84.46043
4806016,Calgary,2013,Life Expectancy,Female,Years,84.54152
4806016,Calgary,2014,Life Expectancy,Female,Years,84.69755
4806016,Calgary,2015,Life Expectancy,Female,Years,84.79594
4806016,Calgary,2016,Life Expectancy,Female,Years,84.91194
4806016,Calgary,2017,Life Expectancy,Female,Years,84.97625
4806016,Calgary,2018,Life Expectancy,Female,Years,85.11989
4806016,Calgary,2019,Life Expectancy,Female,Years,85.24877
4806016,Calgary,2020,Life Expectancy,Female,Years,85.28636
4806016,Calgary,2021,Life Expectancy,Female,Years,85.28718
4806016,Calgary,2022,Life Expectancy,Female,Years,85.18481
4806016,Calgary,2023,Life Expectancy,Female,Years,84.67636
4806016,Calgary,2011,Life Expectancy,Male,Years,80.48182
4806016,Calgary,2012,Life Expectancy,Male,Years,80.64230
4806016,Calgary,2013,Life Expectancy,Male,Years,80.78461
4806016,Calgary,2014,Life Expectancy,Male,Years,81.00797
4806016,Calgary,2015,Life Expectancy,Male,Years,81.15403
4806016,Calgary,2016,Life Expectancy,Male,Years,81.28970
4806016,Calgary,2017,Life Expectancy,Male,Years,81.33375
4806016,Calgary,2018,Life Expectancy,Male,Years,81.33550
4806016,Calgary,2019,Life Expectancy,Male,Years,81.50467
4806016,Calgary,2020,Life Expectancy,Male,Years,81.41664
4806016,Calgary,2021,Life Expectancy,Male,Years,81.29170
4806016,Calgary,2022,Life Expectancy,Male,Years,81.22317
4806016,Calgary,2023,Life Expectancy,Male,Years,80.39544
4806016,Calgary,2011,Life Expectancy,Both,Years,82.42503
4806016,Calgary,2012,Life Expectancy,Both,Years,82.60029
4806016,Calgary,2013,Life Expectancy,Both,Years,82.70878
4806016,Calgary,2014,Life Expectancy,Both,Years,82.89495
4806016,Calgary,2015,Life Expectancy,Both,Years,83.01975
4806016,Calgary,2016,Life Expectancy,Both,Years,83.14508
4806016,Calgary,2017,Life Expectancy,Both,Years,83.19351
4806016,Calgary,2018,Life Expectancy,Both,Years,83.25411
4806016,Calgary,2019,Life Expectancy,Both,Years,83.40261
4806016,Calgary,2020,Life Expectancy,Both,Years,83.37397
4806016,Calgary,2021,Life Expectancy,Both,Years,83.30777
4806016,Calgary,2022,Life Expectancy,Both,Years,83.21744
4806016,Calgary,2023,Life Expectancy,Both,Years,82.52347
4806028,Mountain View County,2011,Life Expectancy,Female,Years,82.29875
4806028,Mountain View County,2012,Life Expectancy,Female,Years,82.36475
4806028,Mountain View County,2013,Life Expectancy,Female,Years,82.50401
4806028,Mountain View County,2014,Life Expectancy,Female,Years,82.41141
4806028,Mountain View County,2015,Life Expectancy,Female,Years,82.62663
4806028,Mountain View County,2016,Life Expectancy,Female,Years,82.89222
4806028,Mountain View County,2017,Life Expectancy,Female,Years,83.24432
4806028,Mountain View County,2018,Life Expectancy,Female,Years,83.75480
4806028,Mountain View County,2019,Life Expectancy,Female,Years,83.91772
4806028,Mountain View County,2020,Life Expectancy,Female,Years,84.00995
4806028,Mountain View County,2021,Life Expectancy,Female,Years,83.94542
4806028,Mountain View County,2022,Life Expectancy,Female,Years,83.61870
4806028,Mountain View County,2023,Life Expectancy,Female,Years,84.75000
4806028,Mountain View County,2011,Life Expectancy,Male,Years,79.22105
4806028,Mountain View County,2012,Life Expectancy,Male,Years,79.36872
4806028,Mountain View County,2013,Life Expectancy,Male,Years,79.51537
4806028,Mountain View County,2014,Life Expectancy,Male,Years,79.34944
4806028,Mountain View County,2015,Life Expectancy,Male,Years,79.75396
4806028,Mountain View County,2016,Life Expectancy,Male,Years,79.89661
4806028,Mountain View County,2017,Life Expectancy,Male,Years,80.00670
4806028,Mountain View County,2018,Life Expectancy,Male,Years,80.13960
4806028,Mountain View County,2019,Life Expectancy,Male,Years,80.09251
4806028,Mountain View County,2020,Life Expectancy,Male,Years,79.98590
4806028,Mountain View County,2021,Life Expectancy,Male,Years,79.51236
4806028,Mountain View County,2022,Life Expectancy,Male,Years,79.31481
4806028,Mountain View County,2023,Life Expectancy,Male,Years,79.35000
4806028,Mountain View County,2011,Life Expectancy,Both,Years,80.76651
4806028,Mountain View County,2012,Life Expectancy,Both,Years,80.87628
4806028,Mountain View County,2013,Life Expectancy,Both,Years,81.01496
4806028,Mountain View County,2014,Life Expectancy,Both,Years,80.88220
4806028,Mountain View County,2015,Life Expectancy,Both,Years,81.19333
4806028,Mountain View County,2016,Life Expectancy,Both,Years,81.39221
4806028,Mountain View County,2017,Life Expectancy,Both,Years,81.61217
4806028,Mountain View County,2018,Life Expectancy,Both,Years,81.91122
4806028,Mountain View County,2019,Life Expectancy,Both,Years,81.97717
4806028,Mountain View County,2020,Life Expectancy,Both,Years,81.95439
4806028,Mountain View County,2021,Life Expectancy,Both,Years,81.66998
4806028,Mountain View County,2022,Life Expectancy,Both,Years,81.41771
4806028,Mountain View County,2023,Life Expectancy,Both,Years,81.97000
4806029,Carstairs,2011,Life Expectancy,Female,Years,82.64000
4806029,Carstairs,2012,Life Expectancy,Female,Years,82.89000
4806029,Carstairs,2013,Life Expectancy,Female,Years,82.98000
4806029,Carstairs,2014,Life Expectancy,Female,Years,82.73000
4806029,Carstairs,2015,Life Expectancy,Female,Years,82.77000
4806029,Carstairs,2016,Life Expectancy,Female,Years,83.00000
4806029,Carstairs,2017,Life Expectancy,Female,Years,83.36000
4806029,Carstairs,2018,Life Expectancy,Female,Years,83.79000
4806029,Carstairs,2019,Life Expectancy,Female,Years,83.83000
4806029,Carstairs,2020,Life Expectancy,Female,Years,83.74000
4806029,Carstairs,2021,Life Expectancy,Female,Years,83.34000
4806029,Carstairs,2022,Life Expectancy,Female,Years,82.65000
4806029,Carstairs,2011,Life Expectancy,Male,Years,78.65000
4806029,Carstairs,2012,Life Expectancy,Male,Years,79.14000
4806029,Carstairs,2013,Life Expectancy,Male,Years,79.29000
4806029,Carstairs,2014,Life Expectancy,Male,Years,79.12000
4806029,Carstairs,2015,Life Expectancy,Male,Years,79.56000
4806029,Carstairs,2016,Life Expectancy,Male,Years,79.58000
4806029,Carstairs,2017,Life Expectancy,Male,Years,79.63000
4806029,Carstairs,2018,Life Expectancy,Male,Years,79.77000
4806029,Carstairs,2019,Life Expectancy,Male,Years,79.91000
4806029,Carstairs,2020,Life Expectancy,Male,Years,79.52000
4806029,Carstairs,2021,Life Expectancy,Male,Years,79.24000
4806029,Carstairs,2022,Life Expectancy,Male,Years,79.13000
4806029,Carstairs,2011,Life Expectancy,Both,Years,80.58000
4806029,Carstairs,2012,Life Expectancy,Both,Years,80.97000
4806029,Carstairs,2013,Life Expectancy,Both,Years,81.10000
4806029,Carstairs,2014,Life Expectancy,Both,Years,80.90000
4806029,Carstairs,2015,Life Expectancy,Both,Years,81.14000
4806029,Carstairs,2016,Life Expectancy,Both,Years,81.25000
4806029,Carstairs,2017,Life Expectancy,Both,Years,81.44000
4806029,Carstairs,2018,Life Expectancy,Both,Years,81.71000
4806029,Carstairs,2019,Life Expectancy,Both,Years,81.82000
4806029,Carstairs,2020,Life Expectancy,Both,Years,81.56000
4806029,Carstairs,2021,Life Expectancy,Both,Years,81.21000
4806029,Carstairs,2022,Life Expectancy,Both,Years,80.84000
4806031,Cremona,2011,Life Expectancy,Female,Years,82.64000
4806031,Cremona,2012,Life Expectancy,Female,Years,82.89000
4806031,Cremona,2013,Life Expectancy,Female,Years,82.98000
4806031,Cremona,2014,Life Expectancy,Female,Years,82.73000
4806031,Cremona,2015,Life Expectancy,Female,Years,82.77000
4806031,Cremona,2016,Life Expectancy,Female,Years,83.00000
4806031,Cremona,2017,Life Expectancy,Female,Years,83.36000
4806031,Cremona,2018,Life Expectancy,Female,Years,83.79000
4806031,Cremona,2019,Life Expectancy,Female,Years,83.83000
4806031,Cremona,2020,Life Expectancy,Female,Years,83.74000
4806031,Cremona,2021,Life Expectancy,Female,Years,83.34000
4806031,Cremona,2022,Life Expectancy,Female,Years,82.65000
4806031,Cremona,2023,Life Expectancy,Female,Years,82.62000
4806031,Cremona,2011,Life Expectancy,Male,Years,78.65000
4806031,Cremona,2012,Life Expectancy,Male,Years,79.14000
4806031,Cremona,2013,Life Expectancy,Male,Years,79.29000
4806031,Cremona,2014,Life Expectancy,Male,Years,79.12000
4806031,Cremona,2015,Life Expectancy,Male,Years,79.56000
4806031,Cremona,2016,Life Expectancy,Male,Years,79.58000
4806031,Cremona,2017,Life Expectancy,Male,Years,79.63000
4806031,Cremona,2018,Life Expectancy,Male,Years,79.77000
4806031,Cremona,2019,Life Expectancy,Male,Years,79.91000
4806031,Cremona,2020,Life Expectancy,Male,Years,79.52000
4806031,Cremona,2021,Life Expectancy,Male,Years,79.24000
4806031,Cremona,2022,Life Expectancy,Male,Years,79.13000
4806031,Cremona,2023,Life Expectancy,Male,Years,79.23000
4806031,Cremona,2011,Life Expectancy,Both,Years,80.58000
4806031,Cremona,2012,Life Expectancy,Both,Years,80.97000
4806031,Cremona,2013,Life Expectancy,Both,Years,81.10000
4806031,Cremona,2014,Life Expectancy,Both,Years,80.90000
4806031,Cremona,2015,Life Expectancy,Both,Years,81.14000
4806031,Cremona,2016,Life Expectancy,Both,Years,81.25000
4806031,Cremona,2017,Life Expectancy,Both,Years,81.44000
4806031,Cremona,2018,Life Expectancy,Both,Years,81.71000
4806031,Cremona,2019,Life Expectancy,Both,Years,81.82000
4806031,Cremona,2020,Life Expectancy,Both,Years,81.56000
4806031,Cremona,2021,Life Expectancy,Both,Years,81.21000
4806031,Cremona,2022,Life Expectancy,Both,Years,80.84000
4806031,Cremona,2023,Life Expectancy,Both,Years,80.87000
4806032,Didsbury,2011,Life Expectancy,Female,Years,82.64000
4806032,Didsbury,2012,Life Expectancy,Female,Years,82.89000
4806032,Didsbury,2013,Life Expectancy,Female,Years,82.98000
4806032,Didsbury,2014,Life Expectancy,Female,Years,82.73000
4806032,Didsbury,2015,Life Expectancy,Female,Years,82.77000
4806032,Didsbury,2016,Life Expectancy,Female,Years,83.00000
4806032,Didsbury,2017,Life Expectancy,Female,Years,83.36000
4806032,Didsbury,2018,Life Expectancy,Female,Years,83.79000
4806032,Didsbury,2019,Life Expectancy,Female,Years,83.83000
4806032,Didsbury,2020,Life Expectancy,Female,Years,83.74000
4806032,Didsbury,2021,Life Expectancy,Female,Years,83.34000
4806032,Didsbury,2022,Life Expectancy,Female,Years,82.65000
4806032,Didsbury,2011,Life Expectancy,Male,Years,78.65000
4806032,Didsbury,2012,Life Expectancy,Male,Years,79.14000
4806032,Didsbury,2013,Life Expectancy,Male,Years,79.29000
4806032,Didsbury,2014,Life Expectancy,Male,Years,79.12000
4806032,Didsbury,2015,Life Expectancy,Male,Years,79.56000
4806032,Didsbury,2016,Life Expectancy,Male,Years,79.58000
4806032,Didsbury,2017,Life Expectancy,Male,Years,79.63000
4806032,Didsbury,2018,Life Expectancy,Male,Years,79.77000
4806032,Didsbury,2019,Life Expectancy,Male,Years,79.91000
4806032,Didsbury,2020,Life Expectancy,Male,Years,79.52000
4806032,Didsbury,2021,Life Expectancy,Male,Years,79.24000
4806032,Didsbury,2022,Life Expectancy,Male,Years,79.13000
4806032,Didsbury,2011,Life Expectancy,Both,Years,80.58000
4806032,Didsbury,2012,Life Expectancy,Both,Years,80.97000
4806032,Didsbury,2013,Life Expectancy,Both,Years,81.10000
4806032,Didsbury,2014,Life Expectancy,Both,Years,80.90000
4806032,Didsbury,2015,Life Expectancy,Both,Years,81.14000
4806032,Didsbury,2016,Life Expectancy,Both,Years,81.25000
4806032,Didsbury,2017,Life Expectancy,Both,Years,81.44000
4806032,Didsbury,2018,Life Expectancy,Both,Years,81.71000
4806032,Didsbury,2019,Life Expectancy,Both,Years,81.82000
4806032,Didsbury,2020,Life Expectancy,Both,Years,81.56000
4806032,Didsbury,2021,Life Expectancy,Both,Years,81.21000
4806032,Didsbury,2022,Life Expectancy,Both,Years,80.84000
4810006,Edberg,2011,Life Expectancy,Female,Years,81.96000
4810006,Edberg,2012,Life Expectancy,Female,Years,82.19000
4810006,Edberg,2013,Life Expectancy,Female,Years,82.16000
4810006,Edberg,2014,Life Expectancy,Female,Years,82.40000
4810006,Edberg,2015,Life Expectancy,Female,Years,82.42000
4810006,Edberg,2016,Life Expectancy,Female,Years,82.68000
4810006,Edberg,2017,Life Expectancy,Female,Years,82.87000
4810006,Edberg,2018,Life Expectancy,Female,Years,82.82000
4810006,Edberg,2019,Life Expectancy,Female,Years,82.96000
4810006,Edberg,2020,Life Expectancy,Female,Years,82.97000
4810006,Edberg,2021,Life Expectancy,Female,Years,83.20000
4810006,Edberg,2022,Life Expectancy,Female,Years,83.23000
4810006,Edberg,2011,Life Expectancy,Male,Years,76.90000
4810006,Edberg,2012,Life Expectancy,Male,Years,77.06000
4810006,Edberg,2013,Life Expectancy,Male,Years,77.40000
4810006,Edberg,2014,Life Expectancy,Male,Years,77.63000
4810006,Edberg,2015,Life Expectancy,Male,Years,78.01000
4810006,Edberg,2016,Life Expectancy,Male,Years,78.26000
4810006,Edberg,2017,Life Expectancy,Male,Years,78.38000
4810006,Edberg,2018,Life Expectancy,Male,Years,78.54000
4810006,Edberg,2019,Life Expectancy,Male,Years,78.68000
4810006,Edberg,2020,Life Expectancy,Male,Years,78.76000
4810006,Edberg,2021,Life Expectancy,Male,Years,78.66000
4810006,Edberg,2022,Life Expectancy,Male,Years,78.69000
4810006,Edberg,2011,Life Expectancy,Both,Years,79.42000
4810006,Edberg,2012,Life Expectancy,Both,Years,79.61000
4810006,Edberg,2013,Life Expectancy,Both,Years,79.77000
4810006,Edberg,2014,Life Expectancy,Both,Years,80.01000
4810006,Edberg,2015,Life Expectancy,Both,Years,80.22000
4810006,Edberg,2016,Life Expectancy,Both,Years,80.48000
4810006,Edberg,2017,Life Expectancy,Both,Years,80.63000
4810006,Edberg,2018,Life Expectancy,Both,Years,80.69000
4810006,Edberg,2019,Life Expectancy,Both,Years,80.82000
4810006,Edberg,2020,Life Expectancy,Both,Years,80.87000
4810006,Edberg,2021,Life Expectancy,Both,Years,80.92000
4810006,Edberg,2022,Life Expectancy,Both,Years,80.95000
4810011,Camrose,2011,Life Expectancy,Female,Years,81.96000
4810011,Camrose,2012,Life Expectancy,Female,Years,82.19000
4810011,Camrose,2013,Life Expectancy,Female,Years,82.16000
4810011,Camrose,2014,Life Expectancy,Female,Years,82.40000
4810011,Camrose,2015,Life Expectancy,Female,Years,82.42000
4810011,Camrose,2016,Life Expectancy,Female,Years,82.68000
4810011,Camrose,2017,Life Expectancy,Female,Years,82.87000
4810011,Camrose,2018,Life Expectancy,Female,Years,82.82000
4810011,Camrose,2019,Life Expectancy,Female,Years,82.96000
4810011,Camrose,2020,Life Expectancy,Female,Years,82.97000
4810011,Camrose,2021,Life Expectancy,Female,Years,83.20000
4810011,Camrose,2022,Life Expectancy,Female,Years,83.23000
4810011,Camrose,2011,Life Expectancy,Male,Years,76.90000
4810011,Camrose,2012,Life Expectancy,Male,Years,77.06000
4810011,Camrose,2013,Life Expectancy,Male,Years,77.40000
4810011,Camrose,2014,Life Expectancy,Male,Years,77.63000
4810011,Camrose,2015,Life Expectancy,Male,Years,78.01000
4810011,Camrose,2016,Life Expectancy,Male,Years,78.26000
4810011,Camrose,2017,Life Expectancy,Male,Years,78.38000
4810011,Camrose,2018,Life Expectancy,Male,Years,78.54000
4810011,Camrose,2019,Life Expectancy,Male,Years,78.68000
4810011,Camrose,2020,Life Expectancy,Male,Years,78.76000
4810011,Camrose,2021,Life Expectancy,Male,Years,78.66000
4810011,Camrose,2022,Life Expectancy,Male,Years,78.69000
4810011,Camrose,2011,Life Expectancy,Both,Years,79.42000
4810011,Camrose,2012,Life Expectancy,Both,Years,79.61000
4810011,Camrose,2013,Life Expectancy,Both,Years,79.77000
4810011,Camrose,2014,Life Expectancy,Both,Years,80.01000
4810011,Camrose,2015,Life Expectancy,Both,Years,80.22000
4810011,Camrose,2016,Life Expectancy,Both,Years,80.48000
4810011,Camrose,2017,Life Expectancy,Both,Years,80.63000
4810011,Camrose,2018,Life Expectancy,Both,Years,80.69000
4810011,Camrose,2019,Life Expectancy,Both,Years,80.82000
4810011,Camrose,2020,Life Expectancy,Both,Years,80.87000
4810011,Camrose,2021,Life Expectancy,Both,Years,80.92000
4810011,Camrose,2022,Life Expectancy,Both,Years,80.95000
4810009,Bawlf,2011,Life Expectancy,Female,Years,81.96000
4810009,Bawlf,2012,Life Expectancy,Female,Years,82.19000
4810009,Bawlf,2013,Life Expectancy,Female,Years,82.16000
4810009,Bawlf,2014,Life Expectancy,Female,Years,82.40000
4810009,Bawlf,2015,Life Expectancy,Female,Years,82.42000
4810009,Bawlf,2016,Life Expectancy,Female,Years,82.68000
4810009,Bawlf,2017,Life Expectancy,Female,Years,82.87000
4810009,Bawlf,2018,Life Expectancy,Female,Years,82.82000
4810009,Bawlf,2019,Life Expectancy,Female,Years,82.96000
4810009,Bawlf,2020,Life Expectancy,Female,Years,82.97000
4810009,Bawlf,2021,Life Expectancy,Female,Years,83.20000
4810009,Bawlf,2022,Life Expectancy,Female,Years,83.23000
4810009,Bawlf,2011,Life Expectancy,Male,Years,76.90000
4810009,Bawlf,2012,Life Expectancy,Male,Years,77.06000
4810009,Bawlf,2013,Life Expectancy,Male,Years,77.40000
4810009,Bawlf,2014,Life Expectancy,Male,Years,77.63000
4810009,Bawlf,2015,Life Expectancy,Male,Years,78.01000
4810009,Bawlf,2016,Life Expectancy,Male,Years,78.26000
4810009,Bawlf,2017,Life Expectancy,Male,Years,78.38000
4810009,Bawlf,2018,Life Expectancy,Male,Years,78.54000
4810009,Bawlf,2019,Life Expectancy,Male,Years,78.68000
4810009,Bawlf,2020,Life Expectancy,Male,Years,78.76000
4810009,Bawlf,2021,Life Expectancy,Male,Years,78.66000
4810009,Bawlf,2022,Life Expectancy,Male,Years,78.69000
4810009,Bawlf,2011,Life Expectancy,Both,Years,79.42000
4810009,Bawlf,2012,Life Expectancy,Both,Years,79.61000
4810009,Bawlf,2013,Life Expectancy,Both,Years,79.77000
4810009,Bawlf,2014,Life Expectancy,Both,Years,80.01000
4810009,Bawlf,2015,Life Expectancy,Both,Years,80.22000
4810009,Bawlf,2016,Life Expectancy,Both,Years,80.48000
4810009,Bawlf,2017,Life Expectancy,Both,Years,80.63000
4810009,Bawlf,2018,Life Expectancy,Both,Years,80.69000
4810009,Bawlf,2019,Life Expectancy,Both,Years,80.82000
4810009,Bawlf,2020,Life Expectancy,Both,Years,80.87000
4810009,Bawlf,2021,Life Expectancy,Both,Years,80.92000
4810009,Bawlf,2022,Life Expectancy,Both,Years,80.95000
4808032,Clive,2011,Life Expectancy,Female,Years,83.33000
4808032,Clive,2012,Life Expectancy,Female,Years,83.64000
4808032,Clive,2013,Life Expectancy,Female,Years,83.74000
4808032,Clive,2014,Life Expectancy,Female,Years,83.95000
4808032,Clive,2015,Life Expectancy,Female,Years,83.69000
4808032,Clive,2016,Life Expectancy,Female,Years,83.86000
4808032,Clive,2017,Life Expectancy,Female,Years,83.87000
4808032,Clive,2018,Life Expectancy,Female,Years,83.98000
4808032,Clive,2019,Life Expectancy,Female,Years,84.03000
4808032,Clive,2020,Life Expectancy,Female,Years,83.95000
4808032,Clive,2021,Life Expectancy,Female,Years,84.00000
4808032,Clive,2022,Life Expectancy,Female,Years,83.91000
4808032,Clive,2011,Life Expectancy,Male,Years,78.65000
4808032,Clive,2012,Life Expectancy,Male,Years,79.29000
4808032,Clive,2013,Life Expectancy,Male,Years,79.34000
4808032,Clive,2014,Life Expectancy,Male,Years,79.18000
4808032,Clive,2015,Life Expectancy,Male,Years,79.32000
4808032,Clive,2016,Life Expectancy,Male,Years,79.16000
4808032,Clive,2017,Life Expectancy,Male,Years,79.50000
4808032,Clive,2018,Life Expectancy,Male,Years,79.70000
4808032,Clive,2019,Life Expectancy,Male,Years,79.63000
4808032,Clive,2020,Life Expectancy,Male,Years,79.28000
4808032,Clive,2021,Life Expectancy,Male,Years,79.11000
4808032,Clive,2022,Life Expectancy,Male,Years,78.67000
4808032,Clive,2011,Life Expectancy,Both,Years,80.97000
4808032,Clive,2012,Life Expectancy,Both,Years,81.46000
4808032,Clive,2013,Life Expectancy,Both,Years,81.51000
4808032,Clive,2014,Life Expectancy,Both,Years,81.52000
4808032,Clive,2015,Life Expectancy,Both,Years,81.47000
4808032,Clive,2016,Life Expectancy,Both,Years,81.45000
4808032,Clive,2017,Life Expectancy,Both,Years,81.65000
4808032,Clive,2018,Life Expectancy,Both,Years,81.82000
4808032,Clive,2019,Life Expectancy,Both,Years,81.80000
4808032,Clive,2020,Life Expectancy,Both,Years,81.57000
4808032,Clive,2021,Life Expectancy,Both,Years,81.51000
4808032,Clive,2022,Life Expectancy,Both,Years,81.23000
4807001,Provost No. 52,2011,Life Expectancy,Female,Years,80.91000
4807001,Provost No. 52,2012,Life Expectancy,Female,Years,81.12000
4807001,Provost No. 52,2013,Life Expectancy,Female,Years,82.40000
4807001,Provost No. 52,2014,Life Expectancy,Female,Years,82.83000
4807001,Provost No. 52,2015,Life Expectancy,Female,Years,82.62000
4807001,Provost No. 52,2016,Life Expectancy,Female,Years,83.30000
4807001,Provost No. 52,2017,Life Expectancy,Female,Years,83.53000
4807001,Provost No. 52,2018,Life Expectancy,Female,Years,83.37000
4807001,Provost No. 52,2019,Life Expectancy,Female,Years,83.69000
4807001,Provost No. 52,2020,Life Expectancy,Female,Years,83.32000
4807001,Provost No. 52,2021,Life Expectancy,Female,Years,82.53000
4807001,Provost No. 52,2022,Life Expectancy,Female,Years,82.63000
4807001,Provost No. 52,2011,Life Expectancy,Male,Years,77.70000
4807001,Provost No. 52,2012,Life Expectancy,Male,Years,78.99000
4807001,Provost No. 52,2013,Life Expectancy,Male,Years,79.13000
4807001,Provost No. 52,2014,Life Expectancy,Male,Years,78.54000
4807001,Provost No. 52,2015,Life Expectancy,Male,Years,78.63000
4807001,Provost No. 52,2016,Life Expectancy,Male,Years,78.17000
4807001,Provost No. 52,2017,Life Expectancy,Male,Years,78.30000
4807001,Provost No. 52,2018,Life Expectancy,Male,Years,79.23000
4807001,Provost No. 52,2019,Life Expectancy,Male,Years,79.49000
4807001,Provost No. 52,2020,Life Expectancy,Male,Years,79.18000
4807001,Provost No. 52,2021,Life Expectancy,Male,Years,79.24000
4807001,Provost No. 52,2022,Life Expectancy,Male,Years,78.68000
4807001,Provost No. 52,2011,Life Expectancy,Both,Years,79.27000
4807001,Provost No. 52,2012,Life Expectancy,Both,Years,80.06000
4807001,Provost No. 52,2013,Life Expectancy,Both,Years,80.70000
4807001,Provost No. 52,2014,Life Expectancy,Both,Years,80.54000
4807001,Provost No. 52,2015,Life Expectancy,Both,Years,80.46000
4807001,Provost No. 52,2016,Life Expectancy,Both,Years,80.51000
4807001,Provost No. 52,2017,Life Expectancy,Both,Years,80.69000
4807001,Provost No. 52,2018,Life Expectancy,Both,Years,81.14000
4807001,Provost No. 52,2019,Life Expectancy,Both,Years,81.46000
4807001,Provost No. 52,2020,Life Expectancy,Both,Years,81.10000
4807001,Provost No. 52,2021,Life Expectancy,Both,Years,80.77000
4807001,Provost No. 52,2022,Life Expectancy,Both,Years,80.52000
4819041,Smoky River No. 130,2011,Life Expectancy,Female,Years,81.04000
4819041,Smoky River No. 130,2012,Life Expectancy,Female,Years,81.40000
4819041,Smoky River No. 130,2013,Life Expectancy,Female,Years,80.74000
4819041,Smoky River No. 130,2014,Life Expectancy,Female,Years,80.39000
4819041,Smoky River No. 130,2015,Life Expectancy,Female,Years,80.21000
4819041,Smoky River No. 130,2016,Life Expectancy,Female,Years,80.32000
4819041,Smoky River No. 130,2017,Life Expectancy,Female,Years,80.65000
4819041,Smoky River No. 130,2018,Life Expectancy,Female,Years,80.62000
4819041,Smoky River No. 130,2019,Life Expectancy,Female,Years,81.72000
4819041,Smoky River No. 130,2020,Life Expectancy,Female,Years,82.63000
4819041,Smoky River No. 130,2021,Life Expectancy,Female,Years,82.86000
4819041,Smoky River No. 130,2022,Life Expectancy,Female,Years,82.88000
4819041,Smoky River No. 130,2011,Life Expectancy,Male,Years,74.76000
4819041,Smoky River No. 130,2012,Life Expectancy,Male,Years,74.37000
4819041,Smoky River No. 130,2013,Life Expectancy,Male,Years,74.59000
4819041,Smoky River No. 130,2014,Life Expectancy,Male,Years,75.24000
4819041,Smoky River No. 130,2015,Life Expectancy,Male,Years,75.10000
4819041,Smoky River No. 130,2016,Life Expectancy,Male,Years,76.14000
4819041,Smoky River No. 130,2017,Life Expectancy,Male,Years,76.18000
4819041,Smoky River No. 130,2018,Life Expectancy,Male,Years,77.01000
4819041,Smoky River No. 130,2019,Life Expectancy,Male,Years,77.00000
4819041,Smoky River No. 130,2020,Life Expectancy,Male,Years,77.19000
4819041,Smoky River No. 130,2021,Life Expectancy,Male,Years,78.30000
4819041,Smoky River No. 130,2022,Life Expectancy,Male,Years,78.89000
4819041,Smoky River No. 130,2011,Life Expectancy,Both,Years,77.57000
4819041,Smoky River No. 130,2012,Life Expectancy,Both,Years,77.54000
4819041,Smoky River No. 130,2013,Life Expectancy,Both,Years,77.39000
4819041,Smoky River No. 130,2014,Life Expectancy,Both,Years,77.63000
4819041,Smoky River No. 130,2015,Life Expectancy,Both,Years,77.46000
4819041,Smoky River No. 130,2016,Life Expectancy,Both,Years,78.09000
4819041,Smoky River No. 130,2017,Life Expectancy,Both,Years,78.28000
4819041,Smoky River No. 130,2018,Life Expectancy,Both,Years,78.74000
4819041,Smoky River No. 130,2019,Life Expectancy,Both,Years,79.25000
4819041,Smoky River No. 130,2020,Life Expectancy,Both,Years,79.76000
4819041,Smoky River No. 130,2021,Life Expectancy,Both,Years,80.52000
4819041,Smoky River No. 130,2022,Life Expectancy,Both,Years,80.79000
4810036,Vermilion River County,2011,Life Expectancy,Female,Years,174.42000
4810036,Vermilion River County,2012,Life Expectancy,Female,Years,174.44000
4810036,Vermilion River County,2013,Life Expectancy,Female,Years,174.92000
4810036,Vermilion River County,2014,Life Expectancy,Female,Years,175.32000
4810036,Vermilion River County,2015,Life Expectancy,Female,Years,175.28000
4810036,Vermilion River County,2016,Life Expectancy,Female,Years,176.22000
4810036,Vermilion River County,2017,Life Expectancy,Female,Years,176.30000
4810036,Vermilion River County,2018,Life Expectancy,Female,Years,176.36000
4810036,Vermilion River County,2019,Life Expectancy,Female,Years,176.80000
4810036,Vermilion River County,2020,Life Expectancy,Female,Years,177.30000
4810036,Vermilion River County,2021,Life Expectancy,Female,Years,177.02000
4810036,Vermilion River County,2022,Life Expectancy,Female,Years,88.55000
4810036,Vermilion River County,2011,Life Expectancy,Male,Years,163.58000
4810036,Vermilion River County,2012,Life Expectancy,Male,Years,163.00000
4810036,Vermilion River County,2013,Life Expectancy,Male,Years,164.14000
4810036,Vermilion River County,2014,Life Expectancy,Male,Years,164.66000
4810036,Vermilion River County,2015,Life Expectancy,Male,Years,165.34000
4810036,Vermilion River County,2016,Life Expectancy,Male,Years,166.04000
4810036,Vermilion River County,2017,Life Expectancy,Male,Years,166.74000
4810036,Vermilion River County,2018,Life Expectancy,Male,Years,167.96000
4810036,Vermilion River County,2019,Life Expectancy,Male,Years,169.14000
4810036,Vermilion River County,2020,Life Expectancy,Male,Years,169.04000
4810036,Vermilion River County,2021,Life Expectancy,Male,Years,168.52000
4810036,Vermilion River County,2022,Life Expectancy,Male,Years,84.35000
4810036,Vermilion River County,2011,Life Expectancy,Both,Years,169.08000
4810036,Vermilion River County,2012,Life Expectancy,Both,Years,168.78000
4810036,Vermilion River County,2013,Life Expectancy,Both,Years,169.62000
4810036,Vermilion River County,2014,Life Expectancy,Both,Years,170.10000
4810036,Vermilion River County,2015,Life Expectancy,Both,Years,170.40000
4810036,Vermilion River County,2016,Life Expectancy,Both,Years,171.24000
4810036,Vermilion River County,2017,Life Expectancy,Both,Years,171.66000
4810036,Vermilion River County,2018,Life Expectancy,Both,Years,172.28000
4810036,Vermilion River County,2019,Life Expectancy,Both,Years,173.02000
4810036,Vermilion River County,2020,Life Expectancy,Both,Years,173.26000
4810036,Vermilion River County,2021,Life Expectancy,Both,Years,172.88000
4810036,Vermilion River County,2022,Life Expectancy,Both,Years,86.50000
4810038,Paradise Valley,2011,Life Expectancy,Female,Years,87.21000
4810038,Paradise Valley,2012,Life Expectancy,Female,Years,87.22000
4810038,Paradise Valley,2013,Life Expectancy,Female,Years,87.46000
4810038,Paradise Valley,2014,Life Expectancy,Female,Years,87.66000
4810038,Paradise Valley,2015,Life Expectancy,Female,Years,87.64000
4810038,Paradise Valley,2016,Life Expectancy,Female,Years,88.11000
4810038,Paradise Valley,2017,Life Expectancy,Female,Years,88.15000
4810038,Paradise Valley,2018,Life Expectancy,Female,Years,88.18000
4810038,Paradise Valley,2019,Life Expectancy,Female,Years,88.40000
4810038,Paradise Valley,2020,Life Expectancy,Female,Years,88.65000
4810038,Paradise Valley,2021,Life Expectancy,Female,Years,88.51000
4810038,Paradise Valley,2022,Life Expectancy,Female,Years,88.55000
4810038,Paradise Valley,2011,Life Expectancy,Male,Years,81.79000
4810038,Paradise Valley,2012,Life Expectancy,Male,Years,81.50000
4810038,Paradise Valley,2013,Life Expectancy,Male,Years,82.07000
4810038,Paradise Valley,2014,Life Expectancy,Male,Years,82.33000
4810038,Paradise Valley,2015,Life Expectancy,Male,Years,82.67000
4810038,Paradise Valley,2016,Life Expectancy,Male,Years,83.02000
4810038,Paradise Valley,2017,Life Expectancy,Male,Years,83.37000
4810038,Paradise Valley,2018,Life Expectancy,Male,Years,83.98000
4810038,Paradise Valley,2019,Life Expectancy,Male,Years,84.57000
4810038,Paradise Valley,2020,Life Expectancy,Male,Years,84.52000
4810038,Paradise Valley,2021,Life Expectancy,Male,Years,84.26000
4810038,Paradise Valley,2022,Life Expectancy,Male,Years,84.35000
4810038,Paradise Valley,2011,Life Expectancy,Both,Years,84.54000
4810038,Paradise Valley,2012,Life Expectancy,Both,Years,84.39000
4810038,Paradise Valley,2013,Life Expectancy,Both,Years,84.81000
4810038,Paradise Valley,2014,Life Expectancy,Both,Years,85.05000
4810038,Paradise Valley,2015,Life Expectancy,Both,Years,85.20000
4810038,Paradise Valley,2016,Life Expectancy,Both,Years,85.62000
4810038,Paradise Valley,2017,Life Expectancy,Both,Years,85.83000
4810038,Paradise Valley,2018,Life Expectancy,Both,Years,86.14000
4810038,Paradise Valley,2019,Life Expectancy,Both,Years,86.51000
4810038,Paradise Valley,2020,Life Expectancy,Both,Years,86.63000
4810038,Paradise Valley,2021,Life Expectancy,Both,Years,86.44000
4810038,Paradise Valley,2022,Life Expectancy,Both,Years,86.50000
4817021,High Prairie,2011,Life Expectancy,Female,Years,77.84000
4817021,High Prairie,2012,Life Expectancy,Female,Years,78.02000
4817021,High Prairie,2013,Life Expectancy,Female,Years,77.80000
4817021,High Prairie,2014,Life Expectancy,Female,Years,77.81000
4817021,High Prairie,2015,Life Expectancy,Female,Years,77.93000
4817021,High Prairie,2016,Life Expectancy,Female,Years,77.71000
4817021,High Prairie,2017,Life Expectancy,Female,Years,77.78000
4817021,High Prairie,2018,Life Expectancy,Female,Years,78.18000
4817021,High Prairie,2019,Life Expectancy,Female,Years,77.69000
4817021,High Prairie,2020,Life Expectancy,Female,Years,78.13000
4817021,High Prairie,2021,Life Expectancy,Female,Years,77.66000
4817021,High Prairie,2022,Life Expectancy,Female,Years,77.14000
4817021,High Prairie,2023,Life Expectancy,Female,Years,76.79000
4817021,High Prairie,2011,Life Expectancy,Male,Years,73.29000
4817021,High Prairie,2012,Life Expectancy,Male,Years,73.59000
4817021,High Prairie,2013,Life Expectancy,Male,Years,73.40000
4817021,High Prairie,2014,Life Expectancy,Male,Years,73.19000
4817021,High Prairie,2015,Life Expectancy,Male,Years,73.05000
4817021,High Prairie,2016,Life Expectancy,Male,Years,72.82000
4817021,High Prairie,2017,Life Expectancy,Male,Years,73.16000
4817021,High Prairie,2018,Life Expectancy,Male,Years,73.41000
4817021,High Prairie,2019,Life Expectancy,Male,Years,73.46000
4817021,High Prairie,2020,Life Expectancy,Male,Years,73.35000
4817021,High Prairie,2021,Life Expectancy,Male,Years,73.02000
4817021,High Prairie,2022,Life Expectancy,Male,Years,72.08000
4817021,High Prairie,2023,Life Expectancy,Male,Years,71.48000
4817021,High Prairie,2011,Life Expectancy,Both,Years,75.41000
4817021,High Prairie,2012,Life Expectancy,Both,Years,75.66000
4817021,High Prairie,2013,Life Expectancy,Both,Years,75.47000
4817021,High Prairie,2014,Life Expectancy,Both,Years,75.36000
4817021,High Prairie,2015,Life Expectancy,Both,Years,75.32000
4817021,High Prairie,2016,Life Expectancy,Both,Years,75.06000
4817021,High Prairie,2017,Life Expectancy,Both,Years,75.26000
4817021,High Prairie,2018,Life Expectancy,Both,Years,75.61000
4817021,High Prairie,2019,Life Expectancy,Both,Years,75.43000
4817021,High Prairie,2020,Life Expectancy,Both,Years,75.57000
4817021,High Prairie,2021,Life Expectancy,Both,Years,75.24000
4817021,High Prairie,2022,Life Expectancy,Both,Years,74.51000
4817021,High Prairie,2023,Life Expectancy,Both,Years,74.03000
4817024,Swan Hills,2011,Life Expectancy,Female,Years,80.07000
4817024,Swan Hills,2012,Life Expectancy,Female,Years,81.22000
4817024,Swan Hills,2013,Life Expectancy,Female,Years,83.21000
4817024,Swan Hills,2014,Life Expectancy,Female,Years,84.43000
4817024,Swan Hills,2015,Life Expectancy,Female,Years,81.87000
4817024,Swan Hills,2016,Life Expectancy,Female,Years,83.02000
4817024,Swan Hills,2017,Life Expectancy,Female,Years,83.16000
4817024,Swan Hills,2018,Life Expectancy,Female,Years,83.66000
4817024,Swan Hills,2019,Life Expectancy,Female,Years,82.15000
4817024,Swan Hills,2020,Life Expectancy,Female,Years,81.87000
4817024,Swan Hills,2021,Life Expectancy,Female,Years,80.51000
4817024,Swan Hills,2022,Life Expectancy,Female,Years,81.02000
4817024,Swan Hills,2023,Life Expectancy,Female,Years,80.57000
4817024,Swan Hills,2011,Life Expectancy,Male,Years,73.69000
4817024,Swan Hills,2012,Life Expectancy,Male,Years,75.77000
4817024,Swan Hills,2013,Life Expectancy,Male,Years,76.44000
4817024,Swan Hills,2014,Life Expectancy,Male,Years,76.25000
4817024,Swan Hills,2015,Life Expectancy,Male,Years,76.47000
4817024,Swan Hills,2016,Life Expectancy,Male,Years,75.54000
4817024,Swan Hills,2017,Life Expectancy,Male,Years,75.84000
4817024,Swan Hills,2018,Life Expectancy,Male,Years,74.90000
4817024,Swan Hills,2019,Life Expectancy,Male,Years,75.23000
4817024,Swan Hills,2020,Life Expectancy,Male,Years,74.68000
4817024,Swan Hills,2021,Life Expectancy,Male,Years,74.05000
4817024,Swan Hills,2022,Life Expectancy,Male,Years,73.53000
4817024,Swan Hills,2023,Life Expectancy,Male,Years,73.44000
4817024,Swan Hills,2011,Life Expectancy,Both,Years,76.37000
4817024,Swan Hills,2012,Life Expectancy,Both,Years,78.11000
4817024,Swan Hills,2013,Life Expectancy,Both,Years,79.12000
4817024,Swan Hills,2014,Life Expectancy,Both,Years,79.72000
4817024,Swan Hills,2015,Life Expectancy,Both,Years,79.08000
4817024,Swan Hills,2016,Life Expectancy,Both,Years,78.85000
4817024,Swan Hills,2017,Life Expectancy,Both,Years,78.93000
4817024,Swan Hills,2018,Life Expectancy,Both,Years,78.50000
4817024,Swan Hills,2019,Life Expectancy,Both,Years,78.09000
4817024,Swan Hills,2020,Life Expectancy,Both,Years,77.75000
4817024,Swan Hills,2021,Life Expectancy,Both,Years,77.03000
4817024,Swan Hills,2022,Life Expectancy,Both,Years,77.05000
4817024,Swan Hills,2023,Life Expectancy,Both,Years,76.74000
4817026,Northern Sunrise County,2011,Life Expectancy,Female,Years,82.32000
4817026,Northern Sunrise County,2012,Life Expectancy,Female,Years,82.04000
4817026,Northern Sunrise County,2013,Life Expectancy,Female,Years,82.41000
4817026,Northern Sunrise County,2014,Life Expectancy,Female,Years,82.29000
4817026,Northern Sunrise County,2015,Life Expectancy,Female,Years,82.02000
4817026,Northern Sunrise County,2016,Life Expectancy,Female,Years,81.70000
4817026,Northern Sunrise County,2017,Life Expectancy,Female,Years,81.27000
4817026,Northern Sunrise County,2018,Life Expectancy,Female,Years,80.80000
4817026,Northern Sunrise County,2019,Life Expectancy,Female,Years,80.55000
4817026,Northern Sunrise County,2020,Life Expectancy,Female,Years,79.91000
4817026,Northern Sunrise County,2021,Life Expectancy,Female,Years,79.72000
4817026,Northern Sunrise County,2022,Life Expectancy,Female,Years,79.83000
4817026,Northern Sunrise County,2011,Life Expectancy,Male,Years,76.18000
4817026,Northern Sunrise County,2012,Life Expectancy,Male,Years,76.23000
4817026,Northern Sunrise County,2013,Life Expectancy,Male,Years,76.30000
4817026,Northern Sunrise County,2014,Life Expectancy,Male,Years,76.31000
4817026,Northern Sunrise County,2015,Life Expectancy,Male,Years,76.05000
4817026,Northern Sunrise County,2016,Life Expectancy,Male,Years,75.88000
4817026,Northern Sunrise County,2017,Life Expectancy,Male,Years,76.48000
4817026,Northern Sunrise County,2018,Life Expectancy,Male,Years,76.55000
4817026,Northern Sunrise County,2019,Life Expectancy,Male,Years,76.68000
4817026,Northern Sunrise County,2020,Life Expectancy,Male,Years,76.30000
4817026,Northern Sunrise County,2021,Life Expectancy,Male,Years,76.36000
4817026,Northern Sunrise County,2022,Life Expectancy,Male,Years,76.14000
4817026,Northern Sunrise County,2011,Life Expectancy,Both,Years,79.04000
4817026,Northern Sunrise County,2012,Life Expectancy,Both,Years,78.94000
4817026,Northern Sunrise County,2013,Life Expectancy,Both,Years,79.15000
4817026,Northern Sunrise County,2014,Life Expectancy,Both,Years,79.10000
4817026,Northern Sunrise County,2015,Life Expectancy,Both,Years,78.83000
4817026,Northern Sunrise County,2016,Life Expectancy,Both,Years,78.59000
4817026,Northern Sunrise County,2017,Life Expectancy,Both,Years,78.71000
4817026,Northern Sunrise County,2018,Life Expectancy,Both,Years,78.52000
4817026,Northern Sunrise County,2019,Life Expectancy,Both,Years,78.49000
4817026,Northern Sunrise County,2020,Life Expectancy,Both,Years,77.99000
4817026,Northern Sunrise County,2021,Life Expectancy,Both,Years,77.92000
4817026,Northern Sunrise County,2022,Life Expectancy,Both,Years,77.84000
4817027,Big Lakes County,2011,Life Expectancy,Female,Years,77.84000
4817027,Big Lakes County,2012,Life Expectancy,Female,Years,78.02000
4817027,Big Lakes County,2013,Life Expectancy,Female,Years,77.80000
4817027,Big Lakes County,2014,Life Expectancy,Female,Years,77.81000
4817027,Big Lakes County,2015,Life Expectancy,Female,Years,77.93000
4817027,Big Lakes County,2016,Life Expectancy,Female,Years,77.71000
4817027,Big Lakes County,2017,Life Expectancy,Female,Years,77.78000
4817027,Big Lakes County,2018,Life Expectancy,Female,Years,78.18000
4817027,Big Lakes County,2019,Life Expectancy,Female,Years,77.69000
4817027,Big Lakes County,2020,Life Expectancy,Female,Years,78.13000
4817027,Big Lakes County,2021,Life Expectancy,Female,Years,77.66000
4817027,Big Lakes County,2022,Life Expectancy,Female,Years,77.14000
4817027,Big Lakes County,2011,Life Expectancy,Male,Years,73.29000
4817027,Big Lakes County,2012,Life Expectancy,Male,Years,73.59000
4817027,Big Lakes County,2013,Life Expectancy,Male,Years,73.40000
4817027,Big Lakes County,2014,Life Expectancy,Male,Years,73.19000
4817027,Big Lakes County,2015,Life Expectancy,Male,Years,73.05000
4817027,Big Lakes County,2016,Life Expectancy,Male,Years,72.82000
4817027,Big Lakes County,2017,Life Expectancy,Male,Years,73.16000
4817027,Big Lakes County,2018,Life Expectancy,Male,Years,73.41000
4817027,Big Lakes County,2019,Life Expectancy,Male,Years,73.46000
4817027,Big Lakes County,2020,Life Expectancy,Male,Years,73.35000
4817027,Big Lakes County,2021,Life Expectancy,Male,Years,73.02000
4817027,Big Lakes County,2022,Life Expectancy,Male,Years,72.08000
4817027,Big Lakes County,2011,Life Expectancy,Both,Years,75.41000
4817027,Big Lakes County,2012,Life Expectancy,Both,Years,75.66000
4817027,Big Lakes County,2013,Life Expectancy,Both,Years,75.47000
4817027,Big Lakes County,2014,Life Expectancy,Both,Years,75.36000
4817027,Big Lakes County,2015,Life Expectancy,Both,Years,75.32000
4817027,Big Lakes County,2016,Life Expectancy,Both,Years,75.06000
4817027,Big Lakes County,2017,Life Expectancy,Both,Years,75.26000
4817027,Big Lakes County,2018,Life Expectancy,Both,Years,75.61000
4817027,Big Lakes County,2019,Life Expectancy,Both,Years,75.43000
4817027,Big Lakes County,2020,Life Expectancy,Both,Years,75.57000
4817027,Big Lakes County,2021,Life Expectancy,Both,Years,75.24000
4817027,Big Lakes County,2022,Life Expectancy,Both,Years,74.51000
4817029,Slave Lake,2011,Life Expectancy,Female,Years,80.52000
4817029,Slave Lake,2012,Life Expectancy,Female,Years,80.66000
4817029,Slave Lake,2013,Life Expectancy,Female,Years,80.74000
4817029,Slave Lake,2014,Life Expectancy,Female,Years,80.94000
4817029,Slave Lake,2015,Life Expectancy,Female,Years,81.12000
4817029,Slave Lake,2016,Life Expectancy,Female,Years,81.34000
4817029,Slave Lake,2017,Life Expectancy,Female,Years,80.94000
4817029,Slave Lake,2018,Life Expectancy,Female,Years,81.45000
4817029,Slave Lake,2019,Life Expectancy,Female,Years,81.75000
4817029,Slave Lake,2020,Life Expectancy,Female,Years,82.08000
4817029,Slave Lake,2021,Life Expectancy,Female,Years,81.87000
4817029,Slave Lake,2022,Life Expectancy,Female,Years,81.21000
4817029,Slave Lake,2011,Life Expectancy,Male,Years,74.47000
4817029,Slave Lake,2012,Life Expectancy,Male,Years,75.18000
4817029,Slave Lake,2013,Life Expectancy,Male,Years,75.65000
4817029,Slave Lake,2014,Life Expectancy,Male,Years,75.57000
4817029,Slave Lake,2015,Life Expectancy,Male,Years,75.86000
4817029,Slave Lake,2016,Life Expectancy,Male,Years,76.77000
4817029,Slave Lake,2017,Life Expectancy,Male,Years,76.94000
4817029,Slave Lake,2018,Life Expectancy,Male,Years,77.75000
4817029,Slave Lake,2019,Life Expectancy,Male,Years,77.28000
4817029,Slave Lake,2020,Life Expectancy,Male,Years,76.35000
4817029,Slave Lake,2021,Life Expectancy,Male,Years,75.91000
4817029,Slave Lake,2022,Life Expectancy,Male,Years,75.37000
4817029,Slave Lake,2011,Life Expectancy,Both,Years,77.23000
4817029,Slave Lake,2012,Life Expectancy,Both,Years,77.67000
4817029,Slave Lake,2013,Life Expectancy,Both,Years,77.95000
4817029,Slave Lake,2014,Life Expectancy,Both,Years,78.01000
4817029,Slave Lake,2015,Life Expectancy,Both,Years,78.27000
4817029,Slave Lake,2016,Life Expectancy,Both,Years,78.86000
4817029,Slave Lake,2017,Life Expectancy,Both,Years,78.79000
4817029,Slave Lake,2018,Life Expectancy,Both,Years,79.48000
4817029,Slave Lake,2019,Life Expectancy,Both,Years,79.37000
4817029,Slave Lake,2020,Life Expectancy,Both,Years,79.04000
4817029,Slave Lake,2021,Life Expectancy,Both,Years,78.70000
4817029,Slave Lake,2022,Life Expectancy,Both,Years,78.11000
4817031,Opportunity No. 17,2011,Life Expectancy,Female,Years,80.31897
4817031,Opportunity No. 17,2012,Life Expectancy,Female,Years,80.52930
4817031,Opportunity No. 17,2013,Life Expectancy,Female,Years,80.63688
4817031,Opportunity No. 17,2014,Life Expectancy,Female,Years,80.87573
4817031,Opportunity No. 17,2015,Life Expectancy,Female,Years,81.04559
4817031,Opportunity No. 17,2016,Life Expectancy,Female,Years,80.99731
4817031,Opportunity No. 17,2017,Life Expectancy,Female,Years,80.96767
4817031,Opportunity No. 17,2018,Life Expectancy,Female,Years,81.44958
4817031,Opportunity No. 17,2019,Life Expectancy,Female,Years,81.54779
4817031,Opportunity No. 17,2020,Life Expectancy,Female,Years,81.72892
4817031,Opportunity No. 17,2021,Life Expectancy,Female,Years,81.17234
4817031,Opportunity No. 17,2022,Life Expectancy,Female,Years,80.70930
4817031,Opportunity No. 17,2023,Life Expectancy,Female,Years,78.95799
4817031,Opportunity No. 17,2011,Life Expectancy,Male,Years,74.68503
4817031,Opportunity No. 17,2012,Life Expectancy,Male,Years,74.81801
4817031,Opportunity No. 17,2013,Life Expectancy,Male,Years,74.90039
4817031,Opportunity No. 17,2014,Life Expectancy,Male,Years,74.85838
4817031,Opportunity No. 17,2015,Life Expectancy,Male,Years,75.11849
4817031,Opportunity No. 17,2016,Life Expectancy,Male,Years,75.67376
4817031,Opportunity No. 17,2017,Life Expectancy,Male,Years,75.74725
4817031,Opportunity No. 17,2018,Life Expectancy,Male,Years,76.08764
4817031,Opportunity No. 17,2019,Life Expectancy,Male,Years,75.72571
4817031,Opportunity No. 17,2020,Life Expectancy,Male,Years,75.17949
4817031,Opportunity No. 17,2021,Life Expectancy,Male,Years,74.77017
4817031,Opportunity No. 17,2022,Life Expectancy,Male,Years,74.36449
4817031,Opportunity No. 17,2023,Life Expectancy,Male,Years,73.02751
4817031,Opportunity No. 17,2011,Life Expectancy,Both,Years,77.28777
4817031,Opportunity No. 17,2012,Life Expectancy,Both,Years,77.44635
4817031,Opportunity No. 17,2013,Life Expectancy,Both,Years,77.51889
4817031,Opportunity No. 17,2014,Life Expectancy,Both,Years,77.56077
4817031,Opportunity No. 17,2015,Life Expectancy,Both,Years,77.79200
4817031,Opportunity No. 17,2016,Life Expectancy,Both,Years,78.11728
4817031,Opportunity No. 17,2017,Life Expectancy,Both,Years,78.13670
4817031,Opportunity No. 17,2018,Life Expectancy,Both,Years,78.55054
4817031,Opportunity No. 17,2019,Life Expectancy,Both,Years,78.42967
4817031,Opportunity No. 17,2020,Life Expectancy,Both,Years,78.21444
4817031,Opportunity No. 17,2021,Life Expectancy,Both,Years,77.72566
4817031,Opportunity No. 17,2022,Life Expectancy,Both,Years,77.31867
4817031,Opportunity No. 17,2023,Life Expectancy,Both,Years,75.79059
4819042,McLennan,2011,Life Expectancy,Female,Years,81.04000
4819042,McLennan,2012,Life Expectancy,Female,Years,81.40000
4819042,McLennan,2013,Life Expectancy,Female,Years,80.74000
4819042,McLennan,2014,Life Expectancy,Female,Years,80.39000
4819042,McLennan,2015,Life Expectancy,Female,Years,80.21000
4819042,McLennan,2016,Life Expectancy,Female,Years,80.32000
4819042,McLennan,2017,Life Expectancy,Female,Years,80.65000
4819042,McLennan,2018,Life Expectancy,Female,Years,80.62000
4819042,McLennan,2019,Life Expectancy,Female,Years,81.72000
4819042,McLennan,2020,Life Expectancy,Female,Years,82.63000
4819042,McLennan,2021,Life Expectancy,Female,Years,82.86000
4819042,McLennan,2022,Life Expectancy,Female,Years,82.88000
4819042,McLennan,2011,Life Expectancy,Male,Years,74.76000
4819042,McLennan,2012,Life Expectancy,Male,Years,74.37000
4819042,McLennan,2013,Life Expectancy,Male,Years,74.59000
4819042,McLennan,2014,Life Expectancy,Male,Years,75.24000
4819042,McLennan,2015,Life Expectancy,Male,Years,75.10000
4819042,McLennan,2016,Life Expectancy,Male,Years,76.14000
4819042,McLennan,2017,Life Expectancy,Male,Years,76.18000
4819042,McLennan,2018,Life Expectancy,Male,Years,77.01000
4819042,McLennan,2019,Life Expectancy,Male,Years,77.00000
4819042,McLennan,2020,Life Expectancy,Male,Years,77.19000
4819042,McLennan,2021,Life Expectancy,Male,Years,78.30000
4819042,McLennan,2022,Life Expectancy,Male,Years,78.89000
4819042,McLennan,2011,Life Expectancy,Both,Years,77.57000
4819042,McLennan,2012,Life Expectancy,Both,Years,77.54000
4819042,McLennan,2013,Life Expectancy,Both,Years,77.39000
4819042,McLennan,2014,Life Expectancy,Both,Years,77.63000
4819042,McLennan,2015,Life Expectancy,Both,Years,77.46000
4819042,McLennan,2016,Life Expectancy,Both,Years,78.09000
4819042,McLennan,2017,Life Expectancy,Both,Years,78.28000
4819042,McLennan,2018,Life Expectancy,Both,Years,78.74000
4819042,McLennan,2019,Life Expectancy,Both,Years,79.25000
4819042,McLennan,2020,Life Expectancy,Both,Years,79.76000
4819042,McLennan,2021,Life Expectancy,Both,Years,80.52000
4819042,McLennan,2022,Life Expectancy,Both,Years,80.79000
4819044,Donnelly,2011,Life Expectancy,Female,Years,81.04000
4819044,Donnelly,2012,Life Expectancy,Female,Years,81.40000
4819044,Donnelly,2013,Life Expectancy,Female,Years,80.74000
4819044,Donnelly,2014,Life Expectancy,Female,Years,80.39000
4819044,Donnelly,2015,Life Expectancy,Female,Years,80.21000
4819044,Donnelly,2016,Life Expectancy,Female,Years,80.32000
4819044,Donnelly,2017,Life Expectancy,Female,Years,80.65000
4819044,Donnelly,2018,Life Expectancy,Female,Years,80.62000
4819044,Donnelly,2019,Life Expectancy,Female,Years,81.72000
4819044,Donnelly,2020,Life Expectancy,Female,Years,82.63000
4819044,Donnelly,2021,Life Expectancy,Female,Years,82.86000
4819044,Donnelly,2022,Life Expectancy,Female,Years,82.88000
4819044,Donnelly,2011,Life Expectancy,Male,Years,74.76000
4819044,Donnelly,2012,Life Expectancy,Male,Years,74.37000
4819044,Donnelly,2013,Life Expectancy,Male,Years,74.59000
4819044,Donnelly,2014,Life Expectancy,Male,Years,75.24000
4819044,Donnelly,2015,Life Expectancy,Male,Years,75.10000
4819044,Donnelly,2016,Life Expectancy,Male,Years,76.14000
4819044,Donnelly,2017,Life Expectancy,Male,Years,76.18000
4819044,Donnelly,2018,Life Expectancy,Male,Years,77.01000
4819044,Donnelly,2019,Life Expectancy,Male,Years,77.00000
4819044,Donnelly,2020,Life Expectancy,Male,Years,77.19000
4819044,Donnelly,2021,Life Expectancy,Male,Years,78.30000
4819044,Donnelly,2022,Life Expectancy,Male,Years,78.89000
4819044,Donnelly,2011,Life Expectancy,Both,Years,77.57000
4819044,Donnelly,2012,Life Expectancy,Both,Years,77.54000
4819044,Donnelly,2013,Life Expectancy,Both,Years,77.39000
4819044,Donnelly,2014,Life Expectancy,Both,Years,77.63000
4819044,Donnelly,2015,Life Expectancy,Both,Years,77.46000
4819044,Donnelly,2016,Life Expectancy,Both,Years,78.09000
4819044,Donnelly,2017,Life Expectancy,Both,Years,78.28000
4819044,Donnelly,2018,Life Expectancy,Both,Years,78.74000
4819044,Donnelly,2019,Life Expectancy,Both,Years,79.25000
4819044,Donnelly,2020,Life Expectancy,Both,Years,79.76000
4819044,Donnelly,2021,Life Expectancy,Both,Years,80.52000
4819044,Donnelly,2022,Life Expectancy,Both,Years,80.79000
4819046,Falher,2011,Life Expectancy,Female,Years,81.04000
4819046,Falher,2012,Life Expectancy,Female,Years,81.40000
4819046,Falher,2013,Life Expectancy,Female,Years,80.74000
4819046,Falher,2014,Life Expectancy,Female,Years,80.39000
4819046,Falher,2015,Life Expectancy,Female,Years,80.21000
4819046,Falher,2016,Life Expectancy,Female,Years,80.32000
4819046,Falher,2017,Life Expectancy,Female,Years,80.65000
4819046,Falher,2018,Life Expectancy,Female,Years,80.62000
4819046,Falher,2019,Life Expectancy,Female,Years,81.72000
4819046,Falher,2020,Life Expectancy,Female,Years,82.63000
4819046,Falher,2021,Life Expectancy,Female,Years,82.86000
4819046,Falher,2022,Life Expectancy,Female,Years,82.88000
4819046,Falher,2011,Life Expectancy,Male,Years,74.76000
4819046,Falher,2012,Life Expectancy,Male,Years,74.37000
4819046,Falher,2013,Life Expectancy,Male,Years,74.59000
4819046,Falher,2014,Life Expectancy,Male,Years,75.24000
4819046,Falher,2015,Life Expectancy,Male,Years,75.10000
4819046,Falher,2016,Life Expectancy,Male,Years,76.14000
4819046,Falher,2017,Life Expectancy,Male,Years,76.18000
4819046,Falher,2018,Life Expectancy,Male,Years,77.01000
4819046,Falher,2019,Life Expectancy,Male,Years,77.00000
4819046,Falher,2020,Life Expectancy,Male,Years,77.19000
4819046,Falher,2021,Life Expectancy,Male,Years,78.30000
4819046,Falher,2022,Life Expectancy,Male,Years,78.89000
4819046,Falher,2011,Life Expectancy,Both,Years,77.57000
4819046,Falher,2012,Life Expectancy,Both,Years,77.54000
4819046,Falher,2013,Life Expectancy,Both,Years,77.39000
4819046,Falher,2014,Life Expectancy,Both,Years,77.63000
4819046,Falher,2015,Life Expectancy,Both,Years,77.46000
4819046,Falher,2016,Life Expectancy,Both,Years,78.09000
4819046,Falher,2017,Life Expectancy,Both,Years,78.28000
4819046,Falher,2018,Life Expectancy,Both,Years,78.74000
4819046,Falher,2019,Life Expectancy,Both,Years,79.25000
4819046,Falher,2020,Life Expectancy,Both,Years,79.76000
4819046,Falher,2021,Life Expectancy,Both,Years,80.52000
4819046,Falher,2022,Life Expectancy,Both,Years,80.79000
4819068,Fairview,2011,Life Expectancy,Female,Years,83.05000
4819068,Fairview,2012,Life Expectancy,Female,Years,83.20000
4819068,Fairview,2013,Life Expectancy,Female,Years,83.50000
4819068,Fairview,2014,Life Expectancy,Female,Years,83.03000
4819068,Fairview,2015,Life Expectancy,Female,Years,82.82000
4819068,Fairview,2016,Life Expectancy,Female,Years,82.73000
4819068,Fairview,2017,Life Expectancy,Female,Years,82.23000
4819068,Fairview,2018,Life Expectancy,Female,Years,82.77000
4819068,Fairview,2019,Life Expectancy,Female,Years,82.45000
4819068,Fairview,2020,Life Expectancy,Female,Years,82.69000
4819068,Fairview,2021,Life Expectancy,Female,Years,82.80000
4819068,Fairview,2022,Life Expectancy,Female,Years,81.61000
4819068,Fairview,2011,Life Expectancy,Male,Years,76.24000
4819068,Fairview,2012,Life Expectancy,Male,Years,76.12000
4819068,Fairview,2013,Life Expectancy,Male,Years,76.11000
4819068,Fairview,2014,Life Expectancy,Male,Years,75.89000
4819068,Fairview,2015,Life Expectancy,Male,Years,76.35000
4819068,Fairview,2016,Life Expectancy,Male,Years,76.49000
4819068,Fairview,2017,Life Expectancy,Male,Years,76.98000
4819068,Fairview,2018,Life Expectancy,Male,Years,77.46000
4819068,Fairview,2019,Life Expectancy,Male,Years,77.56000
4819068,Fairview,2020,Life Expectancy,Male,Years,77.95000
4819068,Fairview,2021,Life Expectancy,Male,Years,77.90000
4819068,Fairview,2022,Life Expectancy,Male,Years,77.75000
4819068,Fairview,2011,Life Expectancy,Both,Years,79.41000
4819068,Fairview,2012,Life Expectancy,Both,Years,79.39000
4819068,Fairview,2013,Life Expectancy,Both,Years,79.52000
4819068,Fairview,2014,Life Expectancy,Both,Years,79.20000
4819068,Fairview,2015,Life Expectancy,Both,Years,79.38000
4819068,Fairview,2016,Life Expectancy,Both,Years,79.40000
4819068,Fairview,2017,Life Expectancy,Both,Years,79.45000
4819068,Fairview,2018,Life Expectancy,Both,Years,79.94000
4819068,Fairview,2019,Life Expectancy,Both,Years,79.85000
4819068,Fairview,2020,Life Expectancy,Both,Years,80.20000
4819068,Fairview,2021,Life Expectancy,Both,Years,80.22000
4819068,Fairview,2022,Life Expectancy,Both,Years,79.62000
4813001,Lac Ste. Anne County,2011,Life Expectancy,Female,Years,81.21774
4813001,Lac Ste. Anne County,2012,Life Expectancy,Female,Years,81.28262
4813001,Lac Ste. Anne County,2013,Life Expectancy,Female,Years,80.93480
4813001,Lac Ste. Anne County,2014,Life Expectancy,Female,Years,81.03172
4813001,Lac Ste. Anne County,2015,Life Expectancy,Female,Years,80.64381
4813001,Lac Ste. Anne County,2016,Life Expectancy,Female,Years,80.51146
4813001,Lac Ste. Anne County,2017,Life Expectancy,Female,Years,80.70115
4813001,Lac Ste. Anne County,2018,Life Expectancy,Female,Years,80.68954
4813001,Lac Ste. Anne County,2019,Life Expectancy,Female,Years,80.78834
4813001,Lac Ste. Anne County,2020,Life Expectancy,Female,Years,80.77543
4813001,Lac Ste. Anne County,2021,Life Expectancy,Female,Years,80.71917
4813001,Lac Ste. Anne County,2022,Life Expectancy,Female,Years,80.65130
4813001,Lac Ste. Anne County,2011,Life Expectancy,Male,Years,75.86208
4813001,Lac Ste. Anne County,2012,Life Expectancy,Male,Years,76.12522
4813001,Lac Ste. Anne County,2013,Life Expectancy,Male,Years,75.99972
4813001,Lac Ste. Anne County,2014,Life Expectancy,Male,Years,76.07360
4813001,Lac Ste. Anne County,2015,Life Expectancy,Male,Years,76.08626
4813001,Lac Ste. Anne County,2016,Life Expectancy,Male,Years,76.40560
4813001,Lac Ste. Anne County,2017,Life Expectancy,Male,Years,76.69768
4813001,Lac Ste. Anne County,2018,Life Expectancy,Male,Years,77.28275
4813001,Lac Ste. Anne County,2019,Life Expectancy,Male,Years,77.48682
4813001,Lac Ste. Anne County,2020,Life Expectancy,Male,Years,77.17261
4813001,Lac Ste. Anne County,2021,Life Expectancy,Male,Years,76.76784
4813001,Lac Ste. Anne County,2022,Life Expectancy,Male,Years,76.41553
4813001,Lac Ste. Anne County,2011,Life Expectancy,Both,Years,78.27107
4813001,Lac Ste. Anne County,2012,Life Expectancy,Both,Years,78.43846
4813001,Lac Ste. Anne County,2013,Life Expectancy,Both,Years,78.21571
4813001,Lac Ste. Anne County,2014,Life Expectancy,Both,Years,78.30259
4813001,Lac Ste. Anne County,2015,Life Expectancy,Both,Years,78.12300
4813001,Lac Ste. Anne County,2016,Life Expectancy,Both,Years,78.25191
4813001,Lac Ste. Anne County,2017,Life Expectancy,Both,Years,78.49708
4813001,Lac Ste. Anne County,2018,Life Expectancy,Both,Years,78.82187
4813001,Lac Ste. Anne County,2019,Life Expectancy,Both,Years,78.98475
4813001,Lac Ste. Anne County,2020,Life Expectancy,Both,Years,78.81715
4813001,Lac Ste. Anne County,2021,Life Expectancy,Both,Years,78.57909
4813001,Lac Ste. Anne County,2022,Life Expectancy,Both,Years,78.37180
4813002,Mayerthorpe,2011,Life Expectancy,Female,Years,79.90000
4813002,Mayerthorpe,2012,Life Expectancy,Female,Years,80.35000
4813002,Mayerthorpe,2013,Life Expectancy,Female,Years,80.10000
4813002,Mayerthorpe,2014,Life Expectancy,Female,Years,80.16000
4813002,Mayerthorpe,2015,Life Expectancy,Female,Years,79.74000
4813002,Mayerthorpe,2016,Life Expectancy,Female,Years,79.66000
4813002,Mayerthorpe,2017,Life Expectancy,Female,Years,79.55000
4813002,Mayerthorpe,2018,Life Expectancy,Female,Years,79.89000
4813002,Mayerthorpe,2019,Life Expectancy,Female,Years,79.63000
4813002,Mayerthorpe,2020,Life Expectancy,Female,Years,80.15000
4813002,Mayerthorpe,2021,Life Expectancy,Female,Years,80.28000
4813002,Mayerthorpe,2022,Life Expectancy,Female,Years,79.90000
4813002,Mayerthorpe,2011,Life Expectancy,Male,Years,74.59000
4813002,Mayerthorpe,2012,Life Expectancy,Male,Years,74.81000
4813002,Mayerthorpe,2013,Life Expectancy,Male,Years,74.65000
4813002,Mayerthorpe,2014,Life Expectancy,Male,Years,74.99000
4813002,Mayerthorpe,2015,Life Expectancy,Male,Years,75.14000
4813002,Mayerthorpe,2016,Life Expectancy,Male,Years,75.27000
4813002,Mayerthorpe,2017,Life Expectancy,Male,Years,75.39000
4813002,Mayerthorpe,2018,Life Expectancy,Male,Years,75.46000
4813002,Mayerthorpe,2019,Life Expectancy,Male,Years,75.65000
4813002,Mayerthorpe,2020,Life Expectancy,Male,Years,75.11000
4813002,Mayerthorpe,2021,Life Expectancy,Male,Years,74.74000
4813002,Mayerthorpe,2022,Life Expectancy,Male,Years,74.68000
4813002,Mayerthorpe,2011,Life Expectancy,Both,Years,76.97000
4813002,Mayerthorpe,2012,Life Expectancy,Both,Years,77.26000
4813002,Mayerthorpe,2013,Life Expectancy,Both,Years,77.06000
4813002,Mayerthorpe,2014,Life Expectancy,Both,Years,77.28000
4813002,Mayerthorpe,2015,Life Expectancy,Both,Years,77.16000
4813002,Mayerthorpe,2016,Life Expectancy,Both,Years,77.22000
4813002,Mayerthorpe,2017,Life Expectancy,Both,Years,77.22000
4813002,Mayerthorpe,2018,Life Expectancy,Both,Years,77.42000
4813002,Mayerthorpe,2019,Life Expectancy,Both,Years,77.40000
4813002,Mayerthorpe,2020,Life Expectancy,Both,Years,77.34000
4813002,Mayerthorpe,2021,Life Expectancy,Both,Years,77.22000
4813002,Mayerthorpe,2022,Life Expectancy,Both,Years,77.04000
4819048,Girouxville,2011,Life Expectancy,Female,Years,81.04000
4819048,Girouxville,2012,Life Expectancy,Female,Years,81.40000
4819048,Girouxville,2013,Life Expectancy,Female,Years,80.74000
4819048,Girouxville,2014,Life Expectancy,Female,Years,80.39000
4819048,Girouxville,2015,Life Expectancy,Female,Years,80.21000
4819048,Girouxville,2016,Life Expectancy,Female,Years,80.32000
4819048,Girouxville,2017,Life Expectancy,Female,Years,80.65000
4819048,Girouxville,2018,Life Expectancy,Female,Years,80.62000
4819048,Girouxville,2019,Life Expectancy,Female,Years,81.72000
4819048,Girouxville,2020,Life Expectancy,Female,Years,82.63000
4819048,Girouxville,2021,Life Expectancy,Female,Years,82.86000
4819048,Girouxville,2022,Life Expectancy,Female,Years,82.88000
4819048,Girouxville,2023,Life Expectancy,Female,Years,84.27000
4819048,Girouxville,2011,Life Expectancy,Male,Years,74.76000
4819048,Girouxville,2012,Life Expectancy,Male,Years,74.37000
4819048,Girouxville,2013,Life Expectancy,Male,Years,74.59000
4819048,Girouxville,2014,Life Expectancy,Male,Years,75.24000
4819048,Girouxville,2015,Life Expectancy,Male,Years,75.10000
4819048,Girouxville,2016,Life Expectancy,Male,Years,76.14000
4819048,Girouxville,2017,Life Expectancy,Male,Years,76.18000
4819048,Girouxville,2018,Life Expectancy,Male,Years,77.01000
4819048,Girouxville,2019,Life Expectancy,Male,Years,77.00000
4819048,Girouxville,2020,Life Expectancy,Male,Years,77.19000
4819048,Girouxville,2021,Life Expectancy,Male,Years,78.30000
4819048,Girouxville,2022,Life Expectancy,Male,Years,78.89000
4819048,Girouxville,2023,Life Expectancy,Male,Years,78.83000
4819048,Girouxville,2011,Life Expectancy,Both,Years,77.57000
4819048,Girouxville,2012,Life Expectancy,Both,Years,77.54000
4819048,Girouxville,2013,Life Expectancy,Both,Years,77.39000
4819048,Girouxville,2014,Life Expectancy,Both,Years,77.63000
4819048,Girouxville,2015,Life Expectancy,Both,Years,77.46000
4819048,Girouxville,2016,Life Expectancy,Both,Years,78.09000
4819048,Girouxville,2017,Life Expectancy,Both,Years,78.28000
4819048,Girouxville,2018,Life Expectancy,Both,Years,78.74000
4819048,Girouxville,2019,Life Expectancy,Both,Years,79.25000
4819048,Girouxville,2020,Life Expectancy,Both,Years,79.76000
4819048,Girouxville,2021,Life Expectancy,Both,Years,80.52000
4819048,Girouxville,2022,Life Expectancy,Both,Years,80.79000
4819048,Girouxville,2023,Life Expectancy,Both,Years,81.37000
4819049,Birch Hills County,2011,Life Expectancy,Female,Years,83.20000
4819049,Birch Hills County,2012,Life Expectancy,Female,Years,83.34000
4819049,Birch Hills County,2013,Life Expectancy,Female,Years,82.92000
4819049,Birch Hills County,2014,Life Expectancy,Female,Years,82.95000
4819049,Birch Hills County,2015,Life Expectancy,Female,Years,82.87000
4819049,Birch Hills County,2016,Life Expectancy,Female,Years,83.04000
4819049,Birch Hills County,2017,Life Expectancy,Female,Years,83.35000
4819049,Birch Hills County,2018,Life Expectancy,Female,Years,83.46000
4819049,Birch Hills County,2019,Life Expectancy,Female,Years,83.82000
4819049,Birch Hills County,2020,Life Expectancy,Female,Years,83.37000
4819049,Birch Hills County,2021,Life Expectancy,Female,Years,82.44000
4819049,Birch Hills County,2022,Life Expectancy,Female,Years,82.39000
4819049,Birch Hills County,2011,Life Expectancy,Male,Years,76.98000
4819049,Birch Hills County,2012,Life Expectancy,Male,Years,77.47000
4819049,Birch Hills County,2013,Life Expectancy,Male,Years,77.39000
4819049,Birch Hills County,2014,Life Expectancy,Male,Years,77.03000
4819049,Birch Hills County,2015,Life Expectancy,Male,Years,77.57000
4819049,Birch Hills County,2016,Life Expectancy,Male,Years,77.70000
4819049,Birch Hills County,2017,Life Expectancy,Male,Years,77.04000
4819049,Birch Hills County,2018,Life Expectancy,Male,Years,78.36000
4819049,Birch Hills County,2019,Life Expectancy,Male,Years,78.02000
4819049,Birch Hills County,2020,Life Expectancy,Male,Years,78.45000
4819049,Birch Hills County,2021,Life Expectancy,Male,Years,78.38000
4819049,Birch Hills County,2022,Life Expectancy,Male,Years,78.43000
4819049,Birch Hills County,2011,Life Expectancy,Both,Years,79.73000
4819049,Birch Hills County,2012,Life Expectancy,Both,Years,80.08000
4819049,Birch Hills County,2013,Life Expectancy,Both,Years,79.89000
4819049,Birch Hills County,2014,Life Expectancy,Both,Years,79.69000
4819049,Birch Hills County,2015,Life Expectancy,Both,Years,79.96000
4819049,Birch Hills County,2016,Life Expectancy,Both,Years,80.13000
4819049,Birch Hills County,2017,Life Expectancy,Both,Years,79.90000
4819049,Birch Hills County,2018,Life Expectancy,Both,Years,80.69000
4819049,Birch Hills County,2019,Life Expectancy,Both,Years,80.68000
4819049,Birch Hills County,2020,Life Expectancy,Both,Years,80.74000
4819049,Birch Hills County,2021,Life Expectancy,Both,Years,80.31000
4819049,Birch Hills County,2022,Life Expectancy,Both,Years,80.31000
4819056,Rycroft,2011,Life Expectancy,Female,Years,83.20000
4819056,Rycroft,2012,Life Expectancy,Female,Years,83.34000
4819056,Rycroft,2013,Life Expectancy,Female,Years,82.92000
4819056,Rycroft,2014,Life Expectancy,Female,Years,82.95000
4819056,Rycroft,2015,Life Expectancy,Female,Years,82.87000
4819056,Rycroft,2016,Life Expectancy,Female,Years,83.04000
4819056,Rycroft,2017,Life Expectancy,Female,Years,83.35000
4819056,Rycroft,2018,Life Expectancy,Female,Years,83.46000
4819056,Rycroft,2019,Life Expectancy,Female,Years,83.82000
4819056,Rycroft,2020,Life Expectancy,Female,Years,83.37000
4819056,Rycroft,2021,Life Expectancy,Female,Years,82.44000
4819056,Rycroft,2022,Life Expectancy,Female,Years,82.39000
4819056,Rycroft,2011,Life Expectancy,Male,Years,76.98000
4819056,Rycroft,2012,Life Expectancy,Male,Years,77.47000
4819056,Rycroft,2013,Life Expectancy,Male,Years,77.39000
4819056,Rycroft,2014,Life Expectancy,Male,Years,77.03000
4819056,Rycroft,2015,Life Expectancy,Male,Years,77.57000
4819056,Rycroft,2016,Life Expectancy,Male,Years,77.70000
4819056,Rycroft,2017,Life Expectancy,Male,Years,77.04000
4819056,Rycroft,2018,Life Expectancy,Male,Years,78.36000
4819056,Rycroft,2019,Life Expectancy,Male,Years,78.02000
4819056,Rycroft,2020,Life Expectancy,Male,Years,78.45000
4819056,Rycroft,2021,Life Expectancy,Male,Years,78.38000
4819056,Rycroft,2022,Life Expectancy,Male,Years,78.43000
4819056,Rycroft,2011,Life Expectancy,Both,Years,79.73000
4819056,Rycroft,2012,Life Expectancy,Both,Years,80.08000
4819056,Rycroft,2013,Life Expectancy,Both,Years,79.89000
4819056,Rycroft,2014,Life Expectancy,Both,Years,79.69000
4819056,Rycroft,2015,Life Expectancy,Both,Years,79.96000
4819056,Rycroft,2016,Life Expectancy,Both,Years,80.13000
4819056,Rycroft,2017,Life Expectancy,Both,Years,79.90000
4819056,Rycroft,2018,Life Expectancy,Both,Years,80.69000
4819056,Rycroft,2019,Life Expectancy,Both,Years,80.68000
4819056,Rycroft,2020,Life Expectancy,Both,Years,80.74000
4819056,Rycroft,2021,Life Expectancy,Both,Years,80.31000
4819056,Rycroft,2022,Life Expectancy,Both,Years,80.31000
4819058,Spirit River,2011,Life Expectancy,Female,Years,83.20000
4819058,Spirit River,2012,Life Expectancy,Female,Years,83.34000
4819058,Spirit River,2013,Life Expectancy,Female,Years,82.92000
4819058,Spirit River,2014,Life Expectancy,Female,Years,82.95000
4819058,Spirit River,2015,Life Expectancy,Female,Years,82.87000
4819058,Spirit River,2016,Life Expectancy,Female,Years,83.04000
4819058,Spirit River,2017,Life Expectancy,Female,Years,83.35000
4819058,Spirit River,2018,Life Expectancy,Female,Years,83.46000
4819058,Spirit River,2019,Life Expectancy,Female,Years,83.82000
4819058,Spirit River,2020,Life Expectancy,Female,Years,83.37000
4819058,Spirit River,2021,Life Expectancy,Female,Years,82.44000
4819058,Spirit River,2022,Life Expectancy,Female,Years,82.39000
4819058,Spirit River,2011,Life Expectancy,Male,Years,76.98000
4819058,Spirit River,2012,Life Expectancy,Male,Years,77.47000
4819058,Spirit River,2013,Life Expectancy,Male,Years,77.39000
4819058,Spirit River,2014,Life Expectancy,Male,Years,77.03000
4819058,Spirit River,2015,Life Expectancy,Male,Years,77.57000
4819058,Spirit River,2016,Life Expectancy,Male,Years,77.70000
4819058,Spirit River,2017,Life Expectancy,Male,Years,77.04000
4819058,Spirit River,2018,Life Expectancy,Male,Years,78.36000
4819058,Spirit River,2019,Life Expectancy,Male,Years,78.02000
4819058,Spirit River,2020,Life Expectancy,Male,Years,78.45000
4819058,Spirit River,2021,Life Expectancy,Male,Years,78.38000
4819058,Spirit River,2022,Life Expectancy,Male,Years,78.43000
4819058,Spirit River,2011,Life Expectancy,Both,Years,79.73000
4819058,Spirit River,2012,Life Expectancy,Both,Years,80.08000
4819058,Spirit River,2013,Life Expectancy,Both,Years,79.89000
4819058,Spirit River,2014,Life Expectancy,Both,Years,79.69000
4819058,Spirit River,2015,Life Expectancy,Both,Years,79.96000
4819058,Spirit River,2016,Life Expectancy,Both,Years,80.13000
4819058,Spirit River,2017,Life Expectancy,Both,Years,79.90000
4819058,Spirit River,2018,Life Expectancy,Both,Years,80.69000
4819058,Spirit River,2019,Life Expectancy,Both,Years,80.68000
4819058,Spirit River,2020,Life Expectancy,Both,Years,80.74000
4819058,Spirit River,2021,Life Expectancy,Both,Years,80.31000
4819058,Spirit River,2022,Life Expectancy,Both,Years,80.31000
4819059,Saddle Hills County,2011,Life Expectancy,Female,Years,83.20000
4819059,Saddle Hills County,2012,Life Expectancy,Female,Years,83.34000
4819059,Saddle Hills County,2013,Life Expectancy,Female,Years,82.92000
4819059,Saddle Hills County,2014,Life Expectancy,Female,Years,82.95000
4819059,Saddle Hills County,2015,Life Expectancy,Female,Years,82.87000
4819059,Saddle Hills County,2016,Life Expectancy,Female,Years,83.04000
4819059,Saddle Hills County,2017,Life Expectancy,Female,Years,83.35000
4819059,Saddle Hills County,2018,Life Expectancy,Female,Years,83.46000
4819059,Saddle Hills County,2019,Life Expectancy,Female,Years,83.82000
4819059,Saddle Hills County,2020,Life Expectancy,Female,Years,83.37000
4819059,Saddle Hills County,2021,Life Expectancy,Female,Years,82.44000
4819059,Saddle Hills County,2022,Life Expectancy,Female,Years,82.39000
4819059,Saddle Hills County,2023,Life Expectancy,Female,Years,82.77000
4819059,Saddle Hills County,2011,Life Expectancy,Male,Years,76.98000
4819059,Saddle Hills County,2012,Life Expectancy,Male,Years,77.47000
4819059,Saddle Hills County,2013,Life Expectancy,Male,Years,77.39000
4819059,Saddle Hills County,2014,Life Expectancy,Male,Years,77.03000
4819059,Saddle Hills County,2015,Life Expectancy,Male,Years,77.57000
4819059,Saddle Hills County,2016,Life Expectancy,Male,Years,77.70000
4819059,Saddle Hills County,2017,Life Expectancy,Male,Years,77.04000
4819059,Saddle Hills County,2018,Life Expectancy,Male,Years,78.36000
4819059,Saddle Hills County,2019,Life Expectancy,Male,Years,78.02000
4819059,Saddle Hills County,2020,Life Expectancy,Male,Years,78.45000
4819059,Saddle Hills County,2021,Life Expectancy,Male,Years,78.38000
4819059,Saddle Hills County,2022,Life Expectancy,Male,Years,78.43000
4819059,Saddle Hills County,2023,Life Expectancy,Male,Years,78.90000
4819059,Saddle Hills County,2011,Life Expectancy,Both,Years,79.73000
4819059,Saddle Hills County,2012,Life Expectancy,Both,Years,80.08000
4819059,Saddle Hills County,2013,Life Expectancy,Both,Years,79.89000
4819059,Saddle Hills County,2014,Life Expectancy,Both,Years,79.69000
4819059,Saddle Hills County,2015,Life Expectancy,Both,Years,79.96000
4819059,Saddle Hills County,2016,Life Expectancy,Both,Years,80.13000
4819059,Saddle Hills County,2017,Life Expectancy,Both,Years,79.90000
4819059,Saddle Hills County,2018,Life Expectancy,Both,Years,80.69000
4819059,Saddle Hills County,2019,Life Expectancy,Both,Years,80.68000
4819059,Saddle Hills County,2020,Life Expectancy,Both,Years,80.74000
4819059,Saddle Hills County,2021,Life Expectancy,Both,Years,80.31000
4819059,Saddle Hills County,2022,Life Expectancy,Both,Years,80.31000
4819059,Saddle Hills County,2023,Life Expectancy,Both,Years,80.72000
4819066,Fairview No. 136,2011,Life Expectancy,Female,Years,83.05000
4819066,Fairview No. 136,2012,Life Expectancy,Female,Years,83.20000
4819066,Fairview No. 136,2013,Life Expectancy,Female,Years,83.50000
4819066,Fairview No. 136,2014,Life Expectancy,Female,Years,83.03000
4819066,Fairview No. 136,2015,Life Expectancy,Female,Years,82.82000
4819066,Fairview No. 136,2016,Life Expectancy,Female,Years,82.73000
4819066,Fairview No. 136,2017,Life Expectancy,Female,Years,82.23000
4819066,Fairview No. 136,2018,Life Expectancy,Female,Years,82.77000
4819066,Fairview No. 136,2019,Life Expectancy,Female,Years,82.45000
4819066,Fairview No. 136,2020,Life Expectancy,Female,Years,82.69000
4819066,Fairview No. 136,2021,Life Expectancy,Female,Years,82.80000
4819066,Fairview No. 136,2022,Life Expectancy,Female,Years,81.61000
4819066,Fairview No. 136,2011,Life Expectancy,Male,Years,76.24000
4819066,Fairview No. 136,2012,Life Expectancy,Male,Years,76.12000
4819066,Fairview No. 136,2013,Life Expectancy,Male,Years,76.11000
4819066,Fairview No. 136,2014,Life Expectancy,Male,Years,75.89000
4819066,Fairview No. 136,2015,Life Expectancy,Male,Years,76.35000
4819066,Fairview No. 136,2016,Life Expectancy,Male,Years,76.49000
4819066,Fairview No. 136,2017,Life Expectancy,Male,Years,76.98000
4819066,Fairview No. 136,2018,Life Expectancy,Male,Years,77.46000
4819066,Fairview No. 136,2019,Life Expectancy,Male,Years,77.56000
4819066,Fairview No. 136,2020,Life Expectancy,Male,Years,77.95000
4819066,Fairview No. 136,2021,Life Expectancy,Male,Years,77.90000
4819066,Fairview No. 136,2022,Life Expectancy,Male,Years,77.75000
4819066,Fairview No. 136,2011,Life Expectancy,Both,Years,79.41000
4819066,Fairview No. 136,2012,Life Expectancy,Both,Years,79.39000
4819066,Fairview No. 136,2013,Life Expectancy,Both,Years,79.52000
4819066,Fairview No. 136,2014,Life Expectancy,Both,Years,79.20000
4819066,Fairview No. 136,2015,Life Expectancy,Both,Years,79.38000
4819066,Fairview No. 136,2016,Life Expectancy,Both,Years,79.40000
4819066,Fairview No. 136,2017,Life Expectancy,Both,Years,79.45000
4819066,Fairview No. 136,2018,Life Expectancy,Both,Years,79.94000
4819066,Fairview No. 136,2019,Life Expectancy,Both,Years,79.85000
4819066,Fairview No. 136,2020,Life Expectancy,Both,Years,80.20000
4819066,Fairview No. 136,2021,Life Expectancy,Both,Years,80.22000
4819066,Fairview No. 136,2022,Life Expectancy,Both,Years,79.62000
4819011,Wembley,2011,Life Expectancy,Female,Years,81.52000
4819011,Wembley,2012,Life Expectancy,Female,Years,81.76000
4819011,Wembley,2013,Life Expectancy,Female,Years,81.90000
4819011,Wembley,2014,Life Expectancy,Female,Years,82.13000
4819011,Wembley,2015,Life Expectancy,Female,Years,81.97000
4819011,Wembley,2016,Life Expectancy,Female,Years,82.15000
4819011,Wembley,2017,Life Expectancy,Female,Years,82.62000
4819011,Wembley,2018,Life Expectancy,Female,Years,83.04000
4819011,Wembley,2019,Life Expectancy,Female,Years,83.02000
4819011,Wembley,2020,Life Expectancy,Female,Years,82.75000
4819011,Wembley,2021,Life Expectancy,Female,Years,81.88000
4819011,Wembley,2022,Life Expectancy,Female,Years,81.59000
4819011,Wembley,2011,Life Expectancy,Male,Years,77.85000
4819011,Wembley,2012,Life Expectancy,Male,Years,78.23000
4819011,Wembley,2013,Life Expectancy,Male,Years,78.05000
4819011,Wembley,2014,Life Expectancy,Male,Years,78.18000
4819011,Wembley,2015,Life Expectancy,Male,Years,78.05000
4819011,Wembley,2016,Life Expectancy,Male,Years,77.44000
4819011,Wembley,2017,Life Expectancy,Male,Years,77.54000
4819011,Wembley,2018,Life Expectancy,Male,Years,77.30000
4819011,Wembley,2019,Life Expectancy,Male,Years,77.64000
4819011,Wembley,2020,Life Expectancy,Male,Years,77.75000
4819011,Wembley,2021,Life Expectancy,Male,Years,77.41000
4819011,Wembley,2022,Life Expectancy,Male,Years,77.64000
4819011,Wembley,2011,Life Expectancy,Both,Years,79.59000
4819011,Wembley,2012,Life Expectancy,Both,Years,79.91000
4819011,Wembley,2013,Life Expectancy,Both,Years,79.88000
4819011,Wembley,2014,Life Expectancy,Both,Years,80.06000
4819011,Wembley,2015,Life Expectancy,Both,Years,79.92000
4819011,Wembley,2016,Life Expectancy,Both,Years,79.66000
4819011,Wembley,2017,Life Expectancy,Both,Years,79.91000
4819011,Wembley,2018,Life Expectancy,Both,Years,79.92000
4819011,Wembley,2019,Life Expectancy,Both,Years,80.16000
4819011,Wembley,2020,Life Expectancy,Both,Years,80.10000
4819011,Wembley,2021,Life Expectancy,Both,Years,79.55000
4819011,Wembley,2022,Life Expectancy,Both,Years,79.55000
4819012,Grande Prairie,2011,Life Expectancy,Female,Years,81.81000
4819012,Grande Prairie,2012,Life Expectancy,Female,Years,81.92000
4819012,Grande Prairie,2013,Life Expectancy,Female,Years,81.98000
4819012,Grande Prairie,2014,Life Expectancy,Female,Years,82.11000
4819012,Grande Prairie,2015,Life Expectancy,Female,Years,82.15000
4819012,Grande Prairie,2016,Life Expectancy,Female,Years,82.41000
4819012,Grande Prairie,2017,Life Expectancy,Female,Years,82.23000
4819012,Grande Prairie,2018,Life Expectancy,Female,Years,82.11000
4819012,Grande Prairie,2019,Life Expectancy,Female,Years,82.07000
4819012,Grande Prairie,2020,Life Expectancy,Female,Years,82.28000
4819012,Grande Prairie,2021,Life Expectancy,Female,Years,81.99000
4819012,Grande Prairie,2022,Life Expectancy,Female,Years,81.75000
4819012,Grande Prairie,2023,Life Expectancy,Female,Years,81.52000
4819012,Grande Prairie,2011,Life Expectancy,Male,Years,77.88000
4819012,Grande Prairie,2012,Life Expectancy,Male,Years,77.73000
4819012,Grande Prairie,2013,Life Expectancy,Male,Years,77.88000
4819012,Grande Prairie,2014,Life Expectancy,Male,Years,78.02000
4819012,Grande Prairie,2015,Life Expectancy,Male,Years,78.07000
4819012,Grande Prairie,2016,Life Expectancy,Male,Years,78.14000
4819012,Grande Prairie,2017,Life Expectancy,Male,Years,77.85000
4819012,Grande Prairie,2018,Life Expectancy,Male,Years,77.83000
4819012,Grande Prairie,2019,Life Expectancy,Male,Years,77.91000
4819012,Grande Prairie,2020,Life Expectancy,Male,Years,77.70000
4819012,Grande Prairie,2021,Life Expectancy,Male,Years,77.31000
4819012,Grande Prairie,2022,Life Expectancy,Male,Years,77.07000
4819012,Grande Prairie,2023,Life Expectancy,Male,Years,76.96000
4819012,Grande Prairie,2011,Life Expectancy,Both,Years,79.86000
4819012,Grande Prairie,2012,Life Expectancy,Both,Years,79.81000
4819012,Grande Prairie,2013,Life Expectancy,Both,Years,79.91000
4819012,Grande Prairie,2014,Life Expectancy,Both,Years,80.04000
4819012,Grande Prairie,2015,Life Expectancy,Both,Years,80.09000
4819012,Grande Prairie,2016,Life Expectancy,Both,Years,80.26000
4819012,Grande Prairie,2017,Life Expectancy,Both,Years,80.02000
4819012,Grande Prairie,2018,Life Expectancy,Both,Years,79.95000
4819012,Grande Prairie,2019,Life Expectancy,Both,Years,79.98000
4819012,Grande Prairie,2020,Life Expectancy,Both,Years,79.96000
4819012,Grande Prairie,2021,Life Expectancy,Both,Years,79.60000
4819012,Grande Prairie,2022,Life Expectancy,Both,Years,79.36000
4819012,Grande Prairie,2023,Life Expectancy,Both,Years,79.18000
4819014,Sexsmith,2011,Life Expectancy,Female,Years,92.97000
4819014,Sexsmith,2012,Life Expectancy,Female,Years,89.07000
4819014,Sexsmith,2013,Life Expectancy,Female,Years,86.59000
4819014,Sexsmith,2014,Life Expectancy,Female,Years,85.62000
4819014,Sexsmith,2015,Life Expectancy,Female,Years,84.38000
4819014,Sexsmith,2016,Life Expectancy,Female,Years,84.45000
4819014,Sexsmith,2017,Life Expectancy,Female,Years,83.89000
4819014,Sexsmith,2018,Life Expectancy,Female,Years,84.34000
4819014,Sexsmith,2019,Life Expectancy,Female,Years,84.21000
4819014,Sexsmith,2020,Life Expectancy,Female,Years,84.20000
4819014,Sexsmith,2021,Life Expectancy,Female,Years,83.39000
4819014,Sexsmith,2022,Life Expectancy,Female,Years,83.34000
4819014,Sexsmith,2011,Life Expectancy,Male,Years,78.64000
4819014,Sexsmith,2012,Life Expectancy,Male,Years,78.53000
4819014,Sexsmith,2013,Life Expectancy,Male,Years,78.48000
4819014,Sexsmith,2014,Life Expectancy,Male,Years,79.08000
4819014,Sexsmith,2015,Life Expectancy,Male,Years,79.34000
4819014,Sexsmith,2016,Life Expectancy,Male,Years,79.71000
4819014,Sexsmith,2017,Life Expectancy,Male,Years,79.98000
4819014,Sexsmith,2018,Life Expectancy,Male,Years,79.49000
4819014,Sexsmith,2019,Life Expectancy,Male,Years,79.28000
4819014,Sexsmith,2020,Life Expectancy,Male,Years,79.56000
4819014,Sexsmith,2021,Life Expectancy,Male,Years,79.63000
4819014,Sexsmith,2022,Life Expectancy,Male,Years,79.85000
4819014,Sexsmith,2011,Life Expectancy,Both,Years,82.71000
4819014,Sexsmith,2012,Life Expectancy,Both,Years,81.89000
4819014,Sexsmith,2013,Life Expectancy,Both,Years,81.44000
4819014,Sexsmith,2014,Life Expectancy,Both,Years,81.64000
4819014,Sexsmith,2015,Life Expectancy,Both,Years,81.48000
4819014,Sexsmith,2016,Life Expectancy,Both,Years,81.72000
4819014,Sexsmith,2017,Life Expectancy,Both,Years,81.70000
4819014,Sexsmith,2018,Life Expectancy,Both,Years,81.52000
4819014,Sexsmith,2019,Life Expectancy,Both,Years,81.31000
4819014,Sexsmith,2020,Life Expectancy,Both,Years,81.49000
4819014,Sexsmith,2021,Life Expectancy,Both,Years,81.24000
4819014,Sexsmith,2022,Life Expectancy,Both,Years,81.41000
4819038,Peace River,2011,Life Expectancy,Female,Years,82.32000
4819038,Peace River,2012,Life Expectancy,Female,Years,82.04000
4819038,Peace River,2013,Life Expectancy,Female,Years,82.41000
4819038,Peace River,2014,Life Expectancy,Female,Years,82.29000
4819038,Peace River,2015,Life Expectancy,Female,Years,82.02000
4819038,Peace River,2016,Life Expectancy,Female,Years,81.70000
4819038,Peace River,2017,Life Expectancy,Female,Years,81.27000
4819038,Peace River,2018,Life Expectancy,Female,Years,80.80000
4819038,Peace River,2019,Life Expectancy,Female,Years,80.55000
4819038,Peace River,2020,Life Expectancy,Female,Years,79.91000
4819038,Peace River,2021,Life Expectancy,Female,Years,79.72000
4819038,Peace River,2022,Life Expectancy,Female,Years,79.83000
4819038,Peace River,2011,Life Expectancy,Male,Years,76.18000
4819038,Peace River,2012,Life Expectancy,Male,Years,76.23000
4819038,Peace River,2013,Life Expectancy,Male,Years,76.30000
4819038,Peace River,2014,Life Expectancy,Male,Years,76.31000
4819038,Peace River,2015,Life Expectancy,Male,Years,76.05000
4819038,Peace River,2016,Life Expectancy,Male,Years,75.88000
4819038,Peace River,2017,Life Expectancy,Male,Years,76.48000
4819038,Peace River,2018,Life Expectancy,Male,Years,76.55000
4819038,Peace River,2019,Life Expectancy,Male,Years,76.68000
4819038,Peace River,2020,Life Expectancy,Male,Years,76.30000
4819038,Peace River,2021,Life Expectancy,Male,Years,76.36000
4819038,Peace River,2022,Life Expectancy,Male,Years,76.14000
4819038,Peace River,2011,Life Expectancy,Both,Years,79.04000
4819038,Peace River,2012,Life Expectancy,Both,Years,78.94000
4819038,Peace River,2013,Life Expectancy,Both,Years,79.15000
4819038,Peace River,2014,Life Expectancy,Both,Years,79.10000
4819038,Peace River,2015,Life Expectancy,Both,Years,78.83000
4819038,Peace River,2016,Life Expectancy,Both,Years,78.59000
4819038,Peace River,2017,Life Expectancy,Both,Years,78.71000
4819038,Peace River,2018,Life Expectancy,Both,Years,78.52000
4819038,Peace River,2019,Life Expectancy,Both,Years,78.49000
4819038,Peace River,2020,Life Expectancy,Both,Years,77.99000
4819038,Peace River,2021,Life Expectancy,Both,Years,77.92000
4819038,Peace River,2022,Life Expectancy,Both,Years,77.84000
4817845,Hay Lake 209,2011,Life Expectancy,Female,Years,79.01000
4817845,Hay Lake 209,2012,Life Expectancy,Female,Years,79.01000
4817845,Hay Lake 209,2013,Life Expectancy,Female,Years,79.13000
4817845,Hay Lake 209,2014,Life Expectancy,Female,Years,79.33000
4817845,Hay Lake 209,2015,Life Expectancy,Female,Years,79.64000
4817845,Hay Lake 209,2016,Life Expectancy,Female,Years,79.79000
4817845,Hay Lake 209,2017,Life Expectancy,Female,Years,79.89000
4817845,Hay Lake 209,2018,Life Expectancy,Female,Years,79.70000
4817845,Hay Lake 209,2019,Life Expectancy,Female,Years,79.96000
4817845,Hay Lake 209,2020,Life Expectancy,Female,Years,79.60000
4817845,Hay Lake 209,2021,Life Expectancy,Female,Years,79.10000
4817845,Hay Lake 209,2022,Life Expectancy,Female,Years,78.94000
4817845,Hay Lake 209,2023,Life Expectancy,Female,Years,78.84000
4817845,Hay Lake 209,2011,Life Expectancy,Male,Years,74.27000
4817845,Hay Lake 209,2012,Life Expectancy,Male,Years,74.38000
4817845,Hay Lake 209,2013,Life Expectancy,Male,Years,74.63000
4817845,Hay Lake 209,2014,Life Expectancy,Male,Years,74.82000
4817845,Hay Lake 209,2015,Life Expectancy,Male,Years,75.00000
4817845,Hay Lake 209,2016,Life Expectancy,Male,Years,75.11000
4817845,Hay Lake 209,2017,Life Expectancy,Male,Years,75.42000
4817845,Hay Lake 209,2018,Life Expectancy,Male,Years,75.64000
4817845,Hay Lake 209,2019,Life Expectancy,Male,Years,75.60000
4817845,Hay Lake 209,2020,Life Expectancy,Male,Years,75.02000
4817845,Hay Lake 209,2021,Life Expectancy,Male,Years,74.09000
4817845,Hay Lake 209,2022,Life Expectancy,Male,Years,74.03000
4817845,Hay Lake 209,2023,Life Expectancy,Male,Years,73.71000
4817845,Hay Lake 209,2011,Life Expectancy,Both,Years,76.41000
4817845,Hay Lake 209,2012,Life Expectancy,Both,Years,76.49000
4817845,Hay Lake 209,2013,Life Expectancy,Both,Years,76.70000
4817845,Hay Lake 209,2014,Life Expectancy,Both,Years,76.87000
4817845,Hay Lake 209,2015,Life Expectancy,Both,Years,77.14000
4817845,Hay Lake 209,2016,Life Expectancy,Both,Years,77.27000
4817845,Hay Lake 209,2017,Life Expectancy,Both,Years,77.47000
4817845,Hay Lake 209,2018,Life Expectancy,Both,Years,77.50000
4817845,Hay Lake 209,2019,Life Expectancy,Both,Years,77.60000
4817845,Hay Lake 209,2020,Life Expectancy,Both,Years,77.14000
4817845,Hay Lake 209,2021,Life Expectancy,Both,Years,76.39000
4817845,Hay Lake 209,2022,Life Expectancy,Both,Years,76.32000
4817845,Hay Lake 209,2023,Life Expectancy,Both,Years,76.09000
4811024,Warburg,2011,Life Expectancy,Female,Years,85.26000
4811024,Warburg,2012,Life Expectancy,Female,Years,85.27000
4811024,Warburg,2013,Life Expectancy,Female,Years,84.96000
4811024,Warburg,2014,Life Expectancy,Female,Years,84.28000
4811024,Warburg,2015,Life Expectancy,Female,Years,84.48000
4811024,Warburg,2016,Life Expectancy,Female,Years,84.74000
4811024,Warburg,2017,Life Expectancy,Female,Years,85.09000
4811024,Warburg,2018,Life Expectancy,Female,Years,84.84000
4811024,Warburg,2019,Life Expectancy,Female,Years,84.11000
4811024,Warburg,2020,Life Expectancy,Female,Years,84.55000
4811024,Warburg,2021,Life Expectancy,Female,Years,84.36000
4811024,Warburg,2022,Life Expectancy,Female,Years,84.10000
4811024,Warburg,2011,Life Expectancy,Male,Years,78.27000
4811024,Warburg,2012,Life Expectancy,Male,Years,78.67000
4811024,Warburg,2013,Life Expectancy,Male,Years,78.69000
4811024,Warburg,2014,Life Expectancy,Male,Years,78.56000
4811024,Warburg,2015,Life Expectancy,Male,Years,78.76000
4811024,Warburg,2016,Life Expectancy,Male,Years,78.90000
4811024,Warburg,2017,Life Expectancy,Male,Years,78.53000
4811024,Warburg,2018,Life Expectancy,Male,Years,78.28000
4811024,Warburg,2019,Life Expectancy,Male,Years,78.23000
4811024,Warburg,2020,Life Expectancy,Male,Years,78.29000
4811024,Warburg,2021,Life Expectancy,Male,Years,78.22000
4811024,Warburg,2022,Life Expectancy,Male,Years,77.74000
4811024,Warburg,2011,Life Expectancy,Both,Years,81.38000
4811024,Warburg,2012,Life Expectancy,Both,Years,81.63000
4811024,Warburg,2013,Life Expectancy,Both,Years,81.57000
4811024,Warburg,2014,Life Expectancy,Both,Years,81.21000
4811024,Warburg,2015,Life Expectancy,Both,Years,81.39000
4811024,Warburg,2016,Life Expectancy,Both,Years,81.57000
4811024,Warburg,2017,Life Expectancy,Both,Years,81.49000
4811024,Warburg,2018,Life Expectancy,Both,Years,81.24000
4811024,Warburg,2019,Life Expectancy,Both,Years,80.88000
4811024,Warburg,2020,Life Expectancy,Both,Years,81.07000
4811024,Warburg,2021,Life Expectancy,Both,Years,80.98000
4811024,Warburg,2022,Life Expectancy,Both,Years,80.63000
4811026,Breton,2011,Life Expectancy,Female,Years,81.63000
4811026,Breton,2012,Life Expectancy,Female,Years,81.92000
4811026,Breton,2013,Life Expectancy,Female,Years,81.81000
4811026,Breton,2014,Life Expectancy,Female,Years,82.02000
4811026,Breton,2015,Life Expectancy,Female,Years,82.43000
4811026,Breton,2016,Life Expectancy,Female,Years,82.48000
4811026,Breton,2017,Life Expectancy,Female,Years,82.51000
4811026,Breton,2018,Life Expectancy,Female,Years,82.70000
4811026,Breton,2019,Life Expectancy,Female,Years,82.58000
4811026,Breton,2020,Life Expectancy,Female,Years,82.35000
4811026,Breton,2021,Life Expectancy,Female,Years,81.60000
4811026,Breton,2022,Life Expectancy,Female,Years,80.68000
4811026,Breton,2011,Life Expectancy,Male,Years,75.81000
4811026,Breton,2012,Life Expectancy,Male,Years,75.98000
4811026,Breton,2013,Life Expectancy,Male,Years,76.00000
4811026,Breton,2014,Life Expectancy,Male,Years,76.40000
4811026,Breton,2015,Life Expectancy,Male,Years,76.12000
4811026,Breton,2016,Life Expectancy,Male,Years,76.21000
4811026,Breton,2017,Life Expectancy,Male,Years,75.95000
4811026,Breton,2018,Life Expectancy,Male,Years,76.23000
4811026,Breton,2019,Life Expectancy,Male,Years,76.59000
4811026,Breton,2020,Life Expectancy,Male,Years,76.85000
4811026,Breton,2021,Life Expectancy,Male,Years,76.99000
4811026,Breton,2022,Life Expectancy,Male,Years,77.07000
4811026,Breton,2011,Life Expectancy,Both,Years,78.51000
4811026,Breton,2012,Life Expectancy,Both,Years,78.77000
4811026,Breton,2013,Life Expectancy,Both,Years,78.74000
4811026,Breton,2014,Life Expectancy,Both,Years,79.05000
4811026,Breton,2015,Life Expectancy,Both,Years,79.09000
4811026,Breton,2016,Life Expectancy,Both,Years,79.18000
4811026,Breton,2017,Life Expectancy,Both,Years,79.04000
4811026,Breton,2018,Life Expectancy,Both,Years,79.26000
4811026,Breton,2019,Life Expectancy,Both,Years,79.42000
4811026,Breton,2020,Life Expectancy,Both,Years,79.49000
4811026,Breton,2021,Life Expectancy,Both,Years,79.22000
4811026,Breton,2022,Life Expectancy,Both,Years,78.83000
4811031,Drayton Valley,2011,Life Expectancy,Female,Years,81.63000
4811031,Drayton Valley,2012,Life Expectancy,Female,Years,81.92000
4811031,Drayton Valley,2013,Life Expectancy,Female,Years,81.81000
4811031,Drayton Valley,2014,Life Expectancy,Female,Years,82.02000
4811031,Drayton Valley,2015,Life Expectancy,Female,Years,82.43000
4811031,Drayton Valley,2016,Life Expectancy,Female,Years,82.48000
4811031,Drayton Valley,2017,Life Expectancy,Female,Years,82.51000
4811031,Drayton Valley,2018,Life Expectancy,Female,Years,82.70000
4811031,Drayton Valley,2019,Life Expectancy,Female,Years,82.58000
4811031,Drayton Valley,2020,Life Expectancy,Female,Years,82.35000
4811031,Drayton Valley,2021,Life Expectancy,Female,Years,81.60000
4811031,Drayton Valley,2022,Life Expectancy,Female,Years,80.68000
4811031,Drayton Valley,2023,Life Expectancy,Female,Years,80.82000
4811031,Drayton Valley,2011,Life Expectancy,Male,Years,75.81000
4811031,Drayton Valley,2012,Life Expectancy,Male,Years,75.98000
4811031,Drayton Valley,2013,Life Expectancy,Male,Years,76.00000
4811031,Drayton Valley,2014,Life Expectancy,Male,Years,76.40000
4811031,Drayton Valley,2015,Life Expectancy,Male,Years,76.12000
4811031,Drayton Valley,2016,Life Expectancy,Male,Years,76.21000
4811031,Drayton Valley,2017,Life Expectancy,Male,Years,75.95000
4811031,Drayton Valley,2018,Life Expectancy,Male,Years,76.23000
4811031,Drayton Valley,2019,Life Expectancy,Male,Years,76.59000
4811031,Drayton Valley,2020,Life Expectancy,Male,Years,76.85000
4811031,Drayton Valley,2021,Life Expectancy,Male,Years,76.99000
4811031,Drayton Valley,2022,Life Expectancy,Male,Years,77.07000
4811031,Drayton Valley,2023,Life Expectancy,Male,Years,76.87000
4811031,Drayton Valley,2011,Life Expectancy,Both,Years,78.51000
4811031,Drayton Valley,2012,Life Expectancy,Both,Years,78.77000
4811031,Drayton Valley,2013,Life Expectancy,Both,Years,78.74000
4811031,Drayton Valley,2014,Life Expectancy,Both,Years,79.05000
4811031,Drayton Valley,2015,Life Expectancy,Both,Years,79.09000
4811031,Drayton Valley,2016,Life Expectancy,Both,Years,79.18000
4811031,Drayton Valley,2017,Life Expectancy,Both,Years,79.04000
4811031,Drayton Valley,2018,Life Expectancy,Both,Years,79.26000
4811031,Drayton Valley,2019,Life Expectancy,Both,Years,79.42000
4811031,Drayton Valley,2020,Life Expectancy,Both,Years,79.49000
4811031,Drayton Valley,2021,Life Expectancy,Both,Years,79.22000
4811031,Drayton Valley,2022,Life Expectancy,Both,Years,78.83000
4811031,Drayton Valley,2023,Life Expectancy,Both,Years,78.77000
4811032,Brazeau County,2011,Life Expectancy,Female,Years,81.63000
4811032,Brazeau County,2012,Life Expectancy,Female,Years,81.92000
4811032,Brazeau County,2013,Life Expectancy,Female,Years,81.81000
4811032,Brazeau County,2014,Life Expectancy,Female,Years,82.02000
4811032,Brazeau County,2015,Life Expectancy,Female,Years,82.43000
4811032,Brazeau County,2016,Life Expectancy,Female,Years,82.48000
4811032,Brazeau County,2017,Life Expectancy,Female,Years,82.51000
4811032,Brazeau County,2018,Life Expectancy,Female,Years,82.70000
4811032,Brazeau County,2019,Life Expectancy,Female,Years,82.58000
4811032,Brazeau County,2020,Life Expectancy,Female,Years,82.35000
4811032,Brazeau County,2021,Life Expectancy,Female,Years,81.60000
4811032,Brazeau County,2022,Life Expectancy,Female,Years,80.68000
4811032,Brazeau County,2011,Life Expectancy,Male,Years,75.81000
4811032,Brazeau County,2012,Life Expectancy,Male,Years,75.98000
4811032,Brazeau County,2013,Life Expectancy,Male,Years,76.00000
4811032,Brazeau County,2014,Life Expectancy,Male,Years,76.40000
4811032,Brazeau County,2015,Life Expectancy,Male,Years,76.12000
4811032,Brazeau County,2016,Life Expectancy,Male,Years,76.21000
4811032,Brazeau County,2017,Life Expectancy,Male,Years,75.95000
4811032,Brazeau County,2018,Life Expectancy,Male,Years,76.23000
4811032,Brazeau County,2019,Life Expectancy,Male,Years,76.59000
4811032,Brazeau County,2020,Life Expectancy,Male,Years,76.85000
4811032,Brazeau County,2021,Life Expectancy,Male,Years,76.99000
4811032,Brazeau County,2022,Life Expectancy,Male,Years,77.07000
4811032,Brazeau County,2011,Life Expectancy,Both,Years,78.51000
4811032,Brazeau County,2012,Life Expectancy,Both,Years,78.77000
4811032,Brazeau County,2013,Life Expectancy,Both,Years,78.74000
4811032,Brazeau County,2014,Life Expectancy,Both,Years,79.05000
4811032,Brazeau County,2015,Life Expectancy,Both,Years,79.09000
4811032,Brazeau County,2016,Life Expectancy,Both,Years,79.18000
4811032,Brazeau County,2017,Life Expectancy,Both,Years,79.04000
4811032,Brazeau County,2018,Life Expectancy,Both,Years,79.26000
4811032,Brazeau County,2019,Life Expectancy,Both,Years,79.42000
4811032,Brazeau County,2020,Life Expectancy,Both,Years,79.49000
4811032,Brazeau County,2021,Life Expectancy,Both,Years,79.22000
4811032,Brazeau County,2022,Life Expectancy,Both,Years,78.83000
4811034,Parkland County,2011,Life Expectancy,Female,Years,165.62242
4811034,Parkland County,2012,Life Expectancy,Female,Years,165.53647
4811034,Parkland County,2013,Life Expectancy,Female,Years,165.08865
4811034,Parkland County,2014,Life Expectancy,Female,Years,165.18296
4811034,Parkland County,2015,Life Expectancy,Female,Years,164.90581
4811034,Parkland County,2016,Life Expectancy,Female,Years,164.73082
4811034,Parkland County,2017,Life Expectancy,Female,Years,164.97031
4811034,Parkland County,2018,Life Expectancy,Female,Years,164.68827
4811034,Parkland County,2019,Life Expectancy,Female,Years,165.19736
4811034,Parkland County,2020,Life Expectancy,Female,Years,164.91553
4811034,Parkland County,2021,Life Expectancy,Female,Years,164.79359
4811034,Parkland County,2022,Life Expectancy,Female,Years,83.88003
4811034,Parkland County,2023,Life Expectancy,Female,Years,83.69000
4811034,Parkland County,2011,Life Expectancy,Male,Years,155.62988
4811034,Parkland County,2012,Life Expectancy,Male,Years,156.16820
4811034,Parkland County,2013,Life Expectancy,Male,Years,156.15139
4811034,Parkland County,2014,Life Expectancy,Male,Years,156.21581
4811034,Parkland County,2015,Life Expectancy,Male,Years,156.27193
4811034,Parkland County,2016,Life Expectancy,Male,Years,156.75637
4811034,Parkland County,2017,Life Expectancy,Male,Years,157.08733
4811034,Parkland County,2018,Life Expectancy,Male,Years,158.13324
4811034,Parkland County,2019,Life Expectancy,Male,Years,158.49257
4811034,Parkland County,2020,Life Expectancy,Male,Years,158.17868
4811034,Parkland County,2021,Life Expectancy,Male,Years,157.55584
4811034,Parkland County,2022,Life Expectancy,Male,Years,79.64784
4811034,Parkland County,2023,Life Expectancy,Male,Years,78.81000
4811034,Parkland County,2011,Life Expectancy,Both,Years,160.34775
4811034,Parkland County,2012,Life Expectancy,Both,Years,160.60806
4811034,Parkland County,2013,Life Expectancy,Both,Years,160.39893
4811034,Parkland County,2014,Life Expectancy,Both,Years,160.46699
4811034,Parkland County,2015,Life Expectancy,Both,Years,160.35973
4811034,Parkland County,2016,Life Expectancy,Both,Years,160.55441
4811034,Parkland County,2017,Life Expectancy,Both,Years,160.83826
4811034,Parkland County,2018,Life Expectancy,Both,Years,161.28074
4811034,Parkland County,2019,Life Expectancy,Both,Years,161.72691
4811034,Parkland County,2020,Life Expectancy,Both,Years,161.44683
4811034,Parkland County,2021,Life Expectancy,Both,Years,161.06098
4811034,Parkland County,2022,Life Expectancy,Both,Years,81.75409
4811034,Parkland County,2023,Life Expectancy,Both,Years,81.24000
4811038,Seba Beach,2011,Life Expectancy,Female,Years,81.96000
4811038,Seba Beach,2012,Life Expectancy,Female,Years,81.81000
4811038,Seba Beach,2013,Life Expectancy,Female,Years,81.41000
4811038,Seba Beach,2014,Life Expectancy,Female,Years,81.52000
4811038,Seba Beach,2015,Life Expectancy,Female,Years,81.16000
4811038,Seba Beach,2016,Life Expectancy,Female,Years,81.00000
4811038,Seba Beach,2017,Life Expectancy,Female,Years,81.24000
4811038,Seba Beach,2018,Life Expectancy,Female,Years,81.05000
4811038,Seba Beach,2019,Life Expectancy,Female,Years,81.30000
4811038,Seba Beach,2020,Life Expectancy,Female,Years,81.05000
4811038,Seba Beach,2021,Life Expectancy,Female,Years,80.91000
4811038,Seba Beach,2022,Life Expectancy,Female,Years,80.97000
4811038,Seba Beach,2023,Life Expectancy,Female,Years,81.17000
4811038,Seba Beach,2011,Life Expectancy,Male,Years,76.59000
4811038,Seba Beach,2012,Life Expectancy,Male,Years,76.88000
4811038,Seba Beach,2013,Life Expectancy,Male,Years,76.76000
4811038,Seba Beach,2014,Life Expectancy,Male,Years,76.69000
4811038,Seba Beach,2015,Life Expectancy,Male,Years,76.64000
4811038,Seba Beach,2016,Life Expectancy,Male,Years,77.07000
4811038,Seba Beach,2017,Life Expectancy,Male,Years,77.32000
4811038,Seba Beach,2018,Life Expectancy,Male,Years,78.12000
4811038,Seba Beach,2019,Life Expectancy,Male,Years,78.31000
4811038,Seba Beach,2020,Life Expectancy,Male,Years,78.09000
4811038,Seba Beach,2021,Life Expectancy,Male,Years,77.65000
4811038,Seba Beach,2022,Life Expectancy,Male,Years,77.16000
4811038,Seba Beach,2023,Life Expectancy,Male,Years,77.05000
4811038,Seba Beach,2011,Life Expectancy,Both,Years,79.01000
4811038,Seba Beach,2012,Life Expectancy,Both,Years,79.11000
4811038,Seba Beach,2013,Life Expectancy,Both,Years,78.87000
4811038,Seba Beach,2014,Life Expectancy,Both,Years,78.88000
4811038,Seba Beach,2015,Life Expectancy,Both,Years,78.68000
4811038,Seba Beach,2016,Life Expectancy,Both,Years,78.85000
4811038,Seba Beach,2017,Life Expectancy,Both,Years,79.10000
4811038,Seba Beach,2018,Life Expectancy,Both,Years,79.46000
4811038,Seba Beach,2019,Life Expectancy,Both,Years,79.69000
4811038,Seba Beach,2020,Life Expectancy,Both,Years,79.47000
4811038,Seba Beach,2021,Life Expectancy,Both,Years,79.17000
4811038,Seba Beach,2022,Life Expectancy,Both,Years,78.94000
4811038,Seba Beach,2023,Life Expectancy,Both,Years,78.97000
4810034,Mannville,2011,Life Expectancy,Female,Years,87.21000
4810034,Mannville,2012,Life Expectancy,Female,Years,87.22000
4810034,Mannville,2013,Life Expectancy,Female,Years,87.46000
4810034,Mannville,2014,Life Expectancy,Female,Years,87.66000
4810034,Mannville,2015,Life Expectancy,Female,Years,87.64000
4810034,Mannville,2016,Life Expectancy,Female,Years,88.11000
4810034,Mannville,2017,Life Expectancy,Female,Years,88.15000
4810034,Mannville,2018,Life Expectancy,Female,Years,88.18000
4810034,Mannville,2019,Life Expectancy,Female,Years,88.40000
4810034,Mannville,2020,Life Expectancy,Female,Years,88.65000
4810034,Mannville,2021,Life Expectancy,Female,Years,88.51000
4810034,Mannville,2022,Life Expectancy,Female,Years,88.55000
4810034,Mannville,2011,Life Expectancy,Male,Years,81.79000
4810034,Mannville,2012,Life Expectancy,Male,Years,81.50000
4810034,Mannville,2013,Life Expectancy,Male,Years,82.07000
4810034,Mannville,2014,Life Expectancy,Male,Years,82.33000
4810034,Mannville,2015,Life Expectancy,Male,Years,82.67000
4810034,Mannville,2016,Life Expectancy,Male,Years,83.02000
4810034,Mannville,2017,Life Expectancy,Male,Years,83.37000
4810034,Mannville,2018,Life Expectancy,Male,Years,83.98000
4810034,Mannville,2019,Life Expectancy,Male,Years,84.57000
4810034,Mannville,2020,Life Expectancy,Male,Years,84.52000
4810034,Mannville,2021,Life Expectancy,Male,Years,84.26000
4810034,Mannville,2022,Life Expectancy,Male,Years,84.35000
4810034,Mannville,2011,Life Expectancy,Both,Years,84.54000
4810034,Mannville,2012,Life Expectancy,Both,Years,84.39000
4810034,Mannville,2013,Life Expectancy,Both,Years,84.81000
4810034,Mannville,2014,Life Expectancy,Both,Years,85.05000
4810034,Mannville,2015,Life Expectancy,Both,Years,85.20000
4810034,Mannville,2016,Life Expectancy,Both,Years,85.62000
4810034,Mannville,2017,Life Expectancy,Both,Years,85.83000
4810034,Mannville,2018,Life Expectancy,Both,Years,86.14000
4810034,Mannville,2019,Life Expectancy,Both,Years,86.51000
4810034,Mannville,2020,Life Expectancy,Both,Years,86.63000
4810034,Mannville,2021,Life Expectancy,Both,Years,86.44000
4810034,Mannville,2022,Life Expectancy,Both,Years,86.50000
4810039,Lloydminster (Part),2011,Life Expectancy,Female,Years,87.21000
4810039,Lloydminster (Part),2012,Life Expectancy,Female,Years,87.22000
4810039,Lloydminster (Part),2013,Life Expectancy,Female,Years,87.46000
4810039,Lloydminster (Part),2014,Life Expectancy,Female,Years,87.66000
4810039,Lloydminster (Part),2015,Life Expectancy,Female,Years,87.64000
4810039,Lloydminster (Part),2016,Life Expectancy,Female,Years,88.11000
4810039,Lloydminster (Part),2017,Life Expectancy,Female,Years,88.15000
4810039,Lloydminster (Part),2018,Life Expectancy,Female,Years,88.18000
4810039,Lloydminster (Part),2019,Life Expectancy,Female,Years,88.40000
4810039,Lloydminster (Part),2020,Life Expectancy,Female,Years,88.65000
4810039,Lloydminster (Part),2021,Life Expectancy,Female,Years,88.51000
4810039,Lloydminster (Part),2022,Life Expectancy,Female,Years,88.55000
4810039,Lloydminster (Part),2011,Life Expectancy,Male,Years,81.79000
4810039,Lloydminster (Part),2012,Life Expectancy,Male,Years,81.50000
4810039,Lloydminster (Part),2013,Life Expectancy,Male,Years,82.07000
4810039,Lloydminster (Part),2014,Life Expectancy,Male,Years,82.33000
4810039,Lloydminster (Part),2015,Life Expectancy,Male,Years,82.67000
4810039,Lloydminster (Part),2016,Life Expectancy,Male,Years,83.02000
4810039,Lloydminster (Part),2017,Life Expectancy,Male,Years,83.37000
4810039,Lloydminster (Part),2018,Life Expectancy,Male,Years,83.98000
4810039,Lloydminster (Part),2019,Life Expectancy,Male,Years,84.57000
4810039,Lloydminster (Part),2020,Life Expectancy,Male,Years,84.52000
4810039,Lloydminster (Part),2021,Life Expectancy,Male,Years,84.26000
4810039,Lloydminster (Part),2022,Life Expectancy,Male,Years,84.35000
4810039,Lloydminster (Part),2011,Life Expectancy,Both,Years,84.54000
4810039,Lloydminster (Part),2012,Life Expectancy,Both,Years,84.39000
4810039,Lloydminster (Part),2013,Life Expectancy,Both,Years,84.81000
4810039,Lloydminster (Part),2014,Life Expectancy,Both,Years,85.05000
4810039,Lloydminster (Part),2015,Life Expectancy,Both,Years,85.20000
4810039,Lloydminster (Part),2016,Life Expectancy,Both,Years,85.62000
4810039,Lloydminster (Part),2017,Life Expectancy,Both,Years,85.83000
4810039,Lloydminster (Part),2018,Life Expectancy,Both,Years,86.14000
4810039,Lloydminster (Part),2019,Life Expectancy,Both,Years,86.51000
4810039,Lloydminster (Part),2020,Life Expectancy,Both,Years,86.63000
4810039,Lloydminster (Part),2021,Life Expectancy,Both,Years,86.44000
4810039,Lloydminster (Part),2022,Life Expectancy,Both,Years,86.50000
4810041,Kitscoty,2011,Life Expectancy,Female,Years,87.21000
4810041,Kitscoty,2012,Life Expectancy,Female,Years,87.22000
4810041,Kitscoty,2013,Life Expectancy,Female,Years,87.46000
4810041,Kitscoty,2014,Life Expectancy,Female,Years,87.66000
4810041,Kitscoty,2015,Life Expectancy,Female,Years,87.64000
4810041,Kitscoty,2016,Life Expectancy,Female,Years,88.11000
4810041,Kitscoty,2017,Life Expectancy,Female,Years,88.15000
4810041,Kitscoty,2018,Life Expectancy,Female,Years,88.18000
4810041,Kitscoty,2019,Life Expectancy,Female,Years,88.40000
4810041,Kitscoty,2020,Life Expectancy,Female,Years,88.65000
4810041,Kitscoty,2021,Life Expectancy,Female,Years,88.51000
4810041,Kitscoty,2022,Life Expectancy,Female,Years,88.55000
4810041,Kitscoty,2011,Life Expectancy,Male,Years,81.79000
4810041,Kitscoty,2012,Life Expectancy,Male,Years,81.50000
4810041,Kitscoty,2013,Life Expectancy,Male,Years,82.07000
4810041,Kitscoty,2014,Life Expectancy,Male,Years,82.33000
4810041,Kitscoty,2015,Life Expectancy,Male,Years,82.67000
4810041,Kitscoty,2016,Life Expectancy,Male,Years,83.02000
4810041,Kitscoty,2017,Life Expectancy,Male,Years,83.37000
4810041,Kitscoty,2018,Life Expectancy,Male,Years,83.98000
4810041,Kitscoty,2019,Life Expectancy,Male,Years,84.57000
4810041,Kitscoty,2020,Life Expectancy,Male,Years,84.52000
4810041,Kitscoty,2021,Life Expectancy,Male,Years,84.26000
4810041,Kitscoty,2022,Life Expectancy,Male,Years,84.35000
4810041,Kitscoty,2011,Life Expectancy,Both,Years,84.54000
4810041,Kitscoty,2012,Life Expectancy,Both,Years,84.39000
4810041,Kitscoty,2013,Life Expectancy,Both,Years,84.81000
4810041,Kitscoty,2014,Life Expectancy,Both,Years,85.05000
4810041,Kitscoty,2015,Life Expectancy,Both,Years,85.20000
4810041,Kitscoty,2016,Life Expectancy,Both,Years,85.62000
4810041,Kitscoty,2017,Life Expectancy,Both,Years,85.83000
4810041,Kitscoty,2018,Life Expectancy,Both,Years,86.14000
4810041,Kitscoty,2019,Life Expectancy,Both,Years,86.51000
4810041,Kitscoty,2020,Life Expectancy,Both,Years,86.63000
4810041,Kitscoty,2021,Life Expectancy,Both,Years,86.44000
4810041,Kitscoty,2022,Life Expectancy,Both,Years,86.50000
4811044,Kapasiwin,2011,Life Expectancy,Female,Years,81.96000
4811044,Kapasiwin,2012,Life Expectancy,Female,Years,81.81000
4811044,Kapasiwin,2013,Life Expectancy,Female,Years,81.41000
4811044,Kapasiwin,2014,Life Expectancy,Female,Years,81.52000
4811044,Kapasiwin,2015,Life Expectancy,Female,Years,81.16000
4811044,Kapasiwin,2016,Life Expectancy,Female,Years,81.00000
4811044,Kapasiwin,2017,Life Expectancy,Female,Years,81.24000
4811044,Kapasiwin,2018,Life Expectancy,Female,Years,81.05000
4811044,Kapasiwin,2019,Life Expectancy,Female,Years,81.30000
4811044,Kapasiwin,2020,Life Expectancy,Female,Years,81.05000
4811044,Kapasiwin,2021,Life Expectancy,Female,Years,80.91000
4811044,Kapasiwin,2022,Life Expectancy,Female,Years,80.97000
4811044,Kapasiwin,2011,Life Expectancy,Male,Years,76.59000
4811044,Kapasiwin,2012,Life Expectancy,Male,Years,76.88000
4811044,Kapasiwin,2013,Life Expectancy,Male,Years,76.76000
4811044,Kapasiwin,2014,Life Expectancy,Male,Years,76.69000
4811044,Kapasiwin,2015,Life Expectancy,Male,Years,76.64000
4811044,Kapasiwin,2016,Life Expectancy,Male,Years,77.07000
4811044,Kapasiwin,2017,Life Expectancy,Male,Years,77.32000
4811044,Kapasiwin,2018,Life Expectancy,Male,Years,78.12000
4811044,Kapasiwin,2019,Life Expectancy,Male,Years,78.31000
4811044,Kapasiwin,2020,Life Expectancy,Male,Years,78.09000
4811044,Kapasiwin,2021,Life Expectancy,Male,Years,77.65000
4811044,Kapasiwin,2022,Life Expectancy,Male,Years,77.16000
4811044,Kapasiwin,2011,Life Expectancy,Both,Years,79.01000
4811044,Kapasiwin,2012,Life Expectancy,Both,Years,79.11000
4811044,Kapasiwin,2013,Life Expectancy,Both,Years,78.87000
4811044,Kapasiwin,2014,Life Expectancy,Both,Years,78.88000
4811044,Kapasiwin,2015,Life Expectancy,Both,Years,78.68000
4811044,Kapasiwin,2016,Life Expectancy,Both,Years,78.85000
4811044,Kapasiwin,2017,Life Expectancy,Both,Years,79.10000
4811044,Kapasiwin,2018,Life Expectancy,Both,Years,79.46000
4811044,Kapasiwin,2019,Life Expectancy,Both,Years,79.69000
4811044,Kapasiwin,2020,Life Expectancy,Both,Years,79.47000
4811044,Kapasiwin,2021,Life Expectancy,Both,Years,79.17000
4811044,Kapasiwin,2022,Life Expectancy,Both,Years,78.94000
4811046,Spring Lake,2011,Life Expectancy,Female,Years,81.96000
4811046,Spring Lake,2012,Life Expectancy,Female,Years,81.81000
4811046,Spring Lake,2013,Life Expectancy,Female,Years,81.41000
4811046,Spring Lake,2014,Life Expectancy,Female,Years,81.52000
4811046,Spring Lake,2015,Life Expectancy,Female,Years,81.16000
4811046,Spring Lake,2016,Life Expectancy,Female,Years,81.00000
4811046,Spring Lake,2017,Life Expectancy,Female,Years,81.24000
4811046,Spring Lake,2018,Life Expectancy,Female,Years,81.05000
4811046,Spring Lake,2019,Life Expectancy,Female,Years,81.30000
4811046,Spring Lake,2020,Life Expectancy,Female,Years,81.05000
4811046,Spring Lake,2021,Life Expectancy,Female,Years,80.91000
4811046,Spring Lake,2022,Life Expectancy,Female,Years,80.97000
4811046,Spring Lake,2011,Life Expectancy,Male,Years,76.59000
4811046,Spring Lake,2012,Life Expectancy,Male,Years,76.88000
4811046,Spring Lake,2013,Life Expectancy,Male,Years,76.76000
4811046,Spring Lake,2014,Life Expectancy,Male,Years,76.69000
4811046,Spring Lake,2015,Life Expectancy,Male,Years,76.64000
4811046,Spring Lake,2016,Life Expectancy,Male,Years,77.07000
4811046,Spring Lake,2017,Life Expectancy,Male,Years,77.32000
4811046,Spring Lake,2018,Life Expectancy,Male,Years,78.12000
4811046,Spring Lake,2019,Life Expectancy,Male,Years,78.31000
4811046,Spring Lake,2020,Life Expectancy,Male,Years,78.09000
4811046,Spring Lake,2021,Life Expectancy,Male,Years,77.65000
4811046,Spring Lake,2022,Life Expectancy,Male,Years,77.16000
4811046,Spring Lake,2011,Life Expectancy,Both,Years,79.01000
4811046,Spring Lake,2012,Life Expectancy,Both,Years,79.11000
4811046,Spring Lake,2013,Life Expectancy,Both,Years,78.87000
4811046,Spring Lake,2014,Life Expectancy,Both,Years,78.88000
4811046,Spring Lake,2015,Life Expectancy,Both,Years,78.68000
4811046,Spring Lake,2016,Life Expectancy,Both,Years,78.85000
4811046,Spring Lake,2017,Life Expectancy,Both,Years,79.10000
4811046,Spring Lake,2018,Life Expectancy,Both,Years,79.46000
4811046,Spring Lake,2019,Life Expectancy,Both,Years,79.69000
4811046,Spring Lake,2020,Life Expectancy,Both,Years,79.47000
4811046,Spring Lake,2021,Life Expectancy,Both,Years,79.17000
4811046,Spring Lake,2022,Life Expectancy,Both,Years,78.94000
4811048,Stony Plain,2011,Life Expectancy,Female,Years,82.75179
4811048,Stony Plain,2012,Life Expectancy,Female,Years,82.75697
4811048,Stony Plain,2013,Life Expectancy,Female,Years,82.58623
4811048,Stony Plain,2014,Life Expectancy,Female,Years,82.71285
4811048,Stony Plain,2015,Life Expectancy,Female,Years,82.68181
4811048,Stony Plain,2016,Life Expectancy,Female,Years,82.58078
4811048,Stony Plain,2017,Life Expectancy,Female,Years,82.50871
4811048,Stony Plain,2018,Life Expectancy,Female,Years,82.46865
4811048,Stony Plain,2019,Life Expectancy,Female,Years,82.68131
4811048,Stony Plain,2020,Life Expectancy,Female,Years,82.62939
4811048,Stony Plain,2021,Life Expectancy,Female,Years,82.55442
4811048,Stony Plain,2022,Life Expectancy,Female,Years,82.64959
4811048,Stony Plain,2011,Life Expectancy,Male,Years,77.58202
4811048,Stony Plain,2012,Life Expectancy,Male,Years,77.84282
4811048,Stony Plain,2013,Life Expectancy,Male,Years,78.00602
4811048,Stony Plain,2014,Life Expectancy,Male,Years,78.15265
4811048,Stony Plain,2015,Life Expectancy,Male,Years,78.28791
4811048,Stony Plain,2016,Life Expectancy,Male,Years,78.45425
4811048,Stony Plain,2017,Life Expectancy,Male,Years,78.47689
4811048,Stony Plain,2018,Life Expectancy,Male,Years,78.93513
4811048,Stony Plain,2019,Life Expectancy,Male,Years,79.02003
4811048,Stony Plain,2020,Life Expectancy,Male,Years,78.91704
4811048,Stony Plain,2021,Life Expectancy,Male,Years,78.62826
4811048,Stony Plain,2022,Life Expectancy,Male,Years,78.24632
4811048,Stony Plain,2011,Life Expectancy,Both,Years,80.05247
4811048,Stony Plain,2012,Life Expectancy,Both,Years,80.20689
4811048,Stony Plain,2013,Life Expectancy,Both,Years,80.21835
4811048,Stony Plain,2014,Life Expectancy,Both,Years,80.34105
4811048,Stony Plain,2015,Life Expectancy,Both,Years,80.40603
4811048,Stony Plain,2016,Life Expectancy,Both,Years,80.43916
4811048,Stony Plain,2017,Life Expectancy,Both,Years,80.40777
4811048,Stony Plain,2018,Life Expectancy,Both,Years,80.64038
4811048,Stony Plain,2019,Life Expectancy,Both,Years,80.79506
4811048,Stony Plain,2020,Life Expectancy,Both,Years,80.73832
4811048,Stony Plain,2021,Life Expectancy,Both,Years,80.55005
4811048,Stony Plain,2022,Life Expectancy,Both,Years,80.39233
4811049,Spruce Grove,2011,Life Expectancy,Female,Years,83.19000
4811049,Spruce Grove,2012,Life Expectancy,Female,Years,83.26000
4811049,Spruce Grove,2013,Life Expectancy,Female,Years,83.19000
4811049,Spruce Grove,2014,Life Expectancy,Female,Years,83.31000
4811049,Spruce Grove,2015,Life Expectancy,Female,Years,83.41000
4811049,Spruce Grove,2016,Life Expectancy,Female,Years,83.32000
4811049,Spruce Grove,2017,Life Expectancy,Female,Years,83.27000
4811049,Spruce Grove,2018,Life Expectancy,Female,Years,83.34000
4811049,Spruce Grove,2019,Life Expectancy,Female,Years,83.53000
4811049,Spruce Grove,2020,Life Expectancy,Female,Years,83.59000
4811049,Spruce Grove,2021,Life Expectancy,Female,Years,83.55000
4811049,Spruce Grove,2022,Life Expectancy,Female,Years,83.67000
4811049,Spruce Grove,2011,Life Expectancy,Male,Years,78.17000
4811049,Spruce Grove,2012,Life Expectancy,Male,Years,78.39000
4811049,Spruce Grove,2013,Life Expectancy,Male,Years,78.70000
4811049,Spruce Grove,2014,Life Expectancy,Male,Years,78.94000
4811049,Spruce Grove,2015,Life Expectancy,Male,Years,79.13000
4811049,Spruce Grove,2016,Life Expectancy,Male,Years,79.15000
4811049,Spruce Grove,2017,Life Expectancy,Male,Years,79.22000
4811049,Spruce Grove,2018,Life Expectancy,Male,Years,79.47000
4811049,Spruce Grove,2019,Life Expectancy,Male,Years,79.49000
4811049,Spruce Grove,2020,Life Expectancy,Male,Years,79.46000
4811049,Spruce Grove,2021,Life Expectancy,Male,Years,79.27000
4811049,Spruce Grove,2022,Life Expectancy,Male,Years,78.96000
4811049,Spruce Grove,2011,Life Expectancy,Both,Years,80.65000
4811049,Spruce Grove,2012,Life Expectancy,Both,Years,80.81000
4811049,Spruce Grove,2013,Life Expectancy,Both,Years,80.94000
4811049,Spruce Grove,2014,Life Expectancy,Both,Years,81.10000
4811049,Spruce Grove,2015,Life Expectancy,Both,Years,81.26000
4811049,Spruce Grove,2016,Life Expectancy,Both,Years,81.21000
4811049,Spruce Grove,2017,Life Expectancy,Both,Years,81.22000
4811049,Spruce Grove,2018,Life Expectancy,Both,Years,81.39000
4811049,Spruce Grove,2019,Life Expectancy,Both,Years,81.50000
4811049,Spruce Grove,2020,Life Expectancy,Both,Years,81.54000
4811049,Spruce Grove,2021,Life Expectancy,Both,Years,81.42000
4811049,Spruce Grove,2022,Life Expectancy,Both,Years,81.31000
4811052,Strathcona County,2011,Life Expectancy,Female,Years,83.25700
4811052,Strathcona County,2012,Life Expectancy,Female,Years,83.37812
4811052,Strathcona County,2013,Life Expectancy,Female,Years,83.52807
4811052,Strathcona County,2014,Life Expectancy,Female,Years,83.65769
4811052,Strathcona County,2015,Life Expectancy,Female,Years,83.82346
4811052,Strathcona County,2016,Life Expectancy,Female,Years,84.05742
4811052,Strathcona County,2017,Life Expectancy,Female,Years,84.24955
4811052,Strathcona County,2018,Life Expectancy,Female,Years,84.34340
4811052,Strathcona County,2019,Life Expectancy,Female,Years,84.57417
4811052,Strathcona County,2020,Life Expectancy,Female,Years,84.56319
4811052,Strathcona County,2021,Life Expectancy,Female,Years,84.66595
4811052,Strathcona County,2022,Life Expectancy,Female,Years,84.60467
4811052,Strathcona County,2023,Life Expectancy,Female,Years,85.37000
4811052,Strathcona County,2011,Life Expectancy,Male,Years,79.27276
4811052,Strathcona County,2012,Life Expectancy,Male,Years,79.47984
4811052,Strathcona County,2013,Life Expectancy,Male,Years,79.64139
4811052,Strathcona County,2014,Life Expectancy,Male,Years,79.72522
4811052,Strathcona County,2015,Life Expectancy,Male,Years,79.89912
4811052,Strathcona County,2016,Life Expectancy,Male,Years,79.96532
4811052,Strathcona County,2017,Life Expectancy,Male,Years,79.96399
4811052,Strathcona County,2018,Life Expectancy,Male,Years,80.05563
4811052,Strathcona County,2019,Life Expectancy,Male,Years,80.20005
4811052,Strathcona County,2020,Life Expectancy,Male,Years,80.13836
4811052,Strathcona County,2021,Life Expectancy,Male,Years,79.87314
4811052,Strathcona County,2022,Life Expectancy,Male,Years,79.74673
4811052,Strathcona County,2023,Life Expectancy,Male,Years,81.11000
4811052,Strathcona County,2011,Life Expectancy,Both,Years,81.34619
4811052,Strathcona County,2012,Life Expectancy,Both,Years,81.50375
4811052,Strathcona County,2013,Life Expectancy,Both,Years,81.65852
4811052,Strathcona County,2014,Life Expectancy,Both,Years,81.76108
4811052,Strathcona County,2015,Life Expectancy,Both,Years,81.93488
4811052,Strathcona County,2016,Life Expectancy,Both,Years,82.07863
4811052,Strathcona County,2017,Life Expectancy,Both,Years,82.15874
4811052,Strathcona County,2018,Life Expectancy,Both,Years,82.24099
4811052,Strathcona County,2019,Life Expectancy,Both,Years,82.42040
4811052,Strathcona County,2020,Life Expectancy,Both,Years,82.37883
4811052,Strathcona County,2021,Life Expectancy,Both,Years,82.27821
4811052,Strathcona County,2022,Life Expectancy,Both,Years,82.17186
4811052,Strathcona County,2023,Life Expectancy,Both,Years,83.27000
4811059,Sturgeon County,2011,Life Expectancy,Female,Years,81.52474
4811059,Sturgeon County,2012,Life Expectancy,Female,Years,81.60929
4811059,Sturgeon County,2013,Life Expectancy,Female,Years,81.47118
4811059,Sturgeon County,2014,Life Expectancy,Female,Years,81.59267
4811059,Sturgeon County,2015,Life Expectancy,Female,Years,81.59003
4811059,Sturgeon County,2016,Life Expectancy,Female,Years,81.39132
4811059,Sturgeon County,2017,Life Expectancy,Female,Years,81.47149
4811059,Sturgeon County,2018,Life Expectancy,Female,Years,81.39443
4811059,Sturgeon County,2019,Life Expectancy,Female,Years,81.55642
4811059,Sturgeon County,2020,Life Expectancy,Female,Years,81.57159
4811059,Sturgeon County,2021,Life Expectancy,Female,Years,81.54239
4811059,Sturgeon County,2022,Life Expectancy,Female,Years,81.44741
4811059,Sturgeon County,2023,Life Expectancy,Female,Years,82.10000
4811059,Sturgeon County,2011,Life Expectancy,Male,Years,76.31088
4811059,Sturgeon County,2012,Life Expectancy,Male,Years,76.67429
4811059,Sturgeon County,2013,Life Expectancy,Male,Years,76.68369
4811059,Sturgeon County,2014,Life Expectancy,Male,Years,76.85368
4811059,Sturgeon County,2015,Life Expectancy,Male,Years,76.88104
4811059,Sturgeon County,2016,Life Expectancy,Male,Years,77.26718
4811059,Sturgeon County,2017,Life Expectancy,Male,Years,77.48653
4811059,Sturgeon County,2018,Life Expectancy,Male,Years,77.76829
4811059,Sturgeon County,2019,Life Expectancy,Male,Years,77.99380
4811059,Sturgeon County,2020,Life Expectancy,Male,Years,77.83771
4811059,Sturgeon County,2021,Life Expectancy,Male,Years,77.63581
4811059,Sturgeon County,2022,Life Expectancy,Male,Years,77.28984
4811059,Sturgeon County,2023,Life Expectancy,Male,Years,76.17000
4811059,Sturgeon County,2011,Life Expectancy,Both,Years,78.72680
4811059,Sturgeon County,2012,Life Expectancy,Both,Years,78.96315
4811059,Sturgeon County,2013,Life Expectancy,Both,Years,78.89563
4811059,Sturgeon County,2014,Life Expectancy,Both,Years,79.03682
4811059,Sturgeon County,2015,Life Expectancy,Both,Years,79.04886
4811059,Sturgeon County,2016,Life Expectancy,Both,Years,79.17469
4811059,Sturgeon County,2017,Life Expectancy,Both,Years,79.32531
4811059,Sturgeon County,2018,Life Expectancy,Both,Years,79.44253
4811059,Sturgeon County,2019,Life Expectancy,Both,Years,79.63738
4811059,Sturgeon County,2020,Life Expectancy,Both,Years,79.56936
4811059,Sturgeon County,2021,Life Expectancy,Both,Years,79.45321
4811059,Sturgeon County,2022,Life Expectancy,Both,Years,79.23062
4811059,Sturgeon County,2023,Life Expectancy,Both,Years,78.87000
4817095,Mackenzie County,2011,Life Expectancy,Female,Years,79.01000
4817095,Mackenzie County,2012,Life Expectancy,Female,Years,79.01000
4817095,Mackenzie County,2013,Life Expectancy,Female,Years,79.13000
4817095,Mackenzie County,2014,Life Expectancy,Female,Years,79.33000
4817095,Mackenzie County,2015,Life Expectancy,Female,Years,79.64000
4817095,Mackenzie County,2016,Life Expectancy,Female,Years,79.79000
4817095,Mackenzie County,2017,Life Expectancy,Female,Years,79.89000
4817095,Mackenzie County,2018,Life Expectancy,Female,Years,79.70000
4817095,Mackenzie County,2019,Life Expectancy,Female,Years,79.96000
4817095,Mackenzie County,2020,Life Expectancy,Female,Years,79.60000
4817095,Mackenzie County,2021,Life Expectancy,Female,Years,79.10000
4817095,Mackenzie County,2022,Life Expectancy,Female,Years,78.94000
4817095,Mackenzie County,2011,Life Expectancy,Male,Years,74.27000
4817095,Mackenzie County,2012,Life Expectancy,Male,Years,74.38000
4817095,Mackenzie County,2013,Life Expectancy,Male,Years,74.63000
4817095,Mackenzie County,2014,Life Expectancy,Male,Years,74.82000
4817095,Mackenzie County,2015,Life Expectancy,Male,Years,75.00000
4817095,Mackenzie County,2016,Life Expectancy,Male,Years,75.11000
4817095,Mackenzie County,2017,Life Expectancy,Male,Years,75.42000
4817095,Mackenzie County,2018,Life Expectancy,Male,Years,75.64000
4817095,Mackenzie County,2019,Life Expectancy,Male,Years,75.60000
4817095,Mackenzie County,2020,Life Expectancy,Male,Years,75.02000
4817095,Mackenzie County,2021,Life Expectancy,Male,Years,74.09000
4817095,Mackenzie County,2022,Life Expectancy,Male,Years,74.03000
4817095,Mackenzie County,2011,Life Expectancy,Both,Years,76.41000
4817095,Mackenzie County,2012,Life Expectancy,Both,Years,76.49000
4817095,Mackenzie County,2013,Life Expectancy,Both,Years,76.70000
4817095,Mackenzie County,2014,Life Expectancy,Both,Years,76.87000
4817095,Mackenzie County,2015,Life Expectancy,Both,Years,77.14000
4817095,Mackenzie County,2016,Life Expectancy,Both,Years,77.27000
4817095,Mackenzie County,2017,Life Expectancy,Both,Years,77.47000
4817095,Mackenzie County,2018,Life Expectancy,Both,Years,77.50000
4817095,Mackenzie County,2019,Life Expectancy,Both,Years,77.60000
4817095,Mackenzie County,2020,Life Expectancy,Both,Years,77.14000
4817095,Mackenzie County,2021,Life Expectancy,Both,Years,76.39000
4817095,Mackenzie County,2022,Life Expectancy,Both,Years,76.32000
4817097,Rainbow Lake,2011,Life Expectancy,Female,Years,79.01000
4817097,Rainbow Lake,2012,Life Expectancy,Female,Years,79.01000
4817097,Rainbow Lake,2013,Life Expectancy,Female,Years,79.13000
4817097,Rainbow Lake,2014,Life Expectancy,Female,Years,79.33000
4817097,Rainbow Lake,2015,Life Expectancy,Female,Years,79.64000
4817097,Rainbow Lake,2016,Life Expectancy,Female,Years,79.79000
4817097,Rainbow Lake,2017,Life Expectancy,Female,Years,79.89000
4817097,Rainbow Lake,2018,Life Expectancy,Female,Years,79.70000
4817097,Rainbow Lake,2019,Life Expectancy,Female,Years,79.96000
4817097,Rainbow Lake,2020,Life Expectancy,Female,Years,79.60000
4817097,Rainbow Lake,2021,Life Expectancy,Female,Years,79.10000
4817097,Rainbow Lake,2022,Life Expectancy,Female,Years,78.94000
4817097,Rainbow Lake,2011,Life Expectancy,Male,Years,74.27000
4817097,Rainbow Lake,2012,Life Expectancy,Male,Years,74.38000
4817097,Rainbow Lake,2013,Life Expectancy,Male,Years,74.63000
4817097,Rainbow Lake,2014,Life Expectancy,Male,Years,74.82000
4817097,Rainbow Lake,2015,Life Expectancy,Male,Years,75.00000
4817097,Rainbow Lake,2016,Life Expectancy,Male,Years,75.11000
4817097,Rainbow Lake,2017,Life Expectancy,Male,Years,75.42000
4817097,Rainbow Lake,2018,Life Expectancy,Male,Years,75.64000
4817097,Rainbow Lake,2019,Life Expectancy,Male,Years,75.60000
4817097,Rainbow Lake,2020,Life Expectancy,Male,Years,75.02000
4817097,Rainbow Lake,2021,Life Expectancy,Male,Years,74.09000
4817097,Rainbow Lake,2022,Life Expectancy,Male,Years,74.03000
4817097,Rainbow Lake,2011,Life Expectancy,Both,Years,76.41000
4817097,Rainbow Lake,2012,Life Expectancy,Both,Years,76.49000
4817097,Rainbow Lake,2013,Life Expectancy,Both,Years,76.70000
4817097,Rainbow Lake,2014,Life Expectancy,Both,Years,76.87000
4817097,Rainbow Lake,2015,Life Expectancy,Both,Years,77.14000
4817097,Rainbow Lake,2016,Life Expectancy,Both,Years,77.27000
4817097,Rainbow Lake,2017,Life Expectancy,Both,Years,77.47000
4817097,Rainbow Lake,2018,Life Expectancy,Both,Years,77.50000
4817097,Rainbow Lake,2019,Life Expectancy,Both,Years,77.60000
4817097,Rainbow Lake,2020,Life Expectancy,Both,Years,77.14000
4817097,Rainbow Lake,2021,Life Expectancy,Both,Years,76.39000
4817097,Rainbow Lake,2022,Life Expectancy,Both,Years,76.32000
4811018,Devon,2011,Life Expectancy,Female,Years,83.28000
4811018,Devon,2012,Life Expectancy,Female,Years,83.31000
4811018,Devon,2013,Life Expectancy,Female,Years,83.06000
4811018,Devon,2014,Life Expectancy,Female,Years,82.79000
4811018,Devon,2015,Life Expectancy,Female,Years,82.45000
4811018,Devon,2016,Life Expectancy,Female,Years,82.35000
4811018,Devon,2017,Life Expectancy,Female,Years,82.32000
4811018,Devon,2018,Life Expectancy,Female,Years,82.45000
4811018,Devon,2019,Life Expectancy,Female,Years,82.25000
4811018,Devon,2020,Life Expectancy,Female,Years,82.49000
4811018,Devon,2021,Life Expectancy,Female,Years,82.61000
4811018,Devon,2022,Life Expectancy,Female,Years,82.66000
4811018,Devon,2011,Life Expectancy,Male,Years,78.40000
4811018,Devon,2012,Life Expectancy,Male,Years,78.78000
4811018,Devon,2013,Life Expectancy,Male,Years,79.22000
4811018,Devon,2014,Life Expectancy,Male,Years,79.04000
4811018,Devon,2015,Life Expectancy,Male,Years,78.98000
4811018,Devon,2016,Life Expectancy,Male,Years,79.01000
4811018,Devon,2017,Life Expectancy,Male,Years,79.31000
4811018,Devon,2018,Life Expectancy,Male,Years,79.46000
4811018,Devon,2019,Life Expectancy,Male,Years,79.46000
4811018,Devon,2020,Life Expectancy,Male,Years,79.35000
4811018,Devon,2021,Life Expectancy,Male,Years,79.22000
4811018,Devon,2022,Life Expectancy,Male,Years,79.15000
4811018,Devon,2011,Life Expectancy,Both,Years,80.85000
4811018,Devon,2012,Life Expectancy,Both,Years,81.07000
4811018,Devon,2013,Life Expectancy,Both,Years,81.19000
4811018,Devon,2014,Life Expectancy,Both,Years,80.96000
4811018,Devon,2015,Life Expectancy,Both,Years,80.76000
4811018,Devon,2016,Life Expectancy,Both,Years,80.72000
4811018,Devon,2017,Life Expectancy,Both,Years,80.85000
4811018,Devon,2018,Life Expectancy,Both,Years,80.99000
4811018,Devon,2019,Life Expectancy,Both,Years,80.89000
4811018,Devon,2020,Life Expectancy,Both,Years,80.93000
4811018,Devon,2021,Life Expectancy,Both,Years,80.92000
4811018,Devon,2022,Life Expectancy,Both,Years,80.91000
4811019,Calmar,2011,Life Expectancy,Female,Years,85.26000
4811019,Calmar,2012,Life Expectancy,Female,Years,85.27000
4811019,Calmar,2013,Life Expectancy,Female,Years,84.96000
4811019,Calmar,2014,Life Expectancy,Female,Years,84.28000
4811019,Calmar,2015,Life Expectancy,Female,Years,84.48000
4811019,Calmar,2016,Life Expectancy,Female,Years,84.74000
4811019,Calmar,2017,Life Expectancy,Female,Years,85.09000
4811019,Calmar,2018,Life Expectancy,Female,Years,84.84000
4811019,Calmar,2019,Life Expectancy,Female,Years,84.11000
4811019,Calmar,2020,Life Expectancy,Female,Years,84.55000
4811019,Calmar,2021,Life Expectancy,Female,Years,84.36000
4811019,Calmar,2022,Life Expectancy,Female,Years,84.10000
4811019,Calmar,2011,Life Expectancy,Male,Years,78.27000
4811019,Calmar,2012,Life Expectancy,Male,Years,78.67000
4811019,Calmar,2013,Life Expectancy,Male,Years,78.69000
4811019,Calmar,2014,Life Expectancy,Male,Years,78.56000
4811019,Calmar,2015,Life Expectancy,Male,Years,78.76000
4811019,Calmar,2016,Life Expectancy,Male,Years,78.90000
4811019,Calmar,2017,Life Expectancy,Male,Years,78.53000
4811019,Calmar,2018,Life Expectancy,Male,Years,78.28000
4811019,Calmar,2019,Life Expectancy,Male,Years,78.23000
4811019,Calmar,2020,Life Expectancy,Male,Years,78.29000
4811019,Calmar,2021,Life Expectancy,Male,Years,78.22000
4811019,Calmar,2022,Life Expectancy,Male,Years,77.74000
4811019,Calmar,2011,Life Expectancy,Both,Years,81.38000
4811019,Calmar,2012,Life Expectancy,Both,Years,81.63000
4811019,Calmar,2013,Life Expectancy,Both,Years,81.57000
4811019,Calmar,2014,Life Expectancy,Both,Years,81.21000
4811019,Calmar,2015,Life Expectancy,Both,Years,81.39000
4811019,Calmar,2016,Life Expectancy,Both,Years,81.57000
4811019,Calmar,2017,Life Expectancy,Both,Years,81.49000
4811019,Calmar,2018,Life Expectancy,Both,Years,81.24000
4811019,Calmar,2019,Life Expectancy,Both,Years,80.88000
4811019,Calmar,2020,Life Expectancy,Both,Years,81.07000
4811019,Calmar,2021,Life Expectancy,Both,Years,80.98000
4811019,Calmar,2022,Life Expectancy,Both,Years,80.63000
4811021,Thorsby,2011,Life Expectancy,Female,Years,85.26000
4811021,Thorsby,2012,Life Expectancy,Female,Years,85.27000
4811021,Thorsby,2013,Life Expectancy,Female,Years,84.96000
4811021,Thorsby,2014,Life Expectancy,Female,Years,84.28000
4811021,Thorsby,2015,Life Expectancy,Female,Years,84.48000
4811021,Thorsby,2016,Life Expectancy,Female,Years,84.74000
4811021,Thorsby,2017,Life Expectancy,Female,Years,85.09000
4811021,Thorsby,2018,Life Expectancy,Female,Years,84.84000
4811021,Thorsby,2019,Life Expectancy,Female,Years,84.11000
4811021,Thorsby,2020,Life Expectancy,Female,Years,84.55000
4811021,Thorsby,2021,Life Expectancy,Female,Years,84.36000
4811021,Thorsby,2022,Life Expectancy,Female,Years,84.10000
4811021,Thorsby,2023,Life Expectancy,Female,Years,83.54000
4811021,Thorsby,2011,Life Expectancy,Male,Years,78.27000
4811021,Thorsby,2012,Life Expectancy,Male,Years,78.67000
4811021,Thorsby,2013,Life Expectancy,Male,Years,78.69000
4811021,Thorsby,2014,Life Expectancy,Male,Years,78.56000
4811021,Thorsby,2015,Life Expectancy,Male,Years,78.76000
4811021,Thorsby,2016,Life Expectancy,Male,Years,78.90000
4811021,Thorsby,2017,Life Expectancy,Male,Years,78.53000
4811021,Thorsby,2018,Life Expectancy,Male,Years,78.28000
4811021,Thorsby,2019,Life Expectancy,Male,Years,78.23000
4811021,Thorsby,2020,Life Expectancy,Male,Years,78.29000
4811021,Thorsby,2021,Life Expectancy,Male,Years,78.22000
4811021,Thorsby,2022,Life Expectancy,Male,Years,77.74000
4811021,Thorsby,2023,Life Expectancy,Male,Years,77.71000
4811021,Thorsby,2011,Life Expectancy,Both,Years,81.38000
4811021,Thorsby,2012,Life Expectancy,Both,Years,81.63000
4811021,Thorsby,2013,Life Expectancy,Both,Years,81.57000
4811021,Thorsby,2014,Life Expectancy,Both,Years,81.21000
4811021,Thorsby,2015,Life Expectancy,Both,Years,81.39000
4811021,Thorsby,2016,Life Expectancy,Both,Years,81.57000
4811021,Thorsby,2017,Life Expectancy,Both,Years,81.49000
4811021,Thorsby,2018,Life Expectancy,Both,Years,81.24000
4811021,Thorsby,2019,Life Expectancy,Both,Years,80.88000
4811021,Thorsby,2020,Life Expectancy,Both,Years,81.07000
4811021,Thorsby,2021,Life Expectancy,Both,Years,80.98000
4811021,Thorsby,2022,Life Expectancy,Both,Years,80.63000
4811021,Thorsby,2023,Life Expectancy,Both,Years,80.41000
4812806,Saddle Lake 125,2011,Life Expectancy,Female,Years,80.17000
4812806,Saddle Lake 125,2012,Life Expectancy,Female,Years,80.19000
4812806,Saddle Lake 125,2013,Life Expectancy,Female,Years,80.32000
4812806,Saddle Lake 125,2014,Life Expectancy,Female,Years,80.00000
4812806,Saddle Lake 125,2015,Life Expectancy,Female,Years,79.92000
4812806,Saddle Lake 125,2016,Life Expectancy,Female,Years,79.75000
4812806,Saddle Lake 125,2017,Life Expectancy,Female,Years,79.70000
4812806,Saddle Lake 125,2018,Life Expectancy,Female,Years,79.54000
4812806,Saddle Lake 125,2019,Life Expectancy,Female,Years,79.33000
4812806,Saddle Lake 125,2020,Life Expectancy,Female,Years,79.69000
4812806,Saddle Lake 125,2021,Life Expectancy,Female,Years,79.24000
4812806,Saddle Lake 125,2022,Life Expectancy,Female,Years,78.91000
4812806,Saddle Lake 125,2023,Life Expectancy,Female,Years,78.45000
4812806,Saddle Lake 125,2011,Life Expectancy,Male,Years,73.39000
4812806,Saddle Lake 125,2012,Life Expectancy,Male,Years,73.25000
4812806,Saddle Lake 125,2013,Life Expectancy,Male,Years,73.52000
4812806,Saddle Lake 125,2014,Life Expectancy,Male,Years,73.02000
4812806,Saddle Lake 125,2015,Life Expectancy,Male,Years,72.58000
4812806,Saddle Lake 125,2016,Life Expectancy,Male,Years,72.99000
4812806,Saddle Lake 125,2017,Life Expectancy,Male,Years,73.22000
4812806,Saddle Lake 125,2018,Life Expectancy,Male,Years,73.59000
4812806,Saddle Lake 125,2019,Life Expectancy,Male,Years,73.69000
4812806,Saddle Lake 125,2020,Life Expectancy,Male,Years,73.22000
4812806,Saddle Lake 125,2021,Life Expectancy,Male,Years,72.45000
4812806,Saddle Lake 125,2022,Life Expectancy,Male,Years,72.20000
4812806,Saddle Lake 125,2023,Life Expectancy,Male,Years,71.50000
4812806,Saddle Lake 125,2011,Life Expectancy,Both,Years,76.55000
4812806,Saddle Lake 125,2012,Life Expectancy,Both,Years,76.49000
4812806,Saddle Lake 125,2013,Life Expectancy,Both,Years,76.70000
4812806,Saddle Lake 125,2014,Life Expectancy,Both,Years,76.27000
4812806,Saddle Lake 125,2015,Life Expectancy,Both,Years,75.99000
4812806,Saddle Lake 125,2016,Life Expectancy,Both,Years,76.16000
4812806,Saddle Lake 125,2017,Life Expectancy,Both,Years,76.27000
4812806,Saddle Lake 125,2018,Life Expectancy,Both,Years,76.41000
4812806,Saddle Lake 125,2019,Life Expectancy,Both,Years,76.35000
4812806,Saddle Lake 125,2020,Life Expectancy,Both,Years,76.26000
4812806,Saddle Lake 125,2021,Life Expectancy,Both,Years,75.63000
4812806,Saddle Lake 125,2022,Life Expectancy,Both,Years,75.36000
4812806,Saddle Lake 125,2023,Life Expectancy,Both,Years,74.78000
4812808,White Fish Lake 128,2011,Life Expectancy,Female,Years,80.17000
4812808,White Fish Lake 128,2012,Life Expectancy,Female,Years,80.19000
4812808,White Fish Lake 128,2013,Life Expectancy,Female,Years,80.32000
4812808,White Fish Lake 128,2014,Life Expectancy,Female,Years,80.00000
4812808,White Fish Lake 128,2015,Life Expectancy,Female,Years,79.92000
4812808,White Fish Lake 128,2016,Life Expectancy,Female,Years,79.75000
4812808,White Fish Lake 128,2017,Life Expectancy,Female,Years,79.70000
4812808,White Fish Lake 128,2018,Life Expectancy,Female,Years,79.54000
4812808,White Fish Lake 128,2019,Life Expectancy,Female,Years,79.33000
4812808,White Fish Lake 128,2020,Life Expectancy,Female,Years,79.69000
4812808,White Fish Lake 128,2021,Life Expectancy,Female,Years,79.24000
4812808,White Fish Lake 128,2022,Life Expectancy,Female,Years,78.91000
4812808,White Fish Lake 128,2011,Life Expectancy,Male,Years,73.39000
4812808,White Fish Lake 128,2012,Life Expectancy,Male,Years,73.25000
4812808,White Fish Lake 128,2013,Life Expectancy,Male,Years,73.52000
4812808,White Fish Lake 128,2014,Life Expectancy,Male,Years,73.02000
4812808,White Fish Lake 128,2015,Life Expectancy,Male,Years,72.58000
4812808,White Fish Lake 128,2016,Life Expectancy,Male,Years,72.99000
4812808,White Fish Lake 128,2017,Life Expectancy,Male,Years,73.22000
4812808,White Fish Lake 128,2018,Life Expectancy,Male,Years,73.59000
4812808,White Fish Lake 128,2019,Life Expectancy,Male,Years,73.69000
4812808,White Fish Lake 128,2020,Life Expectancy,Male,Years,73.22000
4812808,White Fish Lake 128,2021,Life Expectancy,Male,Years,72.45000
4812808,White Fish Lake 128,2022,Life Expectancy,Male,Years,72.20000
4812808,White Fish Lake 128,2011,Life Expectancy,Both,Years,76.55000
4812808,White Fish Lake 128,2012,Life Expectancy,Both,Years,76.49000
4812808,White Fish Lake 128,2013,Life Expectancy,Both,Years,76.70000
4812808,White Fish Lake 128,2014,Life Expectancy,Both,Years,76.27000
4812808,White Fish Lake 128,2015,Life Expectancy,Both,Years,75.99000
4812808,White Fish Lake 128,2016,Life Expectancy,Both,Years,76.16000
4812808,White Fish Lake 128,2017,Life Expectancy,Both,Years,76.27000
4812808,White Fish Lake 128,2018,Life Expectancy,Both,Years,76.41000
4812808,White Fish Lake 128,2019,Life Expectancy,Both,Years,76.35000
4812808,White Fish Lake 128,2020,Life Expectancy,Both,Years,76.26000
4812808,White Fish Lake 128,2021,Life Expectancy,Both,Years,75.63000
4812808,White Fish Lake 128,2022,Life Expectancy,Both,Years,75.36000
4817062,Clear Hills,2011,Life Expectancy,Female,Years,83.05000
4817062,Clear Hills,2012,Life Expectancy,Female,Years,83.20000
4817062,Clear Hills,2013,Life Expectancy,Female,Years,83.50000
4817062,Clear Hills,2014,Life Expectancy,Female,Years,83.03000
4817062,Clear Hills,2015,Life Expectancy,Female,Years,82.82000
4817062,Clear Hills,2016,Life Expectancy,Female,Years,82.73000
4817062,Clear Hills,2017,Life Expectancy,Female,Years,82.23000
4817062,Clear Hills,2018,Life Expectancy,Female,Years,82.77000
4817062,Clear Hills,2019,Life Expectancy,Female,Years,82.45000
4817062,Clear Hills,2020,Life Expectancy,Female,Years,82.69000
4817062,Clear Hills,2021,Life Expectancy,Female,Years,82.80000
4817062,Clear Hills,2022,Life Expectancy,Female,Years,81.61000
4817062,Clear Hills,2023,Life Expectancy,Female,Years,81.90000
4817062,Clear Hills,2011,Life Expectancy,Male,Years,76.24000
4817062,Clear Hills,2012,Life Expectancy,Male,Years,76.12000
4817062,Clear Hills,2013,Life Expectancy,Male,Years,76.11000
4817062,Clear Hills,2014,Life Expectancy,Male,Years,75.89000
4817062,Clear Hills,2015,Life Expectancy,Male,Years,76.35000
4817062,Clear Hills,2016,Life Expectancy,Male,Years,76.49000
4817062,Clear Hills,2017,Life Expectancy,Male,Years,76.98000
4817062,Clear Hills,2018,Life Expectancy,Male,Years,77.46000
4817062,Clear Hills,2019,Life Expectancy,Male,Years,77.56000
4817062,Clear Hills,2020,Life Expectancy,Male,Years,77.95000
4817062,Clear Hills,2021,Life Expectancy,Male,Years,77.90000
4817062,Clear Hills,2022,Life Expectancy,Male,Years,77.75000
4817062,Clear Hills,2023,Life Expectancy,Male,Years,78.19000
4817062,Clear Hills,2011,Life Expectancy,Both,Years,79.41000
4817062,Clear Hills,2012,Life Expectancy,Both,Years,79.39000
4817062,Clear Hills,2013,Life Expectancy,Both,Years,79.52000
4817062,Clear Hills,2014,Life Expectancy,Both,Years,79.20000
4817062,Clear Hills,2015,Life Expectancy,Both,Years,79.38000
4817062,Clear Hills,2016,Life Expectancy,Both,Years,79.40000
4817062,Clear Hills,2017,Life Expectancy,Both,Years,79.45000
4817062,Clear Hills,2018,Life Expectancy,Both,Years,79.94000
4817062,Clear Hills,2019,Life Expectancy,Both,Years,79.85000
4817062,Clear Hills,2020,Life Expectancy,Both,Years,80.20000
4817062,Clear Hills,2021,Life Expectancy,Both,Years,80.22000
4817062,Clear Hills,2022,Life Expectancy,Both,Years,79.62000
4817062,Clear Hills,2023,Life Expectancy,Both,Years,80.00000
4817064,Hines Creek,2011,Life Expectancy,Female,Years,83.05000
4817064,Hines Creek,2012,Life Expectancy,Female,Years,83.20000
4817064,Hines Creek,2013,Life Expectancy,Female,Years,83.50000
4817064,Hines Creek,2014,Life Expectancy,Female,Years,83.03000
4817064,Hines Creek,2015,Life Expectancy,Female,Years,82.82000
4817064,Hines Creek,2016,Life Expectancy,Female,Years,82.73000
4817064,Hines Creek,2017,Life Expectancy,Female,Years,82.23000
4817064,Hines Creek,2018,Life Expectancy,Female,Years,82.77000
4817064,Hines Creek,2019,Life Expectancy,Female,Years,82.45000
4817064,Hines Creek,2020,Life Expectancy,Female,Years,82.69000
4817064,Hines Creek,2021,Life Expectancy,Female,Years,82.80000
4817064,Hines Creek,2022,Life Expectancy,Female,Years,81.61000
4817064,Hines Creek,2011,Life Expectancy,Male,Years,76.24000
4817064,Hines Creek,2012,Life Expectancy,Male,Years,76.12000
4817064,Hines Creek,2013,Life Expectancy,Male,Years,76.11000
4817064,Hines Creek,2014,Life Expectancy,Male,Years,75.89000
4817064,Hines Creek,2015,Life Expectancy,Male,Years,76.35000
4817064,Hines Creek,2016,Life Expectancy,Male,Years,76.49000
4817064,Hines Creek,2017,Life Expectancy,Male,Years,76.98000
4817064,Hines Creek,2018,Life Expectancy,Male,Years,77.46000
4817064,Hines Creek,2019,Life Expectancy,Male,Years,77.56000
4817064,Hines Creek,2020,Life Expectancy,Male,Years,77.95000
4817064,Hines Creek,2021,Life Expectancy,Male,Years,77.90000
4817064,Hines Creek,2022,Life Expectancy,Male,Years,77.75000
4817064,Hines Creek,2011,Life Expectancy,Both,Years,79.41000
4817064,Hines Creek,2012,Life Expectancy,Both,Years,79.39000
4817064,Hines Creek,2013,Life Expectancy,Both,Years,79.52000
4817064,Hines Creek,2014,Life Expectancy,Both,Years,79.20000
4817064,Hines Creek,2015,Life Expectancy,Both,Years,79.38000
4817064,Hines Creek,2016,Life Expectancy,Both,Years,79.40000
4817064,Hines Creek,2017,Life Expectancy,Both,Years,79.45000
4817064,Hines Creek,2018,Life Expectancy,Both,Years,79.94000
4817064,Hines Creek,2019,Life Expectancy,Both,Years,79.85000
4817064,Hines Creek,2020,Life Expectancy,Both,Years,80.20000
4817064,Hines Creek,2021,Life Expectancy,Both,Years,80.22000
4817064,Hines Creek,2022,Life Expectancy,Both,Years,79.62000
4811062,St. Albert,2011,Life Expectancy,Female,Years,84.68000
4811062,St. Albert,2012,Life Expectancy,Female,Years,84.99000
4811062,St. Albert,2013,Life Expectancy,Female,Years,85.04000
4811062,St. Albert,2014,Life Expectancy,Female,Years,85.13000
4811062,St. Albert,2015,Life Expectancy,Female,Years,85.23000
4811062,St. Albert,2016,Life Expectancy,Female,Years,85.26000
4811062,St. Albert,2017,Life Expectancy,Female,Years,85.34000
4811062,St. Albert,2018,Life Expectancy,Female,Years,85.34000
4811062,St. Albert,2019,Life Expectancy,Female,Years,85.46000
4811062,St. Albert,2020,Life Expectancy,Female,Years,85.39000
4811062,St. Albert,2021,Life Expectancy,Female,Years,85.39000
4811062,St. Albert,2022,Life Expectancy,Female,Years,85.37000
4811062,St. Albert,2023,Life Expectancy,Female,Years,85.34000
4811062,St. Albert,2011,Life Expectancy,Male,Years,79.96000
4811062,St. Albert,2012,Life Expectancy,Male,Years,79.94000
4811062,St. Albert,2013,Life Expectancy,Male,Years,80.13000
4811062,St. Albert,2014,Life Expectancy,Male,Years,80.28000
4811062,St. Albert,2015,Life Expectancy,Male,Years,80.63000
4811062,St. Albert,2016,Life Expectancy,Male,Years,80.90000
4811062,St. Albert,2017,Life Expectancy,Male,Years,80.79000
4811062,St. Albert,2018,Life Expectancy,Male,Years,80.95000
4811062,St. Albert,2019,Life Expectancy,Male,Years,81.20000
4811062,St. Albert,2020,Life Expectancy,Male,Years,81.31000
4811062,St. Albert,2021,Life Expectancy,Male,Years,81.23000
4811062,St. Albert,2022,Life Expectancy,Male,Years,81.33000
4811062,St. Albert,2023,Life Expectancy,Male,Years,81.23000
4811062,St. Albert,2011,Life Expectancy,Both,Years,82.39000
4811062,St. Albert,2012,Life Expectancy,Both,Years,82.52000
4811062,St. Albert,2013,Life Expectancy,Both,Years,82.66000
4811062,St. Albert,2014,Life Expectancy,Both,Years,82.78000
4811062,St. Albert,2015,Life Expectancy,Both,Years,83.01000
4811062,St. Albert,2016,Life Expectancy,Both,Years,83.16000
4811062,St. Albert,2017,Life Expectancy,Both,Years,83.14000
4811062,St. Albert,2018,Life Expectancy,Both,Years,83.22000
4811062,St. Albert,2019,Life Expectancy,Both,Years,83.41000
4811062,St. Albert,2020,Life Expectancy,Both,Years,83.42000
4811062,St. Albert,2021,Life Expectancy,Both,Years,83.38000
4811062,St. Albert,2022,Life Expectancy,Both,Years,83.42000
4811062,St. Albert,2023,Life Expectancy,Both,Years,83.35000
4817856,Woodland Cree 226,2011,Life Expectancy,Female,Years,82.32000
4817856,Woodland Cree 226,2012,Life Expectancy,Female,Years,82.04000
4817856,Woodland Cree 226,2013,Life Expectancy,Female,Years,82.41000
4817856,Woodland Cree 226,2014,Life Expectancy,Female,Years,82.29000
4817856,Woodland Cree 226,2015,Life Expectancy,Female,Years,82.02000
4817856,Woodland Cree 226,2016,Life Expectancy,Female,Years,81.70000
4817856,Woodland Cree 226,2017,Life Expectancy,Female,Years,81.27000
4817856,Woodland Cree 226,2018,Life Expectancy,Female,Years,80.80000
4817856,Woodland Cree 226,2019,Life Expectancy,Female,Years,80.55000
4817856,Woodland Cree 226,2020,Life Expectancy,Female,Years,79.91000
4817856,Woodland Cree 226,2021,Life Expectancy,Female,Years,79.72000
4817856,Woodland Cree 226,2022,Life Expectancy,Female,Years,79.83000
4817856,Woodland Cree 226,2011,Life Expectancy,Male,Years,76.18000
4817856,Woodland Cree 226,2012,Life Expectancy,Male,Years,76.23000
4817856,Woodland Cree 226,2013,Life Expectancy,Male,Years,76.30000
4817856,Woodland Cree 226,2014,Life Expectancy,Male,Years,76.31000
4817856,Woodland Cree 226,2015,Life Expectancy,Male,Years,76.05000
4817856,Woodland Cree 226,2016,Life Expectancy,Male,Years,75.88000
4817856,Woodland Cree 226,2017,Life Expectancy,Male,Years,76.48000
4817856,Woodland Cree 226,2018,Life Expectancy,Male,Years,76.55000
4817856,Woodland Cree 226,2019,Life Expectancy,Male,Years,76.68000
4817856,Woodland Cree 226,2020,Life Expectancy,Male,Years,76.30000
4817856,Woodland Cree 226,2021,Life Expectancy,Male,Years,76.36000
4817856,Woodland Cree 226,2022,Life Expectancy,Male,Years,76.14000
4817856,Woodland Cree 226,2011,Life Expectancy,Both,Years,79.04000
4817856,Woodland Cree 226,2012,Life Expectancy,Both,Years,78.94000
4817856,Woodland Cree 226,2013,Life Expectancy,Both,Years,79.15000
4817856,Woodland Cree 226,2014,Life Expectancy,Both,Years,79.10000
4817856,Woodland Cree 226,2015,Life Expectancy,Both,Years,78.83000
4817856,Woodland Cree 226,2016,Life Expectancy,Both,Years,78.59000
4817856,Woodland Cree 226,2017,Life Expectancy,Both,Years,78.71000
4817856,Woodland Cree 226,2018,Life Expectancy,Both,Years,78.52000
4817856,Woodland Cree 226,2019,Life Expectancy,Both,Years,78.49000
4817856,Woodland Cree 226,2020,Life Expectancy,Both,Years,77.99000
4817856,Woodland Cree 226,2021,Life Expectancy,Both,Years,77.92000
4817856,Woodland Cree 226,2022,Life Expectancy,Both,Years,77.84000
4816860,Thebathi 196,2011,Life Expectancy,Female,Years,73.39000
4816860,Thebathi 196,2012,Life Expectancy,Female,Years,74.16000
4816860,Thebathi 196,2013,Life Expectancy,Female,Years,74.89000
4816860,Thebathi 196,2014,Life Expectancy,Female,Years,75.21000
4816860,Thebathi 196,2015,Life Expectancy,Female,Years,74.81000
4816860,Thebathi 196,2016,Life Expectancy,Female,Years,75.94000
4816860,Thebathi 196,2017,Life Expectancy,Female,Years,76.71000
4816860,Thebathi 196,2018,Life Expectancy,Female,Years,77.66000
4816860,Thebathi 196,2019,Life Expectancy,Female,Years,77.73000
4816860,Thebathi 196,2020,Life Expectancy,Female,Years,76.59000
4816860,Thebathi 196,2021,Life Expectancy,Female,Years,75.54000
4816860,Thebathi 196,2022,Life Expectancy,Female,Years,74.49000
4816860,Thebathi 196,2011,Life Expectancy,Male,Years,68.30000
4816860,Thebathi 196,2012,Life Expectancy,Male,Years,69.02000
4816860,Thebathi 196,2013,Life Expectancy,Male,Years,69.33000
4816860,Thebathi 196,2014,Life Expectancy,Male,Years,69.75000
4816860,Thebathi 196,2015,Life Expectancy,Male,Years,69.31000
4816860,Thebathi 196,2016,Life Expectancy,Male,Years,70.57000
4816860,Thebathi 196,2017,Life Expectancy,Male,Years,71.63000
4816860,Thebathi 196,2018,Life Expectancy,Male,Years,71.72000
4816860,Thebathi 196,2019,Life Expectancy,Male,Years,70.98000
4816860,Thebathi 196,2020,Life Expectancy,Male,Years,70.29000
4816860,Thebathi 196,2021,Life Expectancy,Male,Years,70.42000
4816860,Thebathi 196,2022,Life Expectancy,Male,Years,69.65000
4816860,Thebathi 196,2011,Life Expectancy,Both,Years,70.60000
4816860,Thebathi 196,2012,Life Expectancy,Both,Years,71.30000
4816860,Thebathi 196,2013,Life Expectancy,Both,Years,71.80000
4816860,Thebathi 196,2014,Life Expectancy,Both,Years,72.15000
4816860,Thebathi 196,2015,Life Expectancy,Both,Years,71.78000
4816860,Thebathi 196,2016,Life Expectancy,Both,Years,72.91000
4816860,Thebathi 196,2017,Life Expectancy,Both,Years,73.72000
4816860,Thebathi 196,2018,Life Expectancy,Both,Years,74.19000
4816860,Thebathi 196,2019,Life Expectancy,Both,Years,73.89000
4816860,Thebathi 196,2020,Life Expectancy,Both,Years,73.06000
4816860,Thebathi 196,2021,Life Expectancy,Both,Years,72.64000
4816860,Thebathi 196,2022,Life Expectancy,Both,Years,71.87000
4815023,Canmore,2011,Life Expectancy,Female,Years,83.63000
4815023,Canmore,2012,Life Expectancy,Female,Years,83.30000
4815023,Canmore,2013,Life Expectancy,Female,Years,83.07000
4815023,Canmore,2014,Life Expectancy,Female,Years,83.08000
4815023,Canmore,2015,Life Expectancy,Female,Years,82.88000
4815023,Canmore,2016,Life Expectancy,Female,Years,82.78000
4815023,Canmore,2017,Life Expectancy,Female,Years,83.07000
4815023,Canmore,2018,Life Expectancy,Female,Years,83.16000
4815023,Canmore,2019,Life Expectancy,Female,Years,83.34000
4815023,Canmore,2020,Life Expectancy,Female,Years,83.40000
4815023,Canmore,2021,Life Expectancy,Female,Years,83.03000
4815023,Canmore,2022,Life Expectancy,Female,Years,83.20000
4815023,Canmore,2011,Life Expectancy,Male,Years,78.72000
4815023,Canmore,2012,Life Expectancy,Male,Years,78.91000
4815023,Canmore,2013,Life Expectancy,Male,Years,79.00000
4815023,Canmore,2014,Life Expectancy,Male,Years,79.17000
4815023,Canmore,2015,Life Expectancy,Male,Years,79.35000
4815023,Canmore,2016,Life Expectancy,Male,Years,79.51000
4815023,Canmore,2017,Life Expectancy,Male,Years,79.57000
4815023,Canmore,2018,Life Expectancy,Male,Years,79.99000
4815023,Canmore,2019,Life Expectancy,Male,Years,80.02000
4815023,Canmore,2020,Life Expectancy,Male,Years,79.82000
4815023,Canmore,2021,Life Expectancy,Male,Years,79.52000
4815023,Canmore,2022,Life Expectancy,Male,Years,79.23000
4815023,Canmore,2011,Life Expectancy,Both,Years,81.18000
4815023,Canmore,2012,Life Expectancy,Both,Years,81.12000
4815023,Canmore,2013,Life Expectancy,Both,Years,81.05000
4815023,Canmore,2014,Life Expectancy,Both,Years,81.13000
4815023,Canmore,2015,Life Expectancy,Both,Years,81.09000
4815023,Canmore,2016,Life Expectancy,Both,Years,81.12000
4815023,Canmore,2017,Life Expectancy,Both,Years,81.30000
4815023,Canmore,2018,Life Expectancy,Both,Years,81.56000
4815023,Canmore,2019,Life Expectancy,Both,Years,81.68000
4815023,Canmore,2020,Life Expectancy,Both,Years,81.60000
4815023,Canmore,2021,Life Expectancy,Both,Years,81.26000
4815023,Canmore,2022,Life Expectancy,Both,Years,81.18000
4818002,Fox Creek,2011,Life Expectancy,Female,Years,83.40000
4818002,Fox Creek,2012,Life Expectancy,Female,Years,85.04000
4818002,Fox Creek,2013,Life Expectancy,Female,Years,85.28000
4818002,Fox Creek,2014,Life Expectancy,Female,Years,85.50000
4818002,Fox Creek,2015,Life Expectancy,Female,Years,84.70000
4818002,Fox Creek,2016,Life Expectancy,Female,Years,86.22000
4818002,Fox Creek,2017,Life Expectancy,Female,Years,84.06000
4818002,Fox Creek,2018,Life Expectancy,Female,Years,84.85000
4818002,Fox Creek,2019,Life Expectancy,Female,Years,83.23000
4818002,Fox Creek,2020,Life Expectancy,Female,Years,79.06000
4818002,Fox Creek,2021,Life Expectancy,Female,Years,79.22000
4818002,Fox Creek,2022,Life Expectancy,Female,Years,78.50000
4818002,Fox Creek,2011,Life Expectancy,Male,Years,78.36000
4818002,Fox Creek,2012,Life Expectancy,Male,Years,78.39000
4818002,Fox Creek,2013,Life Expectancy,Male,Years,78.48000
4818002,Fox Creek,2014,Life Expectancy,Male,Years,78.61000
4818002,Fox Creek,2015,Life Expectancy,Male,Years,78.65000
4818002,Fox Creek,2016,Life Expectancy,Male,Years,78.32000
4818002,Fox Creek,2017,Life Expectancy,Male,Years,78.10000
4818002,Fox Creek,2018,Life Expectancy,Male,Years,78.91000
4818002,Fox Creek,2019,Life Expectancy,Male,Years,79.07000
4818002,Fox Creek,2020,Life Expectancy,Male,Years,78.52000
4818002,Fox Creek,2021,Life Expectancy,Male,Years,77.58000
4818002,Fox Creek,2022,Life Expectancy,Male,Years,77.70000
4818002,Fox Creek,2011,Life Expectancy,Both,Years,80.89000
4818002,Fox Creek,2012,Life Expectancy,Both,Years,81.53000
4818002,Fox Creek,2013,Life Expectancy,Both,Years,80.41000
4818002,Fox Creek,2014,Life Expectancy,Both,Years,81.54000
4818002,Fox Creek,2015,Life Expectancy,Both,Years,81.64000
4818002,Fox Creek,2016,Life Expectancy,Both,Years,81.83000
4818002,Fox Creek,2017,Life Expectancy,Both,Years,81.24000
4818002,Fox Creek,2018,Life Expectancy,Both,Years,81.92000
4818002,Fox Creek,2019,Life Expectancy,Both,Years,81.41000
4818002,Fox Creek,2020,Life Expectancy,Both,Years,78.43000
4818002,Fox Creek,2021,Life Expectancy,Both,Years,80.87000
4818002,Fox Creek,2022,Life Expectancy,Both,Years,81.60000
4818015,Greenview No. 16,2011,Life Expectancy,Female,Years,171.75554
4818015,Greenview No. 16,2012,Life Expectancy,Female,Years,168.95526
4818015,Greenview No. 16,2013,Life Expectancy,Female,Years,167.55413
4818015,Greenview No. 16,2014,Life Expectancy,Female,Years,166.18808
4818015,Greenview No. 16,2015,Life Expectancy,Female,Years,164.84616
4818015,Greenview No. 16,2016,Life Expectancy,Female,Years,164.15234
4818015,Greenview No. 16,2017,Life Expectancy,Female,Years,163.00147
4818015,Greenview No. 16,2018,Life Expectancy,Female,Years,162.71995
4818015,Greenview No. 16,2019,Life Expectancy,Female,Years,163.94328
4818015,Greenview No. 16,2020,Life Expectancy,Female,Years,163.85838
4818015,Greenview No. 16,2021,Life Expectancy,Female,Years,162.44432
4818015,Greenview No. 16,2022,Life Expectancy,Female,Years,82.19181
4818015,Greenview No. 16,2023,Life Expectancy,Female,Years,82.57921
4818015,Greenview No. 16,2011,Life Expectancy,Male,Years,150.75128
4818015,Greenview No. 16,2012,Life Expectancy,Male,Years,152.05446
4818015,Greenview No. 16,2013,Life Expectancy,Male,Years,154.30947
4818015,Greenview No. 16,2014,Life Expectancy,Male,Years,155.46673
4818015,Greenview No. 16,2015,Life Expectancy,Male,Years,156.64328
4818015,Greenview No. 16,2016,Life Expectancy,Male,Years,157.36368
4818015,Greenview No. 16,2017,Life Expectancy,Male,Years,157.30452
4818015,Greenview No. 16,2018,Life Expectancy,Male,Years,156.78374
4818015,Greenview No. 16,2019,Life Expectancy,Male,Years,157.10653
4818015,Greenview No. 16,2020,Life Expectancy,Male,Years,157.94638
4818015,Greenview No. 16,2021,Life Expectancy,Male,Years,159.13863
4818015,Greenview No. 16,2022,Life Expectancy,Male,Years,78.21010
4818015,Greenview No. 16,2023,Life Expectancy,Male,Years,78.02686
4818015,Greenview No. 16,2011,Life Expectancy,Both,Years,159.45224
4818015,Greenview No. 16,2012,Life Expectancy,Both,Years,159.76202
4818015,Greenview No. 16,2013,Life Expectancy,Both,Years,159.51652
4818015,Greenview No. 16,2014,Life Expectancy,Both,Years,159.79034
4818015,Greenview No. 16,2015,Life Expectancy,Both,Years,159.85974
4818015,Greenview No. 16,2016,Life Expectancy,Both,Years,159.81454
4818015,Greenview No. 16,2017,Life Expectancy,Both,Years,159.55615
4818015,Greenview No. 16,2018,Life Expectancy,Both,Years,159.13781
4818015,Greenview No. 16,2019,Life Expectancy,Both,Years,159.99474
4818015,Greenview No. 16,2020,Life Expectancy,Both,Years,160.25053
4818015,Greenview No. 16,2021,Life Expectancy,Both,Years,160.22229
4818015,Greenview No. 16,2022,Life Expectancy,Both,Years,80.22416
4818015,Greenview No. 16,2023,Life Expectancy,Both,Years,80.02608
4818018,Valleyview,2011,Life Expectancy,Female,Years,78.36000
4818018,Valleyview,2012,Life Expectancy,Female,Years,78.67000
4818018,Valleyview,2013,Life Expectancy,Female,Years,78.78000
4818018,Valleyview,2014,Life Expectancy,Female,Years,78.64000
4818018,Valleyview,2015,Life Expectancy,Female,Years,78.92000
4818018,Valleyview,2016,Life Expectancy,Female,Years,79.28000
4818018,Valleyview,2017,Life Expectancy,Female,Years,79.60000
4818018,Valleyview,2018,Life Expectancy,Female,Years,79.89000
4818018,Valleyview,2019,Life Expectancy,Female,Years,80.38000
4818018,Valleyview,2020,Life Expectancy,Female,Years,80.50000
4818018,Valleyview,2021,Life Expectancy,Female,Years,79.94000
4818018,Valleyview,2022,Life Expectancy,Female,Years,79.79000
4818018,Valleyview,2011,Life Expectancy,Male,Years,74.66000
4818018,Valleyview,2012,Life Expectancy,Male,Years,75.09000
4818018,Valleyview,2013,Life Expectancy,Male,Years,74.99000
4818018,Valleyview,2014,Life Expectancy,Male,Years,74.77000
4818018,Valleyview,2015,Life Expectancy,Male,Years,74.92000
4818018,Valleyview,2016,Life Expectancy,Male,Years,75.06000
4818018,Valleyview,2017,Life Expectancy,Male,Years,75.51000
4818018,Valleyview,2018,Life Expectancy,Male,Years,75.33000
4818018,Valleyview,2019,Life Expectancy,Male,Years,74.73000
4818018,Valleyview,2020,Life Expectancy,Male,Years,74.19000
4818018,Valleyview,2021,Life Expectancy,Male,Years,73.87000
4818018,Valleyview,2022,Life Expectancy,Male,Years,73.49000
4818018,Valleyview,2011,Life Expectancy,Both,Years,76.43000
4818018,Valleyview,2012,Life Expectancy,Both,Years,76.78000
4818018,Valleyview,2013,Life Expectancy,Both,Years,76.76000
4818018,Valleyview,2014,Life Expectancy,Both,Years,76.60000
4818018,Valleyview,2015,Life Expectancy,Both,Years,76.78000
4818018,Valleyview,2016,Life Expectancy,Both,Years,77.01000
4818018,Valleyview,2017,Life Expectancy,Both,Years,77.37000
4818018,Valleyview,2018,Life Expectancy,Both,Years,77.42000
4818018,Valleyview,2019,Life Expectancy,Both,Years,77.30000
4818018,Valleyview,2020,Life Expectancy,Both,Years,77.03000
4818018,Valleyview,2021,Life Expectancy,Both,Years,76.55000
4818018,Valleyview,2022,Life Expectancy,Both,Years,76.27000
4819006,Grande Prairie County No. 1,2011,Life Expectancy,Female,Years,87.19893
4819006,Grande Prairie County No. 1,2012,Life Expectancy,Female,Years,85.42377
4819006,Grande Prairie County No. 1,2013,Life Expectancy,Female,Years,84.56772
4819006,Grande Prairie County No. 1,2014,Life Expectancy,Female,Years,84.18379
4819006,Grande Prairie County No. 1,2015,Life Expectancy,Female,Years,83.40570
4819006,Grande Prairie County No. 1,2016,Life Expectancy,Female,Years,83.53598
4819006,Grande Prairie County No. 1,2017,Life Expectancy,Female,Years,83.40066
4819006,Grande Prairie County No. 1,2018,Life Expectancy,Female,Years,83.84947
4819006,Grande Prairie County No. 1,2019,Life Expectancy,Female,Years,83.76648
4819006,Grande Prairie County No. 1,2020,Life Expectancy,Female,Years,83.66634
4819006,Grande Prairie County No. 1,2021,Life Expectancy,Female,Years,82.83861
4819006,Grande Prairie County No. 1,2022,Life Expectancy,Female,Years,82.70684
4819006,Grande Prairie County No. 1,2023,Life Expectancy,Female,Years,81.67000
4819006,Grande Prairie County No. 1,2011,Life Expectancy,Male,Years,78.24880
4819006,Grande Prairie County No. 1,2012,Life Expectancy,Male,Years,78.38238
4819006,Grande Prairie County No. 1,2013,Life Expectancy,Male,Years,78.29314
4819006,Grande Prairie County No. 1,2014,Life Expectancy,Male,Years,78.70657
4819006,Grande Prairie County No. 1,2015,Life Expectancy,Male,Years,78.82002
4819006,Grande Prairie County No. 1,2016,Life Expectancy,Male,Years,78.81474
4819006,Grande Prairie County No. 1,2017,Life Expectancy,Male,Years,79.04759
4819006,Grande Prairie County No. 1,2018,Life Expectancy,Male,Years,78.66963
4819006,Grande Prairie County No. 1,2019,Life Expectancy,Male,Years,78.67267
4819006,Grande Prairie County No. 1,2020,Life Expectancy,Male,Years,78.89027
4819006,Grande Prairie County No. 1,2021,Life Expectancy,Male,Years,78.81387
4819006,Grande Prairie County No. 1,2022,Life Expectancy,Male,Years,79.04542
4819006,Grande Prairie County No. 1,2023,Life Expectancy,Male,Years,77.76000
4819006,Grande Prairie County No. 1,2011,Life Expectancy,Both,Years,81.15165
4819006,Grande Prairie County No. 1,2012,Life Expectancy,Both,Years,80.90924
4819006,Grande Prairie County No. 1,2013,Life Expectancy,Both,Years,80.76466
4819006,Grande Prairie County No. 1,2014,Life Expectancy,Both,Years,80.98705
4819006,Grande Prairie County No. 1,2015,Life Expectancy,Both,Years,80.85027
4819006,Grande Prairie County No. 1,2016,Life Expectancy,Both,Years,80.90453
4819006,Grande Prairie County No. 1,2017,Life Expectancy,Both,Years,81.01320
4819006,Grande Prairie County No. 1,2018,Life Expectancy,Both,Years,80.91852
4819006,Grande Prairie County No. 1,2019,Life Expectancy,Both,Years,80.88279
4819006,Grande Prairie County No. 1,2020,Life Expectancy,Both,Years,80.97702
4819006,Grande Prairie County No. 1,2021,Life Expectancy,Both,Years,80.62075
4819006,Grande Prairie County No. 1,2022,Life Expectancy,Both,Years,80.73489
4819006,Grande Prairie County No. 1,2023,Life Expectancy,Both,Years,79.64000
4811805,Alexander 134,2011,Life Expectancy,Female,Years,81.80000
4811805,Alexander 134,2012,Life Expectancy,Female,Years,81.87000
4811805,Alexander 134,2013,Life Expectancy,Female,Years,81.87000
4811805,Alexander 134,2014,Life Expectancy,Female,Years,81.99000
4811805,Alexander 134,2015,Life Expectancy,Female,Years,82.56000
4811805,Alexander 134,2016,Life Expectancy,Female,Years,81.99000
4811805,Alexander 134,2017,Life Expectancy,Female,Years,82.03000
4811805,Alexander 134,2018,Life Expectancy,Female,Years,81.98000
4811805,Alexander 134,2019,Life Expectancy,Female,Years,82.40000
4811805,Alexander 134,2020,Life Expectancy,Female,Years,82.59000
4811805,Alexander 134,2021,Life Expectancy,Female,Years,82.63000
4811805,Alexander 134,2022,Life Expectancy,Female,Years,82.60000
4811805,Alexander 134,2011,Life Expectancy,Male,Years,77.17000
4811805,Alexander 134,2012,Life Expectancy,Male,Years,77.60000
4811805,Alexander 134,2013,Life Expectancy,Male,Years,77.74000
4811805,Alexander 134,2014,Life Expectancy,Male,Years,78.06000
4811805,Alexander 134,2015,Life Expectancy,Male,Years,78.33000
4811805,Alexander 134,2016,Life Expectancy,Male,Years,78.74000
4811805,Alexander 134,2017,Life Expectancy,Male,Years,78.91000
4811805,Alexander 134,2018,Life Expectancy,Male,Years,78.91000
4811805,Alexander 134,2019,Life Expectancy,Male,Years,79.15000
4811805,Alexander 134,2020,Life Expectancy,Male,Years,79.21000
4811805,Alexander 134,2021,Life Expectancy,Male,Years,79.41000
4811805,Alexander 134,2022,Life Expectancy,Male,Years,79.14000
4811805,Alexander 134,2011,Life Expectancy,Both,Years,79.39000
4811805,Alexander 134,2012,Life Expectancy,Both,Years,79.67000
4811805,Alexander 134,2013,Life Expectancy,Both,Years,79.74000
4811805,Alexander 134,2014,Life Expectancy,Both,Years,79.99000
4811805,Alexander 134,2015,Life Expectancy,Both,Years,80.39000
4811805,Alexander 134,2016,Life Expectancy,Both,Years,80.34000
4811805,Alexander 134,2017,Life Expectancy,Both,Years,80.45000
4811805,Alexander 134,2018,Life Expectancy,Both,Years,80.41000
4811805,Alexander 134,2019,Life Expectancy,Both,Years,80.73000
4811805,Alexander 134,2020,Life Expectancy,Both,Years,80.84000
4811805,Alexander 134,2021,Life Expectancy,Both,Years,80.97000
4811805,Alexander 134,2022,Life Expectancy,Both,Years,80.81000
4812002,Cold Lake,2011,Life Expectancy,Female,Years,82.26000
4812002,Cold Lake,2012,Life Expectancy,Female,Years,82.42000
4812002,Cold Lake,2013,Life Expectancy,Female,Years,82.63000
4812002,Cold Lake,2014,Life Expectancy,Female,Years,82.51000
4812002,Cold Lake,2015,Life Expectancy,Female,Years,82.57000
4812002,Cold Lake,2016,Life Expectancy,Female,Years,82.50000
4812002,Cold Lake,2017,Life Expectancy,Female,Years,82.67000
4812002,Cold Lake,2018,Life Expectancy,Female,Years,82.70000
4812002,Cold Lake,2019,Life Expectancy,Female,Years,82.76000
4812002,Cold Lake,2020,Life Expectancy,Female,Years,82.84000
4812002,Cold Lake,2021,Life Expectancy,Female,Years,82.56000
4812002,Cold Lake,2022,Life Expectancy,Female,Years,82.30000
4812002,Cold Lake,2011,Life Expectancy,Male,Years,75.43000
4812002,Cold Lake,2012,Life Expectancy,Male,Years,75.86000
4812002,Cold Lake,2013,Life Expectancy,Male,Years,76.23000
4812002,Cold Lake,2014,Life Expectancy,Male,Years,76.71000
4812002,Cold Lake,2015,Life Expectancy,Male,Years,77.09000
4812002,Cold Lake,2016,Life Expectancy,Male,Years,77.14000
4812002,Cold Lake,2017,Life Expectancy,Male,Years,76.98000
4812002,Cold Lake,2018,Life Expectancy,Male,Years,77.33000
4812002,Cold Lake,2019,Life Expectancy,Male,Years,77.44000
4812002,Cold Lake,2020,Life Expectancy,Male,Years,77.82000
4812002,Cold Lake,2021,Life Expectancy,Male,Years,77.71000
4812002,Cold Lake,2022,Life Expectancy,Male,Years,77.10000
4812002,Cold Lake,2011,Life Expectancy,Both,Years,78.66000
4812002,Cold Lake,2012,Life Expectancy,Both,Years,78.98000
4812002,Cold Lake,2013,Life Expectancy,Both,Years,79.31000
4812002,Cold Lake,2014,Life Expectancy,Both,Years,79.52000
4812002,Cold Lake,2015,Life Expectancy,Both,Years,79.76000
4812002,Cold Lake,2016,Life Expectancy,Both,Years,79.77000
4812002,Cold Lake,2017,Life Expectancy,Both,Years,79.75000
4812002,Cold Lake,2018,Life Expectancy,Both,Years,79.96000
4812002,Cold Lake,2019,Life Expectancy,Both,Years,80.06000
4812002,Cold Lake,2020,Life Expectancy,Both,Years,80.28000
4812002,Cold Lake,2021,Life Expectancy,Both,Years,80.08000
4812002,Cold Lake,2022,Life Expectancy,Both,Years,79.63000
4812004,Bonnyville No. 87,2011,Life Expectancy,Female,Years,81.44750
4812004,Bonnyville No. 87,2012,Life Expectancy,Female,Years,81.61965
4812004,Bonnyville No. 87,2013,Life Expectancy,Female,Years,81.79541
4812004,Bonnyville No. 87,2014,Life Expectancy,Female,Years,81.61543
4812004,Bonnyville No. 87,2015,Life Expectancy,Female,Years,81.79510
4812004,Bonnyville No. 87,2016,Life Expectancy,Female,Years,81.91951
4812004,Bonnyville No. 87,2017,Life Expectancy,Female,Years,82.09137
4812004,Bonnyville No. 87,2018,Life Expectancy,Female,Years,82.07983
4812004,Bonnyville No. 87,2019,Life Expectancy,Female,Years,82.16360
4812004,Bonnyville No. 87,2020,Life Expectancy,Female,Years,82.30948
4812004,Bonnyville No. 87,2021,Life Expectancy,Female,Years,81.95912
4812004,Bonnyville No. 87,2022,Life Expectancy,Female,Years,81.78595
4812004,Bonnyville No. 87,2023,Life Expectancy,Female,Years,82.01000
4812004,Bonnyville No. 87,2011,Life Expectancy,Male,Years,75.13561
4812004,Bonnyville No. 87,2012,Life Expectancy,Male,Years,75.30152
4812004,Bonnyville No. 87,2013,Life Expectancy,Male,Years,75.59865
4812004,Bonnyville No. 87,2014,Life Expectancy,Male,Years,76.05874
4812004,Bonnyville No. 87,2015,Life Expectancy,Male,Years,76.37023
4812004,Bonnyville No. 87,2016,Life Expectancy,Male,Years,76.51726
4812004,Bonnyville No. 87,2017,Life Expectancy,Male,Years,76.49812
4812004,Bonnyville No. 87,2018,Life Expectancy,Male,Years,76.74682
4812004,Bonnyville No. 87,2019,Life Expectancy,Male,Years,76.82149
4812004,Bonnyville No. 87,2020,Life Expectancy,Male,Years,77.20438
4812004,Bonnyville No. 87,2021,Life Expectancy,Male,Years,77.15298
4812004,Bonnyville No. 87,2022,Life Expectancy,Male,Years,76.87976
4812004,Bonnyville No. 87,2023,Life Expectancy,Male,Years,76.95000
4812004,Bonnyville No. 87,2011,Life Expectancy,Both,Years,78.08297
4812004,Bonnyville No. 87,2012,Life Expectancy,Both,Years,78.25852
4812004,Bonnyville No. 87,2013,Life Expectancy,Both,Years,78.52237
4812004,Bonnyville No. 87,2014,Life Expectancy,Both,Years,78.70154
4812004,Bonnyville No. 87,2015,Life Expectancy,Both,Years,78.96508
4812004,Bonnyville No. 87,2016,Life Expectancy,Both,Years,79.11351
4812004,Bonnyville No. 87,2017,Life Expectancy,Both,Years,79.17682
4812004,Bonnyville No. 87,2018,Life Expectancy,Both,Years,79.31389
4812004,Bonnyville No. 87,2019,Life Expectancy,Both,Years,79.39848
4812004,Bonnyville No. 87,2020,Life Expectancy,Both,Years,79.66190
4812004,Bonnyville No. 87,2021,Life Expectancy,Both,Years,79.46072
4812004,Bonnyville No. 87,2022,Life Expectancy,Both,Years,79.23050
4812004,Bonnyville No. 87,2023,Life Expectancy,Both,Years,79.40000
4812009,Bonnyville,2011,Life Expectancy,Female,Years,80.84000
4812009,Bonnyville,2012,Life Expectancy,Female,Years,80.88000
4812009,Bonnyville,2013,Life Expectancy,Female,Years,81.00000
4812009,Bonnyville,2014,Life Expectancy,Female,Years,81.05000
4812009,Bonnyville,2015,Life Expectancy,Female,Years,81.33000
4812009,Bonnyville,2016,Life Expectancy,Female,Years,81.84000
4812009,Bonnyville,2017,Life Expectancy,Female,Years,82.11000
4812009,Bonnyville,2018,Life Expectancy,Female,Years,82.06000
4812009,Bonnyville,2019,Life Expectancy,Female,Years,82.31000
4812009,Bonnyville,2020,Life Expectancy,Female,Years,82.73000
4812009,Bonnyville,2021,Life Expectancy,Female,Years,82.29000
4812009,Bonnyville,2022,Life Expectancy,Female,Years,82.21000
4812009,Bonnyville,2011,Life Expectancy,Male,Years,75.44000
4812009,Bonnyville,2012,Life Expectancy,Male,Years,75.55000
4812009,Bonnyville,2013,Life Expectancy,Male,Years,75.87000
4812009,Bonnyville,2014,Life Expectancy,Male,Years,76.34000
4812009,Bonnyville,2015,Life Expectancy,Male,Years,76.60000
4812009,Bonnyville,2016,Life Expectancy,Male,Years,76.90000
4812009,Bonnyville,2017,Life Expectancy,Male,Years,77.10000
4812009,Bonnyville,2018,Life Expectancy,Male,Years,77.39000
4812009,Bonnyville,2019,Life Expectancy,Male,Years,77.45000
4812009,Bonnyville,2020,Life Expectancy,Male,Years,77.62000
4812009,Bonnyville,2021,Life Expectancy,Male,Years,77.74000
4812009,Bonnyville,2022,Life Expectancy,Male,Years,77.78000
4812009,Bonnyville,2011,Life Expectancy,Both,Years,77.92000
4812009,Bonnyville,2012,Life Expectancy,Both,Years,78.01000
4812009,Bonnyville,2013,Life Expectancy,Both,Years,78.25000
4812009,Bonnyville,2014,Life Expectancy,Both,Years,78.54000
4812009,Bonnyville,2015,Life Expectancy,Both,Years,78.83000
4812009,Bonnyville,2016,Life Expectancy,Both,Years,79.24000
4812009,Bonnyville,2017,Life Expectancy,Both,Years,79.47000
4812009,Bonnyville,2018,Life Expectancy,Both,Years,79.61000
4812009,Bonnyville,2019,Life Expectancy,Both,Years,79.76000
4812009,Bonnyville,2020,Life Expectancy,Both,Years,80.04000
4812009,Bonnyville,2021,Life Expectancy,Both,Years,79.90000
4812009,Bonnyville,2022,Life Expectancy,Both,Years,79.88000
4812012,Glendon,2011,Life Expectancy,Female,Years,80.84000
4812012,Glendon,2012,Life Expectancy,Female,Years,80.88000
4812012,Glendon,2013,Life Expectancy,Female,Years,81.00000
4812012,Glendon,2014,Life Expectancy,Female,Years,81.05000
4812012,Glendon,2015,Life Expectancy,Female,Years,81.33000
4812012,Glendon,2016,Life Expectancy,Female,Years,81.84000
4812012,Glendon,2017,Life Expectancy,Female,Years,82.11000
4812012,Glendon,2018,Life Expectancy,Female,Years,82.06000
4812012,Glendon,2019,Life Expectancy,Female,Years,82.31000
4812012,Glendon,2020,Life Expectancy,Female,Years,82.73000
4812012,Glendon,2021,Life Expectancy,Female,Years,82.29000
4812012,Glendon,2022,Life Expectancy,Female,Years,82.21000
4812012,Glendon,2023,Life Expectancy,Female,Years,82.48000
4812012,Glendon,2011,Life Expectancy,Male,Years,75.44000
4812012,Glendon,2012,Life Expectancy,Male,Years,75.55000
4812012,Glendon,2013,Life Expectancy,Male,Years,75.87000
4812012,Glendon,2014,Life Expectancy,Male,Years,76.34000
4812012,Glendon,2015,Life Expectancy,Male,Years,76.60000
4812012,Glendon,2016,Life Expectancy,Male,Years,76.90000
4812012,Glendon,2017,Life Expectancy,Male,Years,77.10000
4812012,Glendon,2018,Life Expectancy,Male,Years,77.39000
4812012,Glendon,2019,Life Expectancy,Male,Years,77.45000
4812012,Glendon,2020,Life Expectancy,Male,Years,77.62000
4812012,Glendon,2021,Life Expectancy,Male,Years,77.74000
4812012,Glendon,2022,Life Expectancy,Male,Years,77.78000
4812012,Glendon,2023,Life Expectancy,Male,Years,78.02000
4812012,Glendon,2011,Life Expectancy,Both,Years,77.92000
4812012,Glendon,2012,Life Expectancy,Both,Years,78.01000
4812012,Glendon,2013,Life Expectancy,Both,Years,78.25000
4812012,Glendon,2014,Life Expectancy,Both,Years,78.54000
4812012,Glendon,2015,Life Expectancy,Both,Years,78.83000
4812012,Glendon,2016,Life Expectancy,Both,Years,79.24000
4812012,Glendon,2017,Life Expectancy,Both,Years,79.47000
4812012,Glendon,2018,Life Expectancy,Both,Years,79.61000
4812012,Glendon,2019,Life Expectancy,Both,Years,79.76000
4812012,Glendon,2020,Life Expectancy,Both,Years,80.04000
4812012,Glendon,2021,Life Expectancy,Both,Years,79.90000
4812012,Glendon,2022,Life Expectancy,Both,Years,79.88000
4812012,Glendon,2023,Life Expectancy,Both,Years,80.15000
4812014,St. Paul County No. 19,2011,Life Expectancy,Female,Years,80.19079
4812014,St. Paul County No. 19,2012,Life Expectancy,Female,Years,80.36062
4812014,St. Paul County No. 19,2013,Life Expectancy,Female,Years,80.50627
4812014,St. Paul County No. 19,2014,Life Expectancy,Female,Years,79.97614
4812014,St. Paul County No. 19,2015,Life Expectancy,Female,Years,79.98660
4812014,St. Paul County No. 19,2016,Life Expectancy,Female,Years,79.75000
4812014,St. Paul County No. 19,2017,Life Expectancy,Female,Years,79.66972
4812014,St. Paul County No. 19,2018,Life Expectancy,Female,Years,79.52360
4812014,St. Paul County No. 19,2019,Life Expectancy,Female,Years,79.25765
4812014,St. Paul County No. 19,2020,Life Expectancy,Female,Years,79.40287
4812014,St. Paul County No. 19,2021,Life Expectancy,Female,Years,78.97753
4812014,St. Paul County No. 19,2022,Life Expectancy,Female,Years,78.68081
4812014,St. Paul County No. 19,2023,Life Expectancy,Female,Years,77.76000
4812014,St. Paul County No. 19,2011,Life Expectancy,Male,Years,73.31259
4812014,St. Paul County No. 19,2012,Life Expectancy,Male,Years,73.05600
4812014,St. Paul County No. 19,2013,Life Expectancy,Male,Years,73.22954
4812014,St. Paul County No. 19,2014,Life Expectancy,Male,Years,72.93284
4812014,St. Paul County No. 19,2015,Life Expectancy,Male,Years,72.65419
4812014,St. Paul County No. 19,2016,Life Expectancy,Male,Years,72.96523
4812014,St. Paul County No. 19,2017,Life Expectancy,Male,Years,73.08800
4812014,St. Paul County No. 19,2018,Life Expectancy,Male,Years,73.28697
4812014,St. Paul County No. 19,2019,Life Expectancy,Male,Years,73.34579
4812014,St. Paul County No. 19,2020,Life Expectancy,Male,Years,73.22966
4812014,St. Paul County No. 19,2021,Life Expectancy,Male,Years,72.54165
4812014,St. Paul County No. 19,2022,Life Expectancy,Male,Years,72.36824
4812014,St. Paul County No. 19,2023,Life Expectancy,Male,Years,72.62000
4812014,St. Paul County No. 19,2011,Life Expectancy,Both,Years,76.52871
4812014,St. Paul County No. 19,2012,Life Expectancy,Both,Years,76.45863
4812014,St. Paul County No. 19,2013,Life Expectancy,Both,Years,76.62449
4812014,St. Paul County No. 19,2014,Life Expectancy,Both,Years,76.21634
4812014,St. Paul County No. 19,2015,Life Expectancy,Both,Years,76.06522
4812014,St. Paul County No. 19,2016,Life Expectancy,Both,Years,76.13829
4812014,St. Paul County No. 19,2017,Life Expectancy,Both,Years,76.17927
4812014,St. Paul County No. 19,2018,Life Expectancy,Both,Years,76.23522
4812014,St. Paul County No. 19,2019,Life Expectancy,Both,Years,76.12549
4812014,St. Paul County No. 19,2020,Life Expectancy,Both,Years,76.12751
4812014,St. Paul County No. 19,2021,Life Expectancy,Both,Years,75.54677
4812014,St. Paul County No. 19,2022,Life Expectancy,Both,Years,75.33133
4812014,St. Paul County No. 19,2023,Life Expectancy,Both,Years,75.00000
4812016,Elk Point,2011,Life Expectancy,Female,Years,80.26000
4812016,Elk Point,2012,Life Expectancy,Female,Years,80.91000
4812016,Elk Point,2013,Life Expectancy,Female,Years,81.10000
4812016,Elk Point,2014,Life Expectancy,Female,Years,79.90000
4812016,Elk Point,2015,Life Expectancy,Female,Years,80.20000
4812016,Elk Point,2016,Life Expectancy,Female,Years,79.75000
4812016,Elk Point,2017,Life Expectancy,Female,Years,79.57000
4812016,Elk Point,2018,Life Expectancy,Female,Years,79.47000
4812016,Elk Point,2019,Life Expectancy,Female,Years,79.02000
4812016,Elk Point,2020,Life Expectancy,Female,Years,78.45000
4812016,Elk Point,2021,Life Expectancy,Female,Years,78.12000
4812016,Elk Point,2022,Life Expectancy,Female,Years,77.93000
4812016,Elk Point,2011,Life Expectancy,Male,Years,73.07000
4812016,Elk Point,2012,Life Expectancy,Male,Years,72.46000
4812016,Elk Point,2013,Life Expectancy,Male,Years,72.35000
4812016,Elk Point,2014,Life Expectancy,Male,Years,72.67000
4812016,Elk Point,2015,Life Expectancy,Male,Years,72.88000
4812016,Elk Point,2016,Life Expectancy,Male,Years,72.89000
4812016,Elk Point,2017,Life Expectancy,Male,Years,72.68000
4812016,Elk Point,2018,Life Expectancy,Male,Years,72.35000
4812016,Elk Point,2019,Life Expectancy,Male,Years,72.28000
4812016,Elk Point,2020,Life Expectancy,Male,Years,73.26000
4812016,Elk Point,2021,Life Expectancy,Male,Years,72.83000
4812016,Elk Point,2022,Life Expectancy,Male,Years,72.89000
4812016,Elk Point,2011,Life Expectancy,Both,Years,76.46000
4812016,Elk Point,2012,Life Expectancy,Both,Years,76.36000
4812016,Elk Point,2013,Life Expectancy,Both,Years,76.39000
4812016,Elk Point,2014,Life Expectancy,Both,Years,76.05000
4812016,Elk Point,2015,Life Expectancy,Both,Years,76.30000
4812016,Elk Point,2016,Life Expectancy,Both,Years,76.07000
4812016,Elk Point,2017,Life Expectancy,Both,Years,75.89000
4812016,Elk Point,2018,Life Expectancy,Both,Years,75.68000
4812016,Elk Point,2019,Life Expectancy,Both,Years,75.41000
4812016,Elk Point,2020,Life Expectancy,Both,Years,75.70000
4812016,Elk Point,2021,Life Expectancy,Both,Years,75.28000
4812016,Elk Point,2022,Life Expectancy,Both,Years,75.24000
4812018,St. Paul,2011,Life Expectancy,Female,Years,80.17000
4812018,St. Paul,2012,Life Expectancy,Female,Years,80.19000
4812018,St. Paul,2013,Life Expectancy,Female,Years,80.32000
4812018,St. Paul,2014,Life Expectancy,Female,Years,80.00000
4812018,St. Paul,2015,Life Expectancy,Female,Years,79.92000
4812018,St. Paul,2016,Life Expectancy,Female,Years,79.75000
4812018,St. Paul,2017,Life Expectancy,Female,Years,79.70000
4812018,St. Paul,2018,Life Expectancy,Female,Years,79.54000
4812018,St. Paul,2019,Life Expectancy,Female,Years,79.33000
4812018,St. Paul,2020,Life Expectancy,Female,Years,79.69000
4812018,St. Paul,2021,Life Expectancy,Female,Years,79.24000
4812018,St. Paul,2022,Life Expectancy,Female,Years,78.91000
4812018,St. Paul,2011,Life Expectancy,Male,Years,73.39000
4812018,St. Paul,2012,Life Expectancy,Male,Years,73.25000
4812018,St. Paul,2013,Life Expectancy,Male,Years,73.52000
4812018,St. Paul,2014,Life Expectancy,Male,Years,73.02000
4812018,St. Paul,2015,Life Expectancy,Male,Years,72.58000
4812018,St. Paul,2016,Life Expectancy,Male,Years,72.99000
4812018,St. Paul,2017,Life Expectancy,Male,Years,73.22000
4812018,St. Paul,2018,Life Expectancy,Male,Years,73.59000
4812018,St. Paul,2019,Life Expectancy,Male,Years,73.69000
4812018,St. Paul,2020,Life Expectancy,Male,Years,73.22000
4812018,St. Paul,2021,Life Expectancy,Male,Years,72.45000
4812018,St. Paul,2022,Life Expectancy,Male,Years,72.20000
4812018,St. Paul,2011,Life Expectancy,Both,Years,76.55000
4812018,St. Paul,2012,Life Expectancy,Both,Years,76.49000
4812018,St. Paul,2013,Life Expectancy,Both,Years,76.70000
4812018,St. Paul,2014,Life Expectancy,Both,Years,76.27000
4812018,St. Paul,2015,Life Expectancy,Both,Years,75.99000
4812018,St. Paul,2016,Life Expectancy,Both,Years,76.16000
4812018,St. Paul,2017,Life Expectancy,Both,Years,76.27000
4812018,St. Paul,2018,Life Expectancy,Both,Years,76.41000
4812018,St. Paul,2019,Life Expectancy,Both,Years,76.35000
4812018,St. Paul,2020,Life Expectancy,Both,Years,76.26000
4812018,St. Paul,2021,Life Expectancy,Both,Years,75.63000
4812018,St. Paul,2022,Life Expectancy,Both,Years,75.36000
4812022,Smoky Lake County,2011,Life Expectancy,Female,Years,80.76806
4812022,Smoky Lake County,2012,Life Expectancy,Female,Years,80.81694
4812022,Smoky Lake County,2013,Life Expectancy,Female,Years,80.80828
4812022,Smoky Lake County,2014,Life Expectancy,Female,Years,81.15057
4812022,Smoky Lake County,2015,Life Expectancy,Female,Years,81.23684
4812022,Smoky Lake County,2016,Life Expectancy,Female,Years,81.35158
4812022,Smoky Lake County,2017,Life Expectancy,Female,Years,82.01340
4812022,Smoky Lake County,2018,Life Expectancy,Female,Years,81.91443
4812022,Smoky Lake County,2019,Life Expectancy,Female,Years,81.62733
4812022,Smoky Lake County,2020,Life Expectancy,Female,Years,81.13222
4812022,Smoky Lake County,2021,Life Expectancy,Female,Years,80.98870
4812022,Smoky Lake County,2022,Life Expectancy,Female,Years,80.80098
4812022,Smoky Lake County,2023,Life Expectancy,Female,Years,80.82000
4812022,Smoky Lake County,2011,Life Expectancy,Male,Years,74.21243
4812022,Smoky Lake County,2012,Life Expectancy,Male,Years,74.27759
4812022,Smoky Lake County,2013,Life Expectancy,Male,Years,73.94476
4812022,Smoky Lake County,2014,Life Expectancy,Male,Years,73.99283
4812022,Smoky Lake County,2015,Life Expectancy,Male,Years,73.99337
4812022,Smoky Lake County,2016,Life Expectancy,Male,Years,74.09668
4812022,Smoky Lake County,2017,Life Expectancy,Male,Years,74.62132
4812022,Smoky Lake County,2018,Life Expectancy,Male,Years,74.81426
4812022,Smoky Lake County,2019,Life Expectancy,Male,Years,74.67578
4812022,Smoky Lake County,2020,Life Expectancy,Male,Years,74.58764
4812022,Smoky Lake County,2021,Life Expectancy,Male,Years,74.18172
4812022,Smoky Lake County,2022,Life Expectancy,Male,Years,74.52093
4812022,Smoky Lake County,2023,Life Expectancy,Male,Years,74.79000
4812022,Smoky Lake County,2011,Life Expectancy,Both,Years,77.24329
4812022,Smoky Lake County,2012,Life Expectancy,Both,Years,77.29217
4812022,Smoky Lake County,2013,Life Expectancy,Both,Years,77.06922
4812022,Smoky Lake County,2014,Life Expectancy,Both,Years,77.24382
4812022,Smoky Lake County,2015,Life Expectancy,Both,Years,77.27259
4812022,Smoky Lake County,2016,Life Expectancy,Both,Years,77.36743
4812022,Smoky Lake County,2017,Life Expectancy,Both,Years,77.94801
4812022,Smoky Lake County,2018,Life Expectancy,Both,Years,78.03255
4812022,Smoky Lake County,2019,Life Expectancy,Both,Years,77.84015
4812022,Smoky Lake County,2020,Life Expectancy,Both,Years,77.59179
4812022,Smoky Lake County,2021,Life Expectancy,Both,Years,77.29982
4812022,Smoky Lake County,2022,Life Expectancy,Both,Years,77.43106
4812022,Smoky Lake County,2023,Life Expectancy,Both,Years,77.61000
4812024,Vilna,2011,Life Expectancy,Female,Years,82.26000
4812024,Vilna,2012,Life Expectancy,Female,Years,82.43000
4812024,Vilna,2013,Life Expectancy,Female,Years,82.06000
4812024,Vilna,2014,Life Expectancy,Female,Years,82.28000
4812024,Vilna,2015,Life Expectancy,Female,Years,82.26000
4812024,Vilna,2016,Life Expectancy,Female,Years,81.84000
4812024,Vilna,2017,Life Expectancy,Female,Years,82.51000
4812024,Vilna,2018,Life Expectancy,Female,Years,82.64000
4812024,Vilna,2019,Life Expectancy,Female,Years,82.53000
4812024,Vilna,2020,Life Expectancy,Female,Years,82.15000
4812024,Vilna,2021,Life Expectancy,Female,Years,81.68000
4812024,Vilna,2022,Life Expectancy,Female,Years,81.72000
4812024,Vilna,2011,Life Expectancy,Male,Years,74.90000
4812024,Vilna,2012,Life Expectancy,Male,Years,75.41000
4812024,Vilna,2013,Life Expectancy,Male,Years,74.99000
4812024,Vilna,2014,Life Expectancy,Male,Years,75.11000
4812024,Vilna,2015,Life Expectancy,Male,Years,74.59000
4812024,Vilna,2016,Life Expectancy,Male,Years,74.29000
4812024,Vilna,2017,Life Expectancy,Male,Years,74.47000
4812024,Vilna,2018,Life Expectancy,Male,Years,74.28000
4812024,Vilna,2019,Life Expectancy,Male,Years,74.32000
4812024,Vilna,2020,Life Expectancy,Male,Years,73.66000
4812024,Vilna,2021,Life Expectancy,Male,Years,74.40000
4812024,Vilna,2022,Life Expectancy,Male,Years,74.48000
4812024,Vilna,2011,Life Expectancy,Both,Years,78.23000
4812024,Vilna,2012,Life Expectancy,Both,Years,78.59000
4812024,Vilna,2013,Life Expectancy,Both,Years,78.17000
4812024,Vilna,2014,Life Expectancy,Both,Years,78.35000
4812024,Vilna,2015,Life Expectancy,Both,Years,78.00000
4812024,Vilna,2016,Life Expectancy,Both,Years,77.65000
4812024,Vilna,2017,Life Expectancy,Both,Years,78.01000
4812024,Vilna,2018,Life Expectancy,Both,Years,77.95000
4812024,Vilna,2019,Life Expectancy,Both,Years,77.95000
4812024,Vilna,2020,Life Expectancy,Both,Years,77.42000
4812024,Vilna,2021,Life Expectancy,Both,Years,77.65000
4812024,Vilna,2022,Life Expectancy,Both,Years,77.74000
4812026,Waskatenau,2011,Life Expectancy,Female,Years,82.26000
4812026,Waskatenau,2012,Life Expectancy,Female,Years,82.43000
4812026,Waskatenau,2013,Life Expectancy,Female,Years,82.06000
4812026,Waskatenau,2014,Life Expectancy,Female,Years,82.28000
4812026,Waskatenau,2015,Life Expectancy,Female,Years,82.26000
4812026,Waskatenau,2016,Life Expectancy,Female,Years,81.84000
4812026,Waskatenau,2017,Life Expectancy,Female,Years,82.51000
4812026,Waskatenau,2018,Life Expectancy,Female,Years,82.64000
4812026,Waskatenau,2019,Life Expectancy,Female,Years,82.53000
4812026,Waskatenau,2020,Life Expectancy,Female,Years,82.15000
4812026,Waskatenau,2021,Life Expectancy,Female,Years,81.68000
4812026,Waskatenau,2022,Life Expectancy,Female,Years,81.72000
4812026,Waskatenau,2011,Life Expectancy,Male,Years,74.90000
4812026,Waskatenau,2012,Life Expectancy,Male,Years,75.41000
4812026,Waskatenau,2013,Life Expectancy,Male,Years,74.99000
4812026,Waskatenau,2014,Life Expectancy,Male,Years,75.11000
4812026,Waskatenau,2015,Life Expectancy,Male,Years,74.59000
4812026,Waskatenau,2016,Life Expectancy,Male,Years,74.29000
4812026,Waskatenau,2017,Life Expectancy,Male,Years,74.47000
4812026,Waskatenau,2018,Life Expectancy,Male,Years,74.28000
4812026,Waskatenau,2019,Life Expectancy,Male,Years,74.32000
4812026,Waskatenau,2020,Life Expectancy,Male,Years,73.66000
4812026,Waskatenau,2021,Life Expectancy,Male,Years,74.40000
4812026,Waskatenau,2022,Life Expectancy,Male,Years,74.48000
4812026,Waskatenau,2011,Life Expectancy,Both,Years,78.23000
4812026,Waskatenau,2012,Life Expectancy,Both,Years,78.59000
4812026,Waskatenau,2013,Life Expectancy,Both,Years,78.17000
4812026,Waskatenau,2014,Life Expectancy,Both,Years,78.35000
4812026,Waskatenau,2015,Life Expectancy,Both,Years,78.00000
4812026,Waskatenau,2016,Life Expectancy,Both,Years,77.65000
4812026,Waskatenau,2017,Life Expectancy,Both,Years,78.01000
4812026,Waskatenau,2018,Life Expectancy,Both,Years,77.95000
4812026,Waskatenau,2019,Life Expectancy,Both,Years,77.95000
4812026,Waskatenau,2020,Life Expectancy,Both,Years,77.42000
4812026,Waskatenau,2021,Life Expectancy,Both,Years,77.65000
4812026,Waskatenau,2022,Life Expectancy,Both,Years,77.74000
4811008,Ma-Me-O Beach,2011,Life Expectancy,Female,Years,78.91000
4811008,Ma-Me-O Beach,2012,Life Expectancy,Female,Years,78.68000
4811008,Ma-Me-O Beach,2013,Life Expectancy,Female,Years,78.65000
4811008,Ma-Me-O Beach,2014,Life Expectancy,Female,Years,78.52000
4811008,Ma-Me-O Beach,2015,Life Expectancy,Female,Years,78.74000
4811008,Ma-Me-O Beach,2016,Life Expectancy,Female,Years,78.86000
4811008,Ma-Me-O Beach,2017,Life Expectancy,Female,Years,78.88000
4811008,Ma-Me-O Beach,2018,Life Expectancy,Female,Years,78.80000
4811008,Ma-Me-O Beach,2019,Life Expectancy,Female,Years,79.18000
4811008,Ma-Me-O Beach,2020,Life Expectancy,Female,Years,78.55000
4811008,Ma-Me-O Beach,2021,Life Expectancy,Female,Years,78.01000
4811008,Ma-Me-O Beach,2022,Life Expectancy,Female,Years,77.71000
4811008,Ma-Me-O Beach,2011,Life Expectancy,Male,Years,74.28000
4811008,Ma-Me-O Beach,2012,Life Expectancy,Male,Years,74.50000
4811008,Ma-Me-O Beach,2013,Life Expectancy,Male,Years,74.89000
4811008,Ma-Me-O Beach,2014,Life Expectancy,Male,Years,74.37000
4811008,Ma-Me-O Beach,2015,Life Expectancy,Male,Years,73.92000
4811008,Ma-Me-O Beach,2016,Life Expectancy,Male,Years,74.02000
4811008,Ma-Me-O Beach,2017,Life Expectancy,Male,Years,73.95000
4811008,Ma-Me-O Beach,2018,Life Expectancy,Male,Years,74.22000
4811008,Ma-Me-O Beach,2019,Life Expectancy,Male,Years,74.26000
4811008,Ma-Me-O Beach,2020,Life Expectancy,Male,Years,73.93000
4811008,Ma-Me-O Beach,2021,Life Expectancy,Male,Years,72.81000
4811008,Ma-Me-O Beach,2022,Life Expectancy,Male,Years,71.68000
4811008,Ma-Me-O Beach,2011,Life Expectancy,Both,Years,76.55000
4811008,Ma-Me-O Beach,2012,Life Expectancy,Both,Years,76.56000
4811008,Ma-Me-O Beach,2013,Life Expectancy,Both,Years,76.75000
4811008,Ma-Me-O Beach,2014,Life Expectancy,Both,Years,76.40000
4811008,Ma-Me-O Beach,2015,Life Expectancy,Both,Years,76.27000
4811008,Ma-Me-O Beach,2016,Life Expectancy,Both,Years,76.36000
4811008,Ma-Me-O Beach,2017,Life Expectancy,Both,Years,76.34000
4811008,Ma-Me-O Beach,2018,Life Expectancy,Both,Years,76.44000
4811008,Ma-Me-O Beach,2019,Life Expectancy,Both,Years,76.65000
4811008,Ma-Me-O Beach,2020,Life Expectancy,Both,Years,76.18000
4811008,Ma-Me-O Beach,2021,Life Expectancy,Both,Years,75.32000
4811008,Ma-Me-O Beach,2022,Life Expectancy,Both,Years,74.56000
4811066,Bon Accord,2011,Life Expectancy,Female,Years,81.80000
4811066,Bon Accord,2012,Life Expectancy,Female,Years,81.87000
4811066,Bon Accord,2013,Life Expectancy,Female,Years,81.87000
4811066,Bon Accord,2014,Life Expectancy,Female,Years,81.99000
4811066,Bon Accord,2015,Life Expectancy,Female,Years,82.56000
4811066,Bon Accord,2016,Life Expectancy,Female,Years,81.99000
4811066,Bon Accord,2017,Life Expectancy,Female,Years,82.03000
4811066,Bon Accord,2018,Life Expectancy,Female,Years,81.98000
4811066,Bon Accord,2019,Life Expectancy,Female,Years,82.40000
4811066,Bon Accord,2020,Life Expectancy,Female,Years,82.59000
4811066,Bon Accord,2021,Life Expectancy,Female,Years,82.63000
4811066,Bon Accord,2022,Life Expectancy,Female,Years,82.60000
4811066,Bon Accord,2011,Life Expectancy,Male,Years,77.17000
4811066,Bon Accord,2012,Life Expectancy,Male,Years,77.60000
4811066,Bon Accord,2013,Life Expectancy,Male,Years,77.74000
4811066,Bon Accord,2014,Life Expectancy,Male,Years,78.06000
4811066,Bon Accord,2015,Life Expectancy,Male,Years,78.33000
4811066,Bon Accord,2016,Life Expectancy,Male,Years,78.74000
4811066,Bon Accord,2017,Life Expectancy,Male,Years,78.91000
4811066,Bon Accord,2018,Life Expectancy,Male,Years,78.91000
4811066,Bon Accord,2019,Life Expectancy,Male,Years,79.15000
4811066,Bon Accord,2020,Life Expectancy,Male,Years,79.21000
4811066,Bon Accord,2021,Life Expectancy,Male,Years,79.41000
4811066,Bon Accord,2022,Life Expectancy,Male,Years,79.14000
4811066,Bon Accord,2011,Life Expectancy,Both,Years,79.39000
4811066,Bon Accord,2012,Life Expectancy,Both,Years,79.67000
4811066,Bon Accord,2013,Life Expectancy,Both,Years,79.74000
4811066,Bon Accord,2014,Life Expectancy,Both,Years,79.99000
4811066,Bon Accord,2015,Life Expectancy,Both,Years,80.39000
4811066,Bon Accord,2016,Life Expectancy,Both,Years,80.34000
4811066,Bon Accord,2017,Life Expectancy,Both,Years,80.45000
4811066,Bon Accord,2018,Life Expectancy,Both,Years,80.41000
4811066,Bon Accord,2019,Life Expectancy,Both,Years,80.73000
4811066,Bon Accord,2020,Life Expectancy,Both,Years,80.84000
4811066,Bon Accord,2021,Life Expectancy,Both,Years,80.97000
4811066,Bon Accord,2022,Life Expectancy,Both,Years,80.81000
4819071,Peace No. 135,2011,Life Expectancy,Female,Years,82.32000
4819071,Peace No. 135,2012,Life Expectancy,Female,Years,82.04000
4819071,Peace No. 135,2013,Life Expectancy,Female,Years,82.41000
4819071,Peace No. 135,2014,Life Expectancy,Female,Years,82.29000
4819071,Peace No. 135,2015,Life Expectancy,Female,Years,82.02000
4819071,Peace No. 135,2016,Life Expectancy,Female,Years,81.70000
4819071,Peace No. 135,2017,Life Expectancy,Female,Years,81.27000
4819071,Peace No. 135,2018,Life Expectancy,Female,Years,80.80000
4819071,Peace No. 135,2019,Life Expectancy,Female,Years,80.55000
4819071,Peace No. 135,2020,Life Expectancy,Female,Years,79.91000
4819071,Peace No. 135,2021,Life Expectancy,Female,Years,79.72000
4819071,Peace No. 135,2022,Life Expectancy,Female,Years,79.83000
4819071,Peace No. 135,2023,Life Expectancy,Female,Years,79.36000
4819071,Peace No. 135,2011,Life Expectancy,Male,Years,76.18000
4819071,Peace No. 135,2012,Life Expectancy,Male,Years,76.23000
4819071,Peace No. 135,2013,Life Expectancy,Male,Years,76.30000
4819071,Peace No. 135,2014,Life Expectancy,Male,Years,76.31000
4819071,Peace No. 135,2015,Life Expectancy,Male,Years,76.05000
4819071,Peace No. 135,2016,Life Expectancy,Male,Years,75.88000
4819071,Peace No. 135,2017,Life Expectancy,Male,Years,76.48000
4819071,Peace No. 135,2018,Life Expectancy,Male,Years,76.55000
4819071,Peace No. 135,2019,Life Expectancy,Male,Years,76.68000
4819071,Peace No. 135,2020,Life Expectancy,Male,Years,76.30000
4819071,Peace No. 135,2021,Life Expectancy,Male,Years,76.36000
4819071,Peace No. 135,2022,Life Expectancy,Male,Years,76.14000
4819071,Peace No. 135,2023,Life Expectancy,Male,Years,75.92000
4819071,Peace No. 135,2011,Life Expectancy,Both,Years,79.04000
4819071,Peace No. 135,2012,Life Expectancy,Both,Years,78.94000
4819071,Peace No. 135,2013,Life Expectancy,Both,Years,79.15000
4819071,Peace No. 135,2014,Life Expectancy,Both,Years,79.10000
4819071,Peace No. 135,2015,Life Expectancy,Both,Years,78.83000
4819071,Peace No. 135,2016,Life Expectancy,Both,Years,78.59000
4819071,Peace No. 135,2017,Life Expectancy,Both,Years,78.71000
4819071,Peace No. 135,2018,Life Expectancy,Both,Years,78.52000
4819071,Peace No. 135,2019,Life Expectancy,Both,Years,78.49000
4819071,Peace No. 135,2020,Life Expectancy,Both,Years,77.99000
4819071,Peace No. 135,2021,Life Expectancy,Both,Years,77.92000
4819071,Peace No. 135,2022,Life Expectancy,Both,Years,77.84000
4819071,Peace No. 135,2023,Life Expectancy,Both,Years,77.51000
4819072,Berwyn,2011,Life Expectancy,Female,Years,82.32000
4819072,Berwyn,2012,Life Expectancy,Female,Years,82.04000
4819072,Berwyn,2013,Life Expectancy,Female,Years,82.41000
4819072,Berwyn,2014,Life Expectancy,Female,Years,82.29000
4819072,Berwyn,2015,Life Expectancy,Female,Years,82.02000
4819072,Berwyn,2016,Life Expectancy,Female,Years,81.70000
4819072,Berwyn,2017,Life Expectancy,Female,Years,81.27000
4819072,Berwyn,2018,Life Expectancy,Female,Years,80.80000
4819072,Berwyn,2019,Life Expectancy,Female,Years,80.55000
4819072,Berwyn,2020,Life Expectancy,Female,Years,79.91000
4819072,Berwyn,2021,Life Expectancy,Female,Years,79.72000
4819072,Berwyn,2022,Life Expectancy,Female,Years,79.83000
4819072,Berwyn,2011,Life Expectancy,Male,Years,76.18000
4819072,Berwyn,2012,Life Expectancy,Male,Years,76.23000
4819072,Berwyn,2013,Life Expectancy,Male,Years,76.30000
4819072,Berwyn,2014,Life Expectancy,Male,Years,76.31000
4819072,Berwyn,2015,Life Expectancy,Male,Years,76.05000
4819072,Berwyn,2016,Life Expectancy,Male,Years,75.88000
4819072,Berwyn,2017,Life Expectancy,Male,Years,76.48000
4819072,Berwyn,2018,Life Expectancy,Male,Years,76.55000
4819072,Berwyn,2019,Life Expectancy,Male,Years,76.68000
4819072,Berwyn,2020,Life Expectancy,Male,Years,76.30000
4819072,Berwyn,2021,Life Expectancy,Male,Years,76.36000
4819072,Berwyn,2022,Life Expectancy,Male,Years,76.14000
4819072,Berwyn,2011,Life Expectancy,Both,Years,79.04000
4819072,Berwyn,2012,Life Expectancy,Both,Years,78.94000
4819072,Berwyn,2013,Life Expectancy,Both,Years,79.15000
4819072,Berwyn,2014,Life Expectancy,Both,Years,79.10000
4819072,Berwyn,2015,Life Expectancy,Both,Years,78.83000
4819072,Berwyn,2016,Life Expectancy,Both,Years,78.59000
4819072,Berwyn,2017,Life Expectancy,Both,Years,78.71000
4819072,Berwyn,2018,Life Expectancy,Both,Years,78.52000
4819072,Berwyn,2019,Life Expectancy,Both,Years,78.49000
4819072,Berwyn,2020,Life Expectancy,Both,Years,77.99000
4819072,Berwyn,2021,Life Expectancy,Both,Years,77.92000
4819072,Berwyn,2022,Life Expectancy,Both,Years,77.84000
4819074,Grimshaw,2011,Life Expectancy,Female,Years,82.32000
4819074,Grimshaw,2012,Life Expectancy,Female,Years,82.04000
4819074,Grimshaw,2013,Life Expectancy,Female,Years,82.41000
4819074,Grimshaw,2014,Life Expectancy,Female,Years,82.29000
4819074,Grimshaw,2015,Life Expectancy,Female,Years,82.02000
4819074,Grimshaw,2016,Life Expectancy,Female,Years,81.70000
4819074,Grimshaw,2017,Life Expectancy,Female,Years,81.27000
4819074,Grimshaw,2018,Life Expectancy,Female,Years,80.80000
4819074,Grimshaw,2019,Life Expectancy,Female,Years,80.55000
4819074,Grimshaw,2020,Life Expectancy,Female,Years,79.91000
4819074,Grimshaw,2021,Life Expectancy,Female,Years,79.72000
4819074,Grimshaw,2022,Life Expectancy,Female,Years,79.83000
4819074,Grimshaw,2011,Life Expectancy,Male,Years,76.18000
4819074,Grimshaw,2012,Life Expectancy,Male,Years,76.23000
4819074,Grimshaw,2013,Life Expectancy,Male,Years,76.30000
4819074,Grimshaw,2014,Life Expectancy,Male,Years,76.31000
4819074,Grimshaw,2015,Life Expectancy,Male,Years,76.05000
4819074,Grimshaw,2016,Life Expectancy,Male,Years,75.88000
4819074,Grimshaw,2017,Life Expectancy,Male,Years,76.48000
4819074,Grimshaw,2018,Life Expectancy,Male,Years,76.55000
4819074,Grimshaw,2019,Life Expectancy,Male,Years,76.68000
4819074,Grimshaw,2020,Life Expectancy,Male,Years,76.30000
4819074,Grimshaw,2021,Life Expectancy,Male,Years,76.36000
4819074,Grimshaw,2022,Life Expectancy,Male,Years,76.14000
4819074,Grimshaw,2011,Life Expectancy,Both,Years,79.04000
4819074,Grimshaw,2012,Life Expectancy,Both,Years,78.94000
4819074,Grimshaw,2013,Life Expectancy,Both,Years,79.15000
4819074,Grimshaw,2014,Life Expectancy,Both,Years,79.10000
4819074,Grimshaw,2015,Life Expectancy,Both,Years,78.83000
4819074,Grimshaw,2016,Life Expectancy,Both,Years,78.59000
4819074,Grimshaw,2017,Life Expectancy,Both,Years,78.71000
4819074,Grimshaw,2018,Life Expectancy,Both,Years,78.52000
4819074,Grimshaw,2019,Life Expectancy,Both,Years,78.49000
4819074,Grimshaw,2020,Life Expectancy,Both,Years,77.99000
4819074,Grimshaw,2021,Life Expectancy,Both,Years,77.92000
4819074,Grimshaw,2022,Life Expectancy,Both,Years,77.84000
4815007,Crowsnest Pass,2011,Life Expectancy,Female,Years,79.80000
4815007,Crowsnest Pass,2012,Life Expectancy,Female,Years,80.38000
4815007,Crowsnest Pass,2013,Life Expectancy,Female,Years,80.34000
4815007,Crowsnest Pass,2014,Life Expectancy,Female,Years,80.17000
4815007,Crowsnest Pass,2015,Life Expectancy,Female,Years,80.62000
4815007,Crowsnest Pass,2016,Life Expectancy,Female,Years,80.27000
4815007,Crowsnest Pass,2017,Life Expectancy,Female,Years,80.14000
4815007,Crowsnest Pass,2018,Life Expectancy,Female,Years,80.39000
4815007,Crowsnest Pass,2019,Life Expectancy,Female,Years,80.13000
4815007,Crowsnest Pass,2020,Life Expectancy,Female,Years,80.16000
4815007,Crowsnest Pass,2021,Life Expectancy,Female,Years,79.94000
4815007,Crowsnest Pass,2022,Life Expectancy,Female,Years,80.10000
4815007,Crowsnest Pass,2023,Life Expectancy,Female,Years,79.92000
4815007,Crowsnest Pass,2011,Life Expectancy,Male,Years,75.90000
4815007,Crowsnest Pass,2012,Life Expectancy,Male,Years,76.35000
4815007,Crowsnest Pass,2013,Life Expectancy,Male,Years,76.39000
4815007,Crowsnest Pass,2014,Life Expectancy,Male,Years,76.75000
4815007,Crowsnest Pass,2015,Life Expectancy,Male,Years,76.70000
4815007,Crowsnest Pass,2016,Life Expectancy,Male,Years,77.53000
4815007,Crowsnest Pass,2017,Life Expectancy,Male,Years,77.54000
4815007,Crowsnest Pass,2018,Life Expectancy,Male,Years,78.07000
4815007,Crowsnest Pass,2019,Life Expectancy,Male,Years,78.33000
4815007,Crowsnest Pass,2020,Life Expectancy,Male,Years,77.88000
4815007,Crowsnest Pass,2021,Life Expectancy,Male,Years,76.88000
4815007,Crowsnest Pass,2022,Life Expectancy,Male,Years,76.34000
4815007,Crowsnest Pass,2023,Life Expectancy,Male,Years,76.37000
4815007,Crowsnest Pass,2011,Life Expectancy,Both,Years,77.80000
4815007,Crowsnest Pass,2012,Life Expectancy,Both,Years,78.30000
4815007,Crowsnest Pass,2013,Life Expectancy,Both,Years,78.30000
4815007,Crowsnest Pass,2014,Life Expectancy,Both,Years,78.42000
4815007,Crowsnest Pass,2015,Life Expectancy,Both,Years,78.61000
4815007,Crowsnest Pass,2016,Life Expectancy,Both,Years,78.86000
4815007,Crowsnest Pass,2017,Life Expectancy,Both,Years,78.81000
4815007,Crowsnest Pass,2018,Life Expectancy,Both,Years,79.20000
4815007,Crowsnest Pass,2019,Life Expectancy,Both,Years,79.20000
4815007,Crowsnest Pass,2020,Life Expectancy,Both,Years,79.00000
4815007,Crowsnest Pass,2021,Life Expectancy,Both,Years,78.36000
4815007,Crowsnest Pass,2022,Life Expectancy,Both,Years,78.12000
4815007,Crowsnest Pass,2023,Life Expectancy,Both,Years,78.06000
4815013,Kananaskis,2011,Life Expectancy,Female,Years,83.63000
4815013,Kananaskis,2012,Life Expectancy,Female,Years,83.30000
4815013,Kananaskis,2013,Life Expectancy,Female,Years,83.07000
4815013,Kananaskis,2014,Life Expectancy,Female,Years,83.08000
4815013,Kananaskis,2015,Life Expectancy,Female,Years,82.88000
4815013,Kananaskis,2016,Life Expectancy,Female,Years,82.78000
4815013,Kananaskis,2017,Life Expectancy,Female,Years,83.07000
4815013,Kananaskis,2018,Life Expectancy,Female,Years,83.16000
4815013,Kananaskis,2019,Life Expectancy,Female,Years,83.34000
4815013,Kananaskis,2020,Life Expectancy,Female,Years,83.40000
4815013,Kananaskis,2021,Life Expectancy,Female,Years,83.03000
4815013,Kananaskis,2022,Life Expectancy,Female,Years,83.20000
4815013,Kananaskis,2011,Life Expectancy,Male,Years,78.72000
4815013,Kananaskis,2012,Life Expectancy,Male,Years,78.91000
4815013,Kananaskis,2013,Life Expectancy,Male,Years,79.00000
4815013,Kananaskis,2014,Life Expectancy,Male,Years,79.17000
4815013,Kananaskis,2015,Life Expectancy,Male,Years,79.35000
4815013,Kananaskis,2016,Life Expectancy,Male,Years,79.51000
4815013,Kananaskis,2017,Life Expectancy,Male,Years,79.57000
4815013,Kananaskis,2018,Life Expectancy,Male,Years,79.99000
4815013,Kananaskis,2019,Life Expectancy,Male,Years,80.02000
4815013,Kananaskis,2020,Life Expectancy,Male,Years,79.82000
4815013,Kananaskis,2021,Life Expectancy,Male,Years,79.52000
4815013,Kananaskis,2022,Life Expectancy,Male,Years,79.23000
4815013,Kananaskis,2011,Life Expectancy,Both,Years,81.18000
4815013,Kananaskis,2012,Life Expectancy,Both,Years,81.12000
4815013,Kananaskis,2013,Life Expectancy,Both,Years,81.05000
4815013,Kananaskis,2014,Life Expectancy,Both,Years,81.13000
4815013,Kananaskis,2015,Life Expectancy,Both,Years,81.09000
4815013,Kananaskis,2016,Life Expectancy,Both,Years,81.12000
4815013,Kananaskis,2017,Life Expectancy,Both,Years,81.30000
4815013,Kananaskis,2018,Life Expectancy,Both,Years,81.56000
4815013,Kananaskis,2019,Life Expectancy,Both,Years,81.68000
4815013,Kananaskis,2020,Life Expectancy,Both,Years,81.60000
4815013,Kananaskis,2021,Life Expectancy,Both,Years,81.26000
4815013,Kananaskis,2022,Life Expectancy,Both,Years,81.18000
4815015,Bighorn No. 8,2011,Life Expectancy,Female,Years,83.63000
4815015,Bighorn No. 8,2012,Life Expectancy,Female,Years,83.30000
4815015,Bighorn No. 8,2013,Life Expectancy,Female,Years,83.07000
4815015,Bighorn No. 8,2014,Life Expectancy,Female,Years,83.08000
4815015,Bighorn No. 8,2015,Life Expectancy,Female,Years,82.88000
4815015,Bighorn No. 8,2016,Life Expectancy,Female,Years,82.78000
4815015,Bighorn No. 8,2017,Life Expectancy,Female,Years,83.07000
4815015,Bighorn No. 8,2018,Life Expectancy,Female,Years,83.16000
4815015,Bighorn No. 8,2019,Life Expectancy,Female,Years,83.34000
4815015,Bighorn No. 8,2020,Life Expectancy,Female,Years,83.40000
4815015,Bighorn No. 8,2021,Life Expectancy,Female,Years,83.03000
4815015,Bighorn No. 8,2022,Life Expectancy,Female,Years,83.20000
4815015,Bighorn No. 8,2011,Life Expectancy,Male,Years,78.72000
4815015,Bighorn No. 8,2012,Life Expectancy,Male,Years,78.91000
4815015,Bighorn No. 8,2013,Life Expectancy,Male,Years,79.00000
4815015,Bighorn No. 8,2014,Life Expectancy,Male,Years,79.17000
4815015,Bighorn No. 8,2015,Life Expectancy,Male,Years,79.35000
4815015,Bighorn No. 8,2016,Life Expectancy,Male,Years,79.51000
4815015,Bighorn No. 8,2017,Life Expectancy,Male,Years,79.57000
4815015,Bighorn No. 8,2018,Life Expectancy,Male,Years,79.99000
4815015,Bighorn No. 8,2019,Life Expectancy,Male,Years,80.02000
4815015,Bighorn No. 8,2020,Life Expectancy,Male,Years,79.82000
4815015,Bighorn No. 8,2021,Life Expectancy,Male,Years,79.52000
4815015,Bighorn No. 8,2022,Life Expectancy,Male,Years,79.23000
4815015,Bighorn No. 8,2011,Life Expectancy,Both,Years,81.18000
4815015,Bighorn No. 8,2012,Life Expectancy,Both,Years,81.12000
4815015,Bighorn No. 8,2013,Life Expectancy,Both,Years,81.05000
4815015,Bighorn No. 8,2014,Life Expectancy,Both,Years,81.13000
4815015,Bighorn No. 8,2015,Life Expectancy,Both,Years,81.09000
4815015,Bighorn No. 8,2016,Life Expectancy,Both,Years,81.12000
4815015,Bighorn No. 8,2017,Life Expectancy,Both,Years,81.30000
4815015,Bighorn No. 8,2018,Life Expectancy,Both,Years,81.56000
4815015,Bighorn No. 8,2019,Life Expectancy,Both,Years,81.68000
4815015,Bighorn No. 8,2020,Life Expectancy,Both,Years,81.60000
4815015,Bighorn No. 8,2021,Life Expectancy,Both,Years,81.26000
4815015,Bighorn No. 8,2022,Life Expectancy,Both,Years,81.18000
4811804,Enoch Cree Nation,2011,Life Expectancy,Female,Years,81.96000
4811804,Enoch Cree Nation,2012,Life Expectancy,Female,Years,81.81000
4811804,Enoch Cree Nation,2013,Life Expectancy,Female,Years,81.41000
4811804,Enoch Cree Nation,2014,Life Expectancy,Female,Years,81.52000
4811804,Enoch Cree Nation,2015,Life Expectancy,Female,Years,81.16000
4811804,Enoch Cree Nation,2016,Life Expectancy,Female,Years,81.00000
4811804,Enoch Cree Nation,2017,Life Expectancy,Female,Years,81.24000
4811804,Enoch Cree Nation,2018,Life Expectancy,Female,Years,81.05000
4811804,Enoch Cree Nation,2019,Life Expectancy,Female,Years,81.30000
4811804,Enoch Cree Nation,2020,Life Expectancy,Female,Years,81.05000
4811804,Enoch Cree Nation,2021,Life Expectancy,Female,Years,80.91000
4811804,Enoch Cree Nation,2022,Life Expectancy,Female,Years,80.97000
4811804,Enoch Cree Nation,2011,Life Expectancy,Male,Years,76.59000
4811804,Enoch Cree Nation,2012,Life Expectancy,Male,Years,76.88000
4811804,Enoch Cree Nation,2013,Life Expectancy,Male,Years,76.76000
4811804,Enoch Cree Nation,2014,Life Expectancy,Male,Years,76.69000
4811804,Enoch Cree Nation,2015,Life Expectancy,Male,Years,76.64000
4811804,Enoch Cree Nation,2016,Life Expectancy,Male,Years,77.07000
4811804,Enoch Cree Nation,2017,Life Expectancy,Male,Years,77.32000
4811804,Enoch Cree Nation,2018,Life Expectancy,Male,Years,78.12000
4811804,Enoch Cree Nation,2019,Life Expectancy,Male,Years,78.31000
4811804,Enoch Cree Nation,2020,Life Expectancy,Male,Years,78.09000
4811804,Enoch Cree Nation,2021,Life Expectancy,Male,Years,77.65000
4811804,Enoch Cree Nation,2022,Life Expectancy,Male,Years,77.16000
4811804,Enoch Cree Nation,2011,Life Expectancy,Both,Years,79.01000
4811804,Enoch Cree Nation,2012,Life Expectancy,Both,Years,79.11000
4811804,Enoch Cree Nation,2013,Life Expectancy,Both,Years,78.87000
4811804,Enoch Cree Nation,2014,Life Expectancy,Both,Years,78.88000
4811804,Enoch Cree Nation,2015,Life Expectancy,Both,Years,78.68000
4811804,Enoch Cree Nation,2016,Life Expectancy,Both,Years,78.85000
4811804,Enoch Cree Nation,2017,Life Expectancy,Both,Years,79.10000
4811804,Enoch Cree Nation,2018,Life Expectancy,Both,Years,79.46000
4811804,Enoch Cree Nation,2019,Life Expectancy,Both,Years,79.69000
4811804,Enoch Cree Nation,2020,Life Expectancy,Both,Years,79.47000
4811804,Enoch Cree Nation,2021,Life Expectancy,Both,Years,79.17000
4811804,Enoch Cree Nation,2022,Life Expectancy,Both,Years,78.94000
4815032,Improvement District No.  9 Banff,2011,Life Expectancy,Female,Years,86.32000
4815032,Improvement District No.  9 Banff,2012,Life Expectancy,Female,Years,87.12000
4815032,Improvement District No.  9 Banff,2013,Life Expectancy,Female,Years,87.85000
4815032,Improvement District No.  9 Banff,2014,Life Expectancy,Female,Years,87.71000
4815032,Improvement District No.  9 Banff,2015,Life Expectancy,Female,Years,87.90000
4815032,Improvement District No.  9 Banff,2016,Life Expectancy,Female,Years,89.08000
4815032,Improvement District No.  9 Banff,2017,Life Expectancy,Female,Years,89.24000
4815032,Improvement District No.  9 Banff,2018,Life Expectancy,Female,Years,88.31000
4815032,Improvement District No.  9 Banff,2019,Life Expectancy,Female,Years,88.43000
4815032,Improvement District No.  9 Banff,2020,Life Expectancy,Female,Years,87.98000
4815032,Improvement District No.  9 Banff,2021,Life Expectancy,Female,Years,88.85000
4815032,Improvement District No.  9 Banff,2022,Life Expectancy,Female,Years,88.40000
4815032,Improvement District No.  9 Banff,2011,Life Expectancy,Male,Years,82.14000
4815032,Improvement District No.  9 Banff,2012,Life Expectancy,Male,Years,83.04000
4815032,Improvement District No.  9 Banff,2013,Life Expectancy,Male,Years,83.81000
4815032,Improvement District No.  9 Banff,2014,Life Expectancy,Male,Years,84.00000
4815032,Improvement District No.  9 Banff,2015,Life Expectancy,Male,Years,84.39000
4815032,Improvement District No.  9 Banff,2016,Life Expectancy,Male,Years,85.23000
4815032,Improvement District No.  9 Banff,2017,Life Expectancy,Male,Years,84.46000
4815032,Improvement District No.  9 Banff,2018,Life Expectancy,Male,Years,84.92000
4815032,Improvement District No.  9 Banff,2019,Life Expectancy,Male,Years,85.89000
4815032,Improvement District No.  9 Banff,2020,Life Expectancy,Male,Years,85.53000
4815032,Improvement District No.  9 Banff,2021,Life Expectancy,Male,Years,85.35000
4815032,Improvement District No.  9 Banff,2022,Life Expectancy,Male,Years,85.75000
4815032,Improvement District No.  9 Banff,2011,Life Expectancy,Both,Years,84.08000
4815032,Improvement District No.  9 Banff,2012,Life Expectancy,Both,Years,84.71000
4815032,Improvement District No.  9 Banff,2013,Life Expectancy,Both,Years,85.63000
4815032,Improvement District No.  9 Banff,2014,Life Expectancy,Both,Years,85.74000
4815032,Improvement District No.  9 Banff,2015,Life Expectancy,Both,Years,86.10000
4815032,Improvement District No.  9 Banff,2016,Life Expectancy,Both,Years,87.11000
4815032,Improvement District No.  9 Banff,2017,Life Expectancy,Both,Years,86.84000
4815032,Improvement District No.  9 Banff,2018,Life Expectancy,Both,Years,86.52000
4815032,Improvement District No.  9 Banff,2019,Life Expectancy,Both,Years,87.09000
4815032,Improvement District No.  9 Banff,2020,Life Expectancy,Both,Years,86.70000
4815032,Improvement District No.  9 Banff,2021,Life Expectancy,Both,Years,87.10000
4815032,Improvement District No.  9 Banff,2022,Life Expectancy,Both,Years,87.09000
4811068,Morinville,2011,Life Expectancy,Female,Years,81.80000
4811068,Morinville,2012,Life Expectancy,Female,Years,81.87000
4811068,Morinville,2013,Life Expectancy,Female,Years,81.87000
4811068,Morinville,2014,Life Expectancy,Female,Years,81.99000
4811068,Morinville,2015,Life Expectancy,Female,Years,82.56000
4811068,Morinville,2016,Life Expectancy,Female,Years,81.99000
4811068,Morinville,2017,Life Expectancy,Female,Years,82.03000
4811068,Morinville,2018,Life Expectancy,Female,Years,81.98000
4811068,Morinville,2019,Life Expectancy,Female,Years,82.40000
4811068,Morinville,2020,Life Expectancy,Female,Years,82.59000
4811068,Morinville,2021,Life Expectancy,Female,Years,82.63000
4811068,Morinville,2022,Life Expectancy,Female,Years,82.60000
4811068,Morinville,2011,Life Expectancy,Male,Years,77.17000
4811068,Morinville,2012,Life Expectancy,Male,Years,77.60000
4811068,Morinville,2013,Life Expectancy,Male,Years,77.74000
4811068,Morinville,2014,Life Expectancy,Male,Years,78.06000
4811068,Morinville,2015,Life Expectancy,Male,Years,78.33000
4811068,Morinville,2016,Life Expectancy,Male,Years,78.74000
4811068,Morinville,2017,Life Expectancy,Male,Years,78.91000
4811068,Morinville,2018,Life Expectancy,Male,Years,78.91000
4811068,Morinville,2019,Life Expectancy,Male,Years,79.15000
4811068,Morinville,2020,Life Expectancy,Male,Years,79.21000
4811068,Morinville,2021,Life Expectancy,Male,Years,79.41000
4811068,Morinville,2022,Life Expectancy,Male,Years,79.14000
4811068,Morinville,2011,Life Expectancy,Both,Years,79.39000
4811068,Morinville,2012,Life Expectancy,Both,Years,79.67000
4811068,Morinville,2013,Life Expectancy,Both,Years,79.74000
4811068,Morinville,2014,Life Expectancy,Both,Years,79.99000
4811068,Morinville,2015,Life Expectancy,Both,Years,80.39000
4811068,Morinville,2016,Life Expectancy,Both,Years,80.34000
4811068,Morinville,2017,Life Expectancy,Both,Years,80.45000
4811068,Morinville,2018,Life Expectancy,Both,Years,80.41000
4811068,Morinville,2019,Life Expectancy,Both,Years,80.73000
4811068,Morinville,2020,Life Expectancy,Both,Years,80.84000
4811068,Morinville,2021,Life Expectancy,Both,Years,80.97000
4811068,Morinville,2022,Life Expectancy,Both,Years,80.81000
4811069,Legal,2011,Life Expectancy,Female,Years,81.80000
4811069,Legal,2012,Life Expectancy,Female,Years,81.87000
4811069,Legal,2013,Life Expectancy,Female,Years,81.87000
4811069,Legal,2014,Life Expectancy,Female,Years,81.99000
4811069,Legal,2015,Life Expectancy,Female,Years,82.56000
4811069,Legal,2016,Life Expectancy,Female,Years,81.99000
4811069,Legal,2017,Life Expectancy,Female,Years,82.03000
4811069,Legal,2018,Life Expectancy,Female,Years,81.98000
4811069,Legal,2019,Life Expectancy,Female,Years,82.40000
4811069,Legal,2020,Life Expectancy,Female,Years,82.59000
4811069,Legal,2021,Life Expectancy,Female,Years,82.63000
4811069,Legal,2022,Life Expectancy,Female,Years,82.60000
4811069,Legal,2023,Life Expectancy,Female,Years,82.68000
4811069,Legal,2011,Life Expectancy,Male,Years,77.17000
4811069,Legal,2012,Life Expectancy,Male,Years,77.60000
4811069,Legal,2013,Life Expectancy,Male,Years,77.74000
4811069,Legal,2014,Life Expectancy,Male,Years,78.06000
4811069,Legal,2015,Life Expectancy,Male,Years,78.33000
4811069,Legal,2016,Life Expectancy,Male,Years,78.74000
4811069,Legal,2017,Life Expectancy,Male,Years,78.91000
4811069,Legal,2018,Life Expectancy,Male,Years,78.91000
4811069,Legal,2019,Life Expectancy,Male,Years,79.15000
4811069,Legal,2020,Life Expectancy,Male,Years,79.21000
4811069,Legal,2021,Life Expectancy,Male,Years,79.41000
4811069,Legal,2022,Life Expectancy,Male,Years,79.14000
4811069,Legal,2023,Life Expectancy,Male,Years,78.94000
4811069,Legal,2011,Life Expectancy,Both,Years,79.39000
4811069,Legal,2012,Life Expectancy,Both,Years,79.67000
4811069,Legal,2013,Life Expectancy,Both,Years,79.74000
4811069,Legal,2014,Life Expectancy,Both,Years,79.99000
4811069,Legal,2015,Life Expectancy,Both,Years,80.39000
4811069,Legal,2016,Life Expectancy,Both,Years,80.34000
4811069,Legal,2017,Life Expectancy,Both,Years,80.45000
4811069,Legal,2018,Life Expectancy,Both,Years,80.41000
4811069,Legal,2019,Life Expectancy,Both,Years,80.73000
4811069,Legal,2020,Life Expectancy,Both,Years,80.84000
4811069,Legal,2021,Life Expectancy,Both,Years,80.97000
4811069,Legal,2022,Life Expectancy,Both,Years,80.81000
4811069,Legal,2023,Life Expectancy,Both,Years,80.72000
4811801,Ermineskin 138,2011,Life Expectancy,Female,Years,78.91000
4811801,Ermineskin 138,2012,Life Expectancy,Female,Years,78.68000
4811801,Ermineskin 138,2013,Life Expectancy,Female,Years,78.65000
4811801,Ermineskin 138,2014,Life Expectancy,Female,Years,78.52000
4811801,Ermineskin 138,2015,Life Expectancy,Female,Years,78.74000
4811801,Ermineskin 138,2016,Life Expectancy,Female,Years,78.86000
4811801,Ermineskin 138,2017,Life Expectancy,Female,Years,78.88000
4811801,Ermineskin 138,2018,Life Expectancy,Female,Years,78.80000
4811801,Ermineskin 138,2019,Life Expectancy,Female,Years,79.18000
4811801,Ermineskin 138,2020,Life Expectancy,Female,Years,78.55000
4811801,Ermineskin 138,2021,Life Expectancy,Female,Years,78.01000
4811801,Ermineskin 138,2022,Life Expectancy,Female,Years,77.71000
4811801,Ermineskin 138,2023,Life Expectancy,Female,Years,77.04000
4811801,Ermineskin 138,2011,Life Expectancy,Male,Years,74.28000
4811801,Ermineskin 138,2012,Life Expectancy,Male,Years,74.50000
4811801,Ermineskin 138,2013,Life Expectancy,Male,Years,74.89000
4811801,Ermineskin 138,2014,Life Expectancy,Male,Years,74.37000
4811801,Ermineskin 138,2015,Life Expectancy,Male,Years,73.92000
4811801,Ermineskin 138,2016,Life Expectancy,Male,Years,74.02000
4811801,Ermineskin 138,2017,Life Expectancy,Male,Years,73.95000
4811801,Ermineskin 138,2018,Life Expectancy,Male,Years,74.22000
4811801,Ermineskin 138,2019,Life Expectancy,Male,Years,74.26000
4811801,Ermineskin 138,2020,Life Expectancy,Male,Years,73.93000
4811801,Ermineskin 138,2021,Life Expectancy,Male,Years,72.81000
4811801,Ermineskin 138,2022,Life Expectancy,Male,Years,71.68000
4811801,Ermineskin 138,2023,Life Expectancy,Male,Years,71.12000
4811801,Ermineskin 138,2011,Life Expectancy,Both,Years,76.55000
4811801,Ermineskin 138,2012,Life Expectancy,Both,Years,76.56000
4811801,Ermineskin 138,2013,Life Expectancy,Both,Years,76.75000
4811801,Ermineskin 138,2014,Life Expectancy,Both,Years,76.40000
4811801,Ermineskin 138,2015,Life Expectancy,Both,Years,76.27000
4811801,Ermineskin 138,2016,Life Expectancy,Both,Years,76.36000
4811801,Ermineskin 138,2017,Life Expectancy,Both,Years,76.34000
4811801,Ermineskin 138,2018,Life Expectancy,Both,Years,76.44000
4811801,Ermineskin 138,2019,Life Expectancy,Both,Years,76.65000
4811801,Ermineskin 138,2020,Life Expectancy,Both,Years,76.18000
4811801,Ermineskin 138,2021,Life Expectancy,Both,Years,75.32000
4811801,Ermineskin 138,2022,Life Expectancy,Both,Years,74.56000
4811801,Ermineskin 138,2023,Life Expectancy,Both,Years,73.94000
4817835,Fox Lake 162,2011,Life Expectancy,Female,Years,79.01000
4817835,Fox Lake 162,2012,Life Expectancy,Female,Years,79.01000
4817835,Fox Lake 162,2013,Life Expectancy,Female,Years,79.13000
4817835,Fox Lake 162,2014,Life Expectancy,Female,Years,79.33000
4817835,Fox Lake 162,2015,Life Expectancy,Female,Years,79.64000
4817835,Fox Lake 162,2016,Life Expectancy,Female,Years,79.79000
4817835,Fox Lake 162,2017,Life Expectancy,Female,Years,79.89000
4817835,Fox Lake 162,2018,Life Expectancy,Female,Years,79.70000
4817835,Fox Lake 162,2019,Life Expectancy,Female,Years,79.96000
4817835,Fox Lake 162,2020,Life Expectancy,Female,Years,79.60000
4817835,Fox Lake 162,2021,Life Expectancy,Female,Years,79.10000
4817835,Fox Lake 162,2022,Life Expectancy,Female,Years,78.94000
4817835,Fox Lake 162,2011,Life Expectancy,Male,Years,74.27000
4817835,Fox Lake 162,2012,Life Expectancy,Male,Years,74.38000
4817835,Fox Lake 162,2013,Life Expectancy,Male,Years,74.63000
4817835,Fox Lake 162,2014,Life Expectancy,Male,Years,74.82000
4817835,Fox Lake 162,2015,Life Expectancy,Male,Years,75.00000
4817835,Fox Lake 162,2016,Life Expectancy,Male,Years,75.11000
4817835,Fox Lake 162,2017,Life Expectancy,Male,Years,75.42000
4817835,Fox Lake 162,2018,Life Expectancy,Male,Years,75.64000
4817835,Fox Lake 162,2019,Life Expectancy,Male,Years,75.60000
4817835,Fox Lake 162,2020,Life Expectancy,Male,Years,75.02000
4817835,Fox Lake 162,2021,Life Expectancy,Male,Years,74.09000
4817835,Fox Lake 162,2022,Life Expectancy,Male,Years,74.03000
4817835,Fox Lake 162,2011,Life Expectancy,Both,Years,76.41000
4817835,Fox Lake 162,2012,Life Expectancy,Both,Years,76.49000
4817835,Fox Lake 162,2013,Life Expectancy,Both,Years,76.70000
4817835,Fox Lake 162,2014,Life Expectancy,Both,Years,76.87000
4817835,Fox Lake 162,2015,Life Expectancy,Both,Years,77.14000
4817835,Fox Lake 162,2016,Life Expectancy,Both,Years,77.27000
4817835,Fox Lake 162,2017,Life Expectancy,Both,Years,77.47000
4817835,Fox Lake 162,2018,Life Expectancy,Both,Years,77.50000
4817835,Fox Lake 162,2019,Life Expectancy,Both,Years,77.60000
4817835,Fox Lake 162,2020,Life Expectancy,Both,Years,77.14000
4817835,Fox Lake 162,2021,Life Expectancy,Both,Years,76.39000
4817835,Fox Lake 162,2022,Life Expectancy,Both,Years,76.32000
4817837,John d'Or Prairie 215,2011,Life Expectancy,Female,Years,79.01000
4817837,John d'Or Prairie 215,2012,Life Expectancy,Female,Years,79.01000
4817837,John d'Or Prairie 215,2013,Life Expectancy,Female,Years,79.13000
4817837,John d'Or Prairie 215,2014,Life Expectancy,Female,Years,79.33000
4817837,John d'Or Prairie 215,2015,Life Expectancy,Female,Years,79.64000
4817837,John d'Or Prairie 215,2016,Life Expectancy,Female,Years,79.79000
4817837,John d'Or Prairie 215,2017,Life Expectancy,Female,Years,79.89000
4817837,John d'Or Prairie 215,2018,Life Expectancy,Female,Years,79.70000
4817837,John d'Or Prairie 215,2019,Life Expectancy,Female,Years,79.96000
4817837,John d'Or Prairie 215,2020,Life Expectancy,Female,Years,79.60000
4817837,John d'Or Prairie 215,2021,Life Expectancy,Female,Years,79.10000
4817837,John d'Or Prairie 215,2022,Life Expectancy,Female,Years,78.94000
4817837,John d'Or Prairie 215,2011,Life Expectancy,Male,Years,74.27000
4817837,John d'Or Prairie 215,2012,Life Expectancy,Male,Years,74.38000
4817837,John d'Or Prairie 215,2013,Life Expectancy,Male,Years,74.63000
4817837,John d'Or Prairie 215,2014,Life Expectancy,Male,Years,74.82000
4817837,John d'Or Prairie 215,2015,Life Expectancy,Male,Years,75.00000
4817837,John d'Or Prairie 215,2016,Life Expectancy,Male,Years,75.11000
4817837,John d'Or Prairie 215,2017,Life Expectancy,Male,Years,75.42000
4817837,John d'Or Prairie 215,2018,Life Expectancy,Male,Years,75.64000
4817837,John d'Or Prairie 215,2019,Life Expectancy,Male,Years,75.60000
4817837,John d'Or Prairie 215,2020,Life Expectancy,Male,Years,75.02000
4817837,John d'Or Prairie 215,2021,Life Expectancy,Male,Years,74.09000
4817837,John d'Or Prairie 215,2022,Life Expectancy,Male,Years,74.03000
4817837,John d'Or Prairie 215,2011,Life Expectancy,Both,Years,76.41000
4817837,John d'Or Prairie 215,2012,Life Expectancy,Both,Years,76.49000
4817837,John d'Or Prairie 215,2013,Life Expectancy,Both,Years,76.70000
4817837,John d'Or Prairie 215,2014,Life Expectancy,Both,Years,76.87000
4817837,John d'Or Prairie 215,2015,Life Expectancy,Both,Years,77.14000
4817837,John d'Or Prairie 215,2016,Life Expectancy,Both,Years,77.27000
4817837,John d'Or Prairie 215,2017,Life Expectancy,Both,Years,77.47000
4817837,John d'Or Prairie 215,2018,Life Expectancy,Both,Years,77.50000
4817837,John d'Or Prairie 215,2019,Life Expectancy,Both,Years,77.60000
4817837,John d'Or Prairie 215,2020,Life Expectancy,Both,Years,77.14000
4817837,John d'Or Prairie 215,2021,Life Expectancy,Both,Years,76.39000
4817837,John d'Or Prairie 215,2022,Life Expectancy,Both,Years,76.32000
4815033,Jasper,2011,Life Expectancy,Female,Years,83.08000
4815033,Jasper,2012,Life Expectancy,Female,Years,83.44000
4815033,Jasper,2013,Life Expectancy,Female,Years,83.70000
4815033,Jasper,2014,Life Expectancy,Female,Years,83.66000
4815033,Jasper,2015,Life Expectancy,Female,Years,83.66000
4815033,Jasper,2016,Life Expectancy,Female,Years,83.92000
4815033,Jasper,2017,Life Expectancy,Female,Years,84.37000
4815033,Jasper,2018,Life Expectancy,Female,Years,84.45000
4815033,Jasper,2019,Life Expectancy,Female,Years,84.58000
4815033,Jasper,2020,Life Expectancy,Female,Years,85.00000
4815033,Jasper,2021,Life Expectancy,Female,Years,85.20000
4815033,Jasper,2022,Life Expectancy,Female,Years,84.78000
4815033,Jasper,2023,Life Expectancy,Female,Years,84.66000
4815033,Jasper,2011,Life Expectancy,Male,Years,78.90000
4815033,Jasper,2012,Life Expectancy,Male,Years,79.72000
4815033,Jasper,2013,Life Expectancy,Male,Years,79.49000
4815033,Jasper,2014,Life Expectancy,Male,Years,80.41000
4815033,Jasper,2015,Life Expectancy,Male,Years,80.13000
4815033,Jasper,2016,Life Expectancy,Male,Years,81.17000
4815033,Jasper,2017,Life Expectancy,Male,Years,82.14000
4815033,Jasper,2018,Life Expectancy,Male,Years,81.99000
4815033,Jasper,2019,Life Expectancy,Male,Years,82.01000
4815033,Jasper,2020,Life Expectancy,Male,Years,82.50000
4815033,Jasper,2021,Life Expectancy,Male,Years,82.72000
4815033,Jasper,2022,Life Expectancy,Male,Years,82.84000
4815033,Jasper,2023,Life Expectancy,Male,Years,83.49000
4815033,Jasper,2011,Life Expectancy,Both,Years,81.07000
4815033,Jasper,2012,Life Expectancy,Both,Years,81.58000
4815033,Jasper,2013,Life Expectancy,Both,Years,81.57000
4815033,Jasper,2014,Life Expectancy,Both,Years,82.04000
4815033,Jasper,2015,Life Expectancy,Both,Years,81.90000
4815033,Jasper,2016,Life Expectancy,Both,Years,82.58000
4815033,Jasper,2017,Life Expectancy,Both,Years,83.32000
4815033,Jasper,2018,Life Expectancy,Both,Years,83.27000
4815033,Jasper,2019,Life Expectancy,Both,Years,83.35000
4815033,Jasper,2020,Life Expectancy,Both,Years,83.74000
4815033,Jasper,2021,Life Expectancy,Both,Years,83.82000
4815033,Jasper,2022,Life Expectancy,Both,Years,83.53000
4815033,Jasper,2023,Life Expectancy,Both,Years,83.97000
4815035,Banff,2011,Life Expectancy,Female,Years,86.32000
4815035,Banff,2012,Life Expectancy,Female,Years,87.12000
4815035,Banff,2013,Life Expectancy,Female,Years,87.85000
4815035,Banff,2014,Life Expectancy,Female,Years,87.71000
4815035,Banff,2015,Life Expectancy,Female,Years,87.90000
4815035,Banff,2016,Life Expectancy,Female,Years,89.08000
4815035,Banff,2017,Life Expectancy,Female,Years,89.24000
4815035,Banff,2018,Life Expectancy,Female,Years,88.31000
4815035,Banff,2019,Life Expectancy,Female,Years,88.43000
4815035,Banff,2020,Life Expectancy,Female,Years,87.98000
4815035,Banff,2021,Life Expectancy,Female,Years,88.85000
4815035,Banff,2022,Life Expectancy,Female,Years,88.40000
4815035,Banff,2023,Life Expectancy,Female,Years,87.49000
4815035,Banff,2011,Life Expectancy,Male,Years,82.14000
4815035,Banff,2012,Life Expectancy,Male,Years,83.04000
4815035,Banff,2013,Life Expectancy,Male,Years,83.81000
4815035,Banff,2014,Life Expectancy,Male,Years,84.00000
4815035,Banff,2015,Life Expectancy,Male,Years,84.39000
4815035,Banff,2016,Life Expectancy,Male,Years,85.23000
4815035,Banff,2017,Life Expectancy,Male,Years,84.46000
4815035,Banff,2018,Life Expectancy,Male,Years,84.92000
4815035,Banff,2019,Life Expectancy,Male,Years,85.89000
4815035,Banff,2020,Life Expectancy,Male,Years,85.53000
4815035,Banff,2021,Life Expectancy,Male,Years,85.35000
4815035,Banff,2022,Life Expectancy,Male,Years,85.75000
4815035,Banff,2023,Life Expectancy,Male,Years,85.28000
4815035,Banff,2011,Life Expectancy,Both,Years,84.08000
4815035,Banff,2012,Life Expectancy,Both,Years,84.71000
4815035,Banff,2013,Life Expectancy,Both,Years,85.63000
4815035,Banff,2014,Life Expectancy,Both,Years,85.74000
4815035,Banff,2015,Life Expectancy,Both,Years,86.10000
4815035,Banff,2016,Life Expectancy,Both,Years,87.11000
4815035,Banff,2017,Life Expectancy,Both,Years,86.84000
4815035,Banff,2018,Life Expectancy,Both,Years,86.52000
4815035,Banff,2019,Life Expectancy,Both,Years,87.09000
4815035,Banff,2020,Life Expectancy,Both,Years,86.70000
4815035,Banff,2021,Life Expectancy,Both,Years,87.10000
4815035,Banff,2022,Life Expectancy,Both,Years,87.09000
4815035,Banff,2023,Life Expectancy,Both,Years,86.43000
4815802,"Stoney 142, 143, 144",2011,Life Expectancy,Female,Years,83.63000
4815802,"Stoney 142, 143, 144",2012,Life Expectancy,Female,Years,83.30000
4815802,"Stoney 142, 143, 144",2013,Life Expectancy,Female,Years,83.07000
4815802,"Stoney 142, 143, 144",2014,Life Expectancy,Female,Years,83.08000
4815802,"Stoney 142, 143, 144",2015,Life Expectancy,Female,Years,82.88000
4815802,"Stoney 142, 143, 144",2016,Life Expectancy,Female,Years,82.78000
4815802,"Stoney 142, 143, 144",2017,Life Expectancy,Female,Years,83.07000
4815802,"Stoney 142, 143, 144",2018,Life Expectancy,Female,Years,83.16000
4815802,"Stoney 142, 143, 144",2019,Life Expectancy,Female,Years,83.34000
4815802,"Stoney 142, 143, 144",2020,Life Expectancy,Female,Years,83.40000
4815802,"Stoney 142, 143, 144",2021,Life Expectancy,Female,Years,83.03000
4815802,"Stoney 142, 143, 144",2022,Life Expectancy,Female,Years,83.20000
4815802,"Stoney 142, 143, 144",2011,Life Expectancy,Male,Years,78.72000
4815802,"Stoney 142, 143, 144",2012,Life Expectancy,Male,Years,78.91000
4815802,"Stoney 142, 143, 144",2013,Life Expectancy,Male,Years,79.00000
4815802,"Stoney 142, 143, 144",2014,Life Expectancy,Male,Years,79.17000
4815802,"Stoney 142, 143, 144",2015,Life Expectancy,Male,Years,79.35000
4815802,"Stoney 142, 143, 144",2016,Life Expectancy,Male,Years,79.51000
4815802,"Stoney 142, 143, 144",2017,Life Expectancy,Male,Years,79.57000
4815802,"Stoney 142, 143, 144",2018,Life Expectancy,Male,Years,79.99000
4815802,"Stoney 142, 143, 144",2019,Life Expectancy,Male,Years,80.02000
4815802,"Stoney 142, 143, 144",2020,Life Expectancy,Male,Years,79.82000
4815802,"Stoney 142, 143, 144",2021,Life Expectancy,Male,Years,79.52000
4815802,"Stoney 142, 143, 144",2022,Life Expectancy,Male,Years,79.23000
4815802,"Stoney 142, 143, 144",2011,Life Expectancy,Both,Years,81.18000
4815802,"Stoney 142, 143, 144",2012,Life Expectancy,Both,Years,81.12000
4815802,"Stoney 142, 143, 144",2013,Life Expectancy,Both,Years,81.05000
4815802,"Stoney 142, 143, 144",2014,Life Expectancy,Both,Years,81.13000
4815802,"Stoney 142, 143, 144",2015,Life Expectancy,Both,Years,81.09000
4815802,"Stoney 142, 143, 144",2016,Life Expectancy,Both,Years,81.12000
4815802,"Stoney 142, 143, 144",2017,Life Expectancy,Both,Years,81.30000
4815802,"Stoney 142, 143, 144",2018,Life Expectancy,Both,Years,81.56000
4815802,"Stoney 142, 143, 144",2019,Life Expectancy,Both,Years,81.68000
4815802,"Stoney 142, 143, 144",2020,Life Expectancy,Both,Years,81.60000
4815802,"Stoney 142, 143, 144",2021,Life Expectancy,Both,Years,81.26000
4815802,"Stoney 142, 143, 144",2022,Life Expectancy,Both,Years,81.18000
4816037,Wood Buffalo,2011,Life Expectancy,Female,Years,83.43738
4816037,Wood Buffalo,2012,Life Expectancy,Female,Years,84.02277
4816037,Wood Buffalo,2013,Life Expectancy,Female,Years,83.83254
4816037,Wood Buffalo,2014,Life Expectancy,Female,Years,83.81613
4816037,Wood Buffalo,2015,Life Expectancy,Female,Years,84.24715
4816037,Wood Buffalo,2016,Life Expectancy,Female,Years,84.07366
4816037,Wood Buffalo,2017,Life Expectancy,Female,Years,84.23471
4816037,Wood Buffalo,2018,Life Expectancy,Female,Years,84.69853
4816037,Wood Buffalo,2019,Life Expectancy,Female,Years,84.90754
4816037,Wood Buffalo,2020,Life Expectancy,Female,Years,84.19239
4816037,Wood Buffalo,2021,Life Expectancy,Female,Years,83.78644
4816037,Wood Buffalo,2022,Life Expectancy,Female,Years,83.63729
4816037,Wood Buffalo,2023,Life Expectancy,Female,Years,84.00000
4816037,Wood Buffalo,2011,Life Expectancy,Male,Years,78.67227
4816037,Wood Buffalo,2012,Life Expectancy,Male,Years,79.26386
4816037,Wood Buffalo,2013,Life Expectancy,Male,Years,79.50809
4816037,Wood Buffalo,2014,Life Expectancy,Male,Years,79.98262
4816037,Wood Buffalo,2015,Life Expectancy,Male,Years,80.44718
4816037,Wood Buffalo,2016,Life Expectancy,Male,Years,81.00866
4816037,Wood Buffalo,2017,Life Expectancy,Male,Years,81.23907
4816037,Wood Buffalo,2018,Life Expectancy,Male,Years,82.06440
4816037,Wood Buffalo,2019,Life Expectancy,Male,Years,82.13199
4816037,Wood Buffalo,2020,Life Expectancy,Male,Years,81.40364
4816037,Wood Buffalo,2021,Life Expectancy,Male,Years,81.09093
4816037,Wood Buffalo,2022,Life Expectancy,Male,Years,80.83907
4816037,Wood Buffalo,2023,Life Expectancy,Male,Years,80.94000
4816037,Wood Buffalo,2011,Life Expectancy,Both,Years,81.10429
4816037,Wood Buffalo,2012,Life Expectancy,Both,Years,81.68203
4816037,Wood Buffalo,2013,Life Expectancy,Both,Years,81.69808
4816037,Wood Buffalo,2014,Life Expectancy,Both,Years,81.91158
4816037,Wood Buffalo,2015,Life Expectancy,Both,Years,82.35733
4816037,Wood Buffalo,2016,Life Expectancy,Both,Years,82.56564
4816037,Wood Buffalo,2017,Life Expectancy,Both,Years,82.71310
4816037,Wood Buffalo,2018,Life Expectancy,Both,Years,83.07870
4816037,Wood Buffalo,2019,Life Expectancy,Both,Years,83.27049
4816037,Wood Buffalo,2020,Life Expectancy,Both,Years,82.62975
4816037,Wood Buffalo,2021,Life Expectancy,Both,Years,82.32134
4816037,Wood Buffalo,2022,Life Expectancy,Both,Years,82.09472
4816037,Wood Buffalo,2023,Life Expectancy,Both,Years,82.39000
4816051,Improvement District No. 24 Wood Buffalo,2011,Life Expectancy,Female,Years,79.01000
4816051,Improvement District No. 24 Wood Buffalo,2012,Life Expectancy,Female,Years,79.01000
4816051,Improvement District No. 24 Wood Buffalo,2013,Life Expectancy,Female,Years,79.13000
4816051,Improvement District No. 24 Wood Buffalo,2014,Life Expectancy,Female,Years,79.33000
4816051,Improvement District No. 24 Wood Buffalo,2015,Life Expectancy,Female,Years,79.64000
4816051,Improvement District No. 24 Wood Buffalo,2016,Life Expectancy,Female,Years,79.79000
4816051,Improvement District No. 24 Wood Buffalo,2017,Life Expectancy,Female,Years,79.89000
4816051,Improvement District No. 24 Wood Buffalo,2018,Life Expectancy,Female,Years,79.70000
4816051,Improvement District No. 24 Wood Buffalo,2019,Life Expectancy,Female,Years,79.96000
4816051,Improvement District No. 24 Wood Buffalo,2020,Life Expectancy,Female,Years,79.60000
4816051,Improvement District No. 24 Wood Buffalo,2021,Life Expectancy,Female,Years,79.10000
4816051,Improvement District No. 24 Wood Buffalo,2022,Life Expectancy,Female,Years,78.94000
4816051,Improvement District No. 24 Wood Buffalo,2011,Life Expectancy,Male,Years,74.27000
4816051,Improvement District No. 24 Wood Buffalo,2012,Life Expectancy,Male,Years,74.38000
4816051,Improvement District No. 24 Wood Buffalo,2013,Life Expectancy,Male,Years,74.63000
4816051,Improvement District No. 24 Wood Buffalo,2014,Life Expectancy,Male,Years,74.82000
4816051,Improvement District No. 24 Wood Buffalo,2015,Life Expectancy,Male,Years,75.00000
4816051,Improvement District No. 24 Wood Buffalo,2016,Life Expectancy,Male,Years,75.11000
4816051,Improvement District No. 24 Wood Buffalo,2017,Life Expectancy,Male,Years,75.42000
4816051,Improvement District No. 24 Wood Buffalo,2018,Life Expectancy,Male,Years,75.64000
4816051,Improvement District No. 24 Wood Buffalo,2019,Life Expectancy,Male,Years,75.60000
4816051,Improvement District No. 24 Wood Buffalo,2020,Life Expectancy,Male,Years,75.02000
4816051,Improvement District No. 24 Wood Buffalo,2021,Life Expectancy,Male,Years,74.09000
4816051,Improvement District No. 24 Wood Buffalo,2022,Life Expectancy,Male,Years,74.03000
4816051,Improvement District No. 24 Wood Buffalo,2011,Life Expectancy,Both,Years,76.41000
4816051,Improvement District No. 24 Wood Buffalo,2012,Life Expectancy,Both,Years,76.49000
4816051,Improvement District No. 24 Wood Buffalo,2013,Life Expectancy,Both,Years,76.70000
4816051,Improvement District No. 24 Wood Buffalo,2014,Life Expectancy,Both,Years,76.87000
4816051,Improvement District No. 24 Wood Buffalo,2015,Life Expectancy,Both,Years,77.14000
4816051,Improvement District No. 24 Wood Buffalo,2016,Life Expectancy,Both,Years,77.27000
4816051,Improvement District No. 24 Wood Buffalo,2017,Life Expectancy,Both,Years,77.47000
4816051,Improvement District No. 24 Wood Buffalo,2018,Life Expectancy,Both,Years,77.50000
4816051,Improvement District No. 24 Wood Buffalo,2019,Life Expectancy,Both,Years,77.60000
4816051,Improvement District No. 24 Wood Buffalo,2020,Life Expectancy,Both,Years,77.14000
4816051,Improvement District No. 24 Wood Buffalo,2021,Life Expectancy,Both,Years,76.39000
4816051,Improvement District No. 24 Wood Buffalo,2022,Life Expectancy,Both,Years,76.32000
4816821,Gregoire Lake 176,2023,Life Expectancy,Female,Years,73.36000
4816821,Gregoire Lake 176,2023,Life Expectancy,Male,Years,68.07000
4816821,Gregoire Lake 176,2023,Life Expectancy,Both,Years,70.57000
4810044,Marwayne,2011,Life Expectancy,Female,Years,87.21000
4810044,Marwayne,2012,Life Expectancy,Female,Years,87.22000
4810044,Marwayne,2013,Life Expectancy,Female,Years,87.46000
4810044,Marwayne,2014,Life Expectancy,Female,Years,87.66000
4810044,Marwayne,2015,Life Expectancy,Female,Years,87.64000
4810044,Marwayne,2016,Life Expectancy,Female,Years,88.11000
4810044,Marwayne,2017,Life Expectancy,Female,Years,88.15000
4810044,Marwayne,2018,Life Expectancy,Female,Years,88.18000
4810044,Marwayne,2019,Life Expectancy,Female,Years,88.40000
4810044,Marwayne,2020,Life Expectancy,Female,Years,88.65000
4810044,Marwayne,2021,Life Expectancy,Female,Years,88.51000
4810044,Marwayne,2022,Life Expectancy,Female,Years,88.55000
4810044,Marwayne,2011,Life Expectancy,Male,Years,81.79000
4810044,Marwayne,2012,Life Expectancy,Male,Years,81.50000
4810044,Marwayne,2013,Life Expectancy,Male,Years,82.07000
4810044,Marwayne,2014,Life Expectancy,Male,Years,82.33000
4810044,Marwayne,2015,Life Expectancy,Male,Years,82.67000
4810044,Marwayne,2016,Life Expectancy,Male,Years,83.02000
4810044,Marwayne,2017,Life Expectancy,Male,Years,83.37000
4810044,Marwayne,2018,Life Expectancy,Male,Years,83.98000
4810044,Marwayne,2019,Life Expectancy,Male,Years,84.57000
4810044,Marwayne,2020,Life Expectancy,Male,Years,84.52000
4810044,Marwayne,2021,Life Expectancy,Male,Years,84.26000
4810044,Marwayne,2022,Life Expectancy,Male,Years,84.35000
4810044,Marwayne,2011,Life Expectancy,Both,Years,84.54000
4810044,Marwayne,2012,Life Expectancy,Both,Years,84.39000
4810044,Marwayne,2013,Life Expectancy,Both,Years,84.81000
4810044,Marwayne,2014,Life Expectancy,Both,Years,85.05000
4810044,Marwayne,2015,Life Expectancy,Both,Years,85.20000
4810044,Marwayne,2016,Life Expectancy,Both,Years,85.62000
4810044,Marwayne,2017,Life Expectancy,Both,Years,85.83000
4810044,Marwayne,2018,Life Expectancy,Both,Years,86.14000
4810044,Marwayne,2019,Life Expectancy,Both,Years,86.51000
4810044,Marwayne,2020,Life Expectancy,Both,Years,86.63000
4810044,Marwayne,2021,Life Expectancy,Both,Years,86.44000
4810044,Marwayne,2022,Life Expectancy,Both,Years,86.50000
4810064,Lamont,2011,Life Expectancy,Female,Years,79.41000
4810064,Lamont,2012,Life Expectancy,Female,Years,79.36000
4810064,Lamont,2013,Life Expectancy,Female,Years,80.03000
4810064,Lamont,2014,Life Expectancy,Female,Years,80.62000
4810064,Lamont,2015,Life Expectancy,Female,Years,81.16000
4810064,Lamont,2016,Life Expectancy,Female,Years,81.27000
4810064,Lamont,2017,Life Expectancy,Female,Years,81.99000
4810064,Lamont,2018,Life Expectancy,Female,Years,82.54000
4810064,Lamont,2019,Life Expectancy,Female,Years,82.51000
4810064,Lamont,2020,Life Expectancy,Female,Years,82.57000
4810064,Lamont,2021,Life Expectancy,Female,Years,82.48000
4810064,Lamont,2022,Life Expectancy,Female,Years,82.28000
4810064,Lamont,2011,Life Expectancy,Male,Years,74.72000
4810064,Lamont,2012,Life Expectancy,Male,Years,74.93000
4810064,Lamont,2013,Life Expectancy,Male,Years,74.76000
4810064,Lamont,2014,Life Expectancy,Male,Years,74.53000
4810064,Lamont,2015,Life Expectancy,Male,Years,74.53000
4810064,Lamont,2016,Life Expectancy,Male,Years,74.58000
4810064,Lamont,2017,Life Expectancy,Male,Years,74.47000
4810064,Lamont,2018,Life Expectancy,Male,Years,74.33000
4810064,Lamont,2019,Life Expectancy,Male,Years,74.68000
4810064,Lamont,2020,Life Expectancy,Male,Years,75.08000
4810064,Lamont,2021,Life Expectancy,Male,Years,74.63000
4810064,Lamont,2022,Life Expectancy,Male,Years,74.69000
4810064,Lamont,2011,Life Expectancy,Both,Years,76.86000
4810064,Lamont,2012,Life Expectancy,Both,Years,76.97000
4810064,Lamont,2013,Life Expectancy,Both,Years,77.15000
4810064,Lamont,2014,Life Expectancy,Both,Years,77.27000
4810064,Lamont,2015,Life Expectancy,Both,Years,77.46000
4810064,Lamont,2016,Life Expectancy,Both,Years,77.56000
4810064,Lamont,2017,Life Expectancy,Both,Years,77.80000
4810064,Lamont,2018,Life Expectancy,Both,Years,77.97000
4810064,Lamont,2019,Life Expectancy,Both,Years,78.17000
4810064,Lamont,2020,Life Expectancy,Both,Years,78.40000
4810064,Lamont,2021,Life Expectancy,Both,Years,78.13000
4810064,Lamont,2022,Life Expectancy,Both,Years,78.09000
4810066,Bruderheim,2011,Life Expectancy,Female,Years,79.41000
4810066,Bruderheim,2012,Life Expectancy,Female,Years,79.36000
4810066,Bruderheim,2013,Life Expectancy,Female,Years,80.03000
4810066,Bruderheim,2014,Life Expectancy,Female,Years,80.62000
4810066,Bruderheim,2015,Life Expectancy,Female,Years,81.16000
4810066,Bruderheim,2016,Life Expectancy,Female,Years,81.27000
4810066,Bruderheim,2017,Life Expectancy,Female,Years,81.99000
4810066,Bruderheim,2018,Life Expectancy,Female,Years,82.54000
4810066,Bruderheim,2019,Life Expectancy,Female,Years,82.51000
4810066,Bruderheim,2020,Life Expectancy,Female,Years,82.57000
4810066,Bruderheim,2021,Life Expectancy,Female,Years,82.48000
4810066,Bruderheim,2022,Life Expectancy,Female,Years,82.28000
4810066,Bruderheim,2023,Life Expectancy,Female,Years,81.96000
4810066,Bruderheim,2011,Life Expectancy,Male,Years,74.72000
4810066,Bruderheim,2012,Life Expectancy,Male,Years,74.93000
4810066,Bruderheim,2013,Life Expectancy,Male,Years,74.76000
4810066,Bruderheim,2014,Life Expectancy,Male,Years,74.53000
4810066,Bruderheim,2015,Life Expectancy,Male,Years,74.53000
4810066,Bruderheim,2016,Life Expectancy,Male,Years,74.58000
4810066,Bruderheim,2017,Life Expectancy,Male,Years,74.47000
4810066,Bruderheim,2018,Life Expectancy,Male,Years,74.33000
4810066,Bruderheim,2019,Life Expectancy,Male,Years,74.68000
4810066,Bruderheim,2020,Life Expectancy,Male,Years,75.08000
4810066,Bruderheim,2021,Life Expectancy,Male,Years,74.63000
4810066,Bruderheim,2022,Life Expectancy,Male,Years,74.69000
4810066,Bruderheim,2023,Life Expectancy,Male,Years,74.53000
4810066,Bruderheim,2011,Life Expectancy,Both,Years,76.86000
4810066,Bruderheim,2012,Life Expectancy,Both,Years,76.97000
4810066,Bruderheim,2013,Life Expectancy,Both,Years,77.15000
4810066,Bruderheim,2014,Life Expectancy,Both,Years,77.27000
4810066,Bruderheim,2015,Life Expectancy,Both,Years,77.46000
4810066,Bruderheim,2016,Life Expectancy,Both,Years,77.56000
4810066,Bruderheim,2017,Life Expectancy,Both,Years,77.80000
4810066,Bruderheim,2018,Life Expectancy,Both,Years,77.97000
4810066,Bruderheim,2019,Life Expectancy,Both,Years,78.17000
4810066,Bruderheim,2020,Life Expectancy,Both,Years,78.40000
4810066,Bruderheim,2021,Life Expectancy,Both,Years,78.13000
4810066,Bruderheim,2022,Life Expectancy,Both,Years,78.09000
4810066,Bruderheim,2023,Life Expectancy,Both,Years,77.86000
4811011,Millet,2011,Life Expectancy,Female,Years,78.91000
4811011,Millet,2012,Life Expectancy,Female,Years,78.68000
4811011,Millet,2013,Life Expectancy,Female,Years,78.65000
4811011,Millet,2014,Life Expectancy,Female,Years,78.52000
4811011,Millet,2015,Life Expectancy,Female,Years,78.74000
4811011,Millet,2016,Life Expectancy,Female,Years,78.86000
4811011,Millet,2017,Life Expectancy,Female,Years,78.88000
4811011,Millet,2018,Life Expectancy,Female,Years,78.80000
4811011,Millet,2019,Life Expectancy,Female,Years,79.18000
4811011,Millet,2020,Life Expectancy,Female,Years,78.55000
4811011,Millet,2021,Life Expectancy,Female,Years,78.01000
4811011,Millet,2022,Life Expectancy,Female,Years,77.71000
4811011,Millet,2011,Life Expectancy,Male,Years,74.28000
4811011,Millet,2012,Life Expectancy,Male,Years,74.50000
4811011,Millet,2013,Life Expectancy,Male,Years,74.89000
4811011,Millet,2014,Life Expectancy,Male,Years,74.37000
4811011,Millet,2015,Life Expectancy,Male,Years,73.92000
4811011,Millet,2016,Life Expectancy,Male,Years,74.02000
4811011,Millet,2017,Life Expectancy,Male,Years,73.95000
4811011,Millet,2018,Life Expectancy,Male,Years,74.22000
4811011,Millet,2019,Life Expectancy,Male,Years,74.26000
4811011,Millet,2020,Life Expectancy,Male,Years,73.93000
4811011,Millet,2021,Life Expectancy,Male,Years,72.81000
4811011,Millet,2022,Life Expectancy,Male,Years,71.68000
4811011,Millet,2011,Life Expectancy,Both,Years,76.55000
4811011,Millet,2012,Life Expectancy,Both,Years,76.56000
4811011,Millet,2013,Life Expectancy,Both,Years,76.75000
4811011,Millet,2014,Life Expectancy,Both,Years,76.40000
4811011,Millet,2015,Life Expectancy,Both,Years,76.27000
4811011,Millet,2016,Life Expectancy,Both,Years,76.36000
4811011,Millet,2017,Life Expectancy,Both,Years,76.34000
4811011,Millet,2018,Life Expectancy,Both,Years,76.44000
4811011,Millet,2019,Life Expectancy,Both,Years,76.65000
4811011,Millet,2020,Life Expectancy,Both,Years,76.18000
4811011,Millet,2021,Life Expectancy,Both,Years,75.32000
4811011,Millet,2022,Life Expectancy,Both,Years,74.56000
4811012,Leduc County,2011,Life Expectancy,Female,Years,83.91393
4811012,Leduc County,2012,Life Expectancy,Female,Years,83.90176
4811012,Leduc County,2013,Life Expectancy,Female,Years,83.82866
4811012,Leduc County,2014,Life Expectancy,Female,Years,83.88592
4811012,Leduc County,2015,Life Expectancy,Female,Years,83.98024
4811012,Leduc County,2016,Life Expectancy,Female,Years,84.21988
4811012,Leduc County,2017,Life Expectancy,Female,Years,84.26694
4811012,Leduc County,2018,Life Expectancy,Female,Years,84.41172
4811012,Leduc County,2019,Life Expectancy,Female,Years,84.40390
4811012,Leduc County,2020,Life Expectancy,Female,Years,84.37993
4811012,Leduc County,2021,Life Expectancy,Female,Years,84.41756
4811012,Leduc County,2022,Life Expectancy,Female,Years,84.56606
4811012,Leduc County,2023,Life Expectancy,Female,Years,82.91769
4811012,Leduc County,2011,Life Expectancy,Male,Years,79.88207
4811012,Leduc County,2012,Life Expectancy,Male,Years,80.24335
4811012,Leduc County,2013,Life Expectancy,Male,Years,80.37920
4811012,Leduc County,2014,Life Expectancy,Male,Years,80.19988
4811012,Leduc County,2015,Life Expectancy,Male,Years,80.20399
4811012,Leduc County,2016,Life Expectancy,Male,Years,80.39232
4811012,Leduc County,2017,Life Expectancy,Male,Years,80.54784
4811012,Leduc County,2018,Life Expectancy,Male,Years,80.56779
4811012,Leduc County,2019,Life Expectancy,Male,Years,80.78200
4811012,Leduc County,2020,Life Expectancy,Male,Years,80.71822
4811012,Leduc County,2021,Life Expectancy,Male,Years,80.67768
4811012,Leduc County,2022,Life Expectancy,Male,Years,80.57305
4811012,Leduc County,2023,Life Expectancy,Male,Years,79.55200
4811012,Leduc County,2011,Life Expectancy,Both,Years,81.85716
4811012,Leduc County,2012,Life Expectancy,Both,Years,82.04062
4811012,Leduc County,2013,Life Expectancy,Both,Years,82.09494
4811012,Leduc County,2014,Life Expectancy,Both,Years,82.03112
4811012,Leduc County,2015,Life Expectancy,Both,Years,82.08089
4811012,Leduc County,2016,Life Expectancy,Both,Years,82.30541
4811012,Leduc County,2017,Life Expectancy,Both,Years,82.39928
4811012,Leduc County,2018,Life Expectancy,Both,Years,82.48017
4811012,Leduc County,2019,Life Expectancy,Both,Years,82.59609
4811012,Leduc County,2020,Life Expectancy,Both,Years,82.55388
4811012,Leduc County,2021,Life Expectancy,Both,Years,82.55408
4811012,Leduc County,2022,Life Expectancy,Both,Years,82.56731
4811012,Leduc County,2023,Life Expectancy,Both,Years,81.19904
4811013,Beaumont,2011,Life Expectancy,Female,Years,84.06000
4811013,Beaumont,2012,Life Expectancy,Female,Years,84.16000
4811013,Beaumont,2013,Life Expectancy,Female,Years,84.01000
4811013,Beaumont,2014,Life Expectancy,Female,Years,84.20000
4811013,Beaumont,2015,Life Expectancy,Female,Years,83.87000
4811013,Beaumont,2016,Life Expectancy,Female,Years,83.42000
4811013,Beaumont,2017,Life Expectancy,Female,Years,83.40000
4811013,Beaumont,2018,Life Expectancy,Female,Years,83.54000
4811013,Beaumont,2019,Life Expectancy,Female,Years,83.53000
4811013,Beaumont,2020,Life Expectancy,Female,Years,83.37000
4811013,Beaumont,2021,Life Expectancy,Female,Years,83.68000
4811013,Beaumont,2022,Life Expectancy,Female,Years,83.72000
4811013,Beaumont,2023,Life Expectancy,Female,Years,83.94000
4811013,Beaumont,2011,Life Expectancy,Male,Years,79.62000
4811013,Beaumont,2012,Life Expectancy,Male,Years,79.65000
4811013,Beaumont,2013,Life Expectancy,Male,Years,79.80000
4811013,Beaumont,2014,Life Expectancy,Male,Years,79.78000
4811013,Beaumont,2015,Life Expectancy,Male,Years,79.57000
4811013,Beaumont,2016,Life Expectancy,Male,Years,79.81000
4811013,Beaumont,2017,Life Expectancy,Male,Years,79.85000
4811013,Beaumont,2018,Life Expectancy,Male,Years,80.11000
4811013,Beaumont,2019,Life Expectancy,Male,Years,80.53000
4811013,Beaumont,2020,Life Expectancy,Male,Years,80.36000
4811013,Beaumont,2021,Life Expectancy,Male,Years,80.44000
4811013,Beaumont,2022,Life Expectancy,Male,Years,80.32000
4811013,Beaumont,2023,Life Expectancy,Male,Years,80.45000
4811013,Beaumont,2011,Life Expectancy,Both,Years,81.84000
4811013,Beaumont,2012,Life Expectancy,Both,Years,81.88000
4811013,Beaumont,2013,Life Expectancy,Both,Years,81.91000
4811013,Beaumont,2014,Life Expectancy,Both,Years,82.01000
4811013,Beaumont,2015,Life Expectancy,Both,Years,81.73000
4811013,Beaumont,2016,Life Expectancy,Both,Years,81.63000
4811013,Beaumont,2017,Life Expectancy,Both,Years,81.63000
4811013,Beaumont,2018,Life Expectancy,Both,Years,81.82000
4811013,Beaumont,2019,Life Expectancy,Both,Years,82.02000
4811013,Beaumont,2020,Life Expectancy,Both,Years,81.86000
4811013,Beaumont,2021,Life Expectancy,Both,Years,82.05000
4811013,Beaumont,2022,Life Expectancy,Both,Years,82.01000
4811013,Beaumont,2023,Life Expectancy,Both,Years,82.20000
4811001,Wetaskiwin County No. 10,2011,Life Expectancy,Female,Years,79.84631
4811001,Wetaskiwin County No. 10,2012,Life Expectancy,Female,Years,79.80293
4811001,Wetaskiwin County No. 10,2013,Life Expectancy,Female,Years,79.75028
4811001,Wetaskiwin County No. 10,2014,Life Expectancy,Female,Years,79.74107
4811001,Wetaskiwin County No. 10,2015,Life Expectancy,Female,Years,80.01784
4811001,Wetaskiwin County No. 10,2016,Life Expectancy,Female,Years,80.10204
4811001,Wetaskiwin County No. 10,2017,Life Expectancy,Female,Years,80.13040
4811001,Wetaskiwin County No. 10,2018,Life Expectancy,Female,Years,80.14635
4811001,Wetaskiwin County No. 10,2019,Life Expectancy,Female,Years,80.35263
4811001,Wetaskiwin County No. 10,2020,Life Expectancy,Female,Years,79.86442
4811001,Wetaskiwin County No. 10,2021,Life Expectancy,Female,Years,79.25647
4811001,Wetaskiwin County No. 10,2022,Life Expectancy,Female,Years,78.74371
4811001,Wetaskiwin County No. 10,2011,Life Expectancy,Male,Years,74.81297
4811001,Wetaskiwin County No. 10,2012,Life Expectancy,Male,Years,75.01773
4811001,Wetaskiwin County No. 10,2013,Life Expectancy,Male,Years,75.28202
4811001,Wetaskiwin County No. 10,2014,Life Expectancy,Male,Years,75.08820
4811001,Wetaskiwin County No. 10,2015,Life Expectancy,Male,Years,74.69475
4811001,Wetaskiwin County No. 10,2016,Life Expectancy,Male,Years,74.79130
4811001,Wetaskiwin County No. 10,2017,Life Expectancy,Male,Years,74.65603
4811001,Wetaskiwin County No. 10,2018,Life Expectancy,Male,Years,74.92794
4811001,Wetaskiwin County No. 10,2019,Life Expectancy,Male,Years,75.08025
4811001,Wetaskiwin County No. 10,2020,Life Expectancy,Male,Years,74.95768
4811001,Wetaskiwin County No. 10,2021,Life Expectancy,Male,Years,74.28476
4811001,Wetaskiwin County No. 10,2022,Life Expectancy,Male,Years,73.59473
4811001,Wetaskiwin County No. 10,2011,Life Expectancy,Both,Years,77.22880
4811001,Wetaskiwin County No. 10,2012,Life Expectancy,Both,Years,77.32958
4811001,Wetaskiwin County No. 10,2013,Life Expectancy,Both,Years,77.44793
4811001,Wetaskiwin County No. 10,2014,Life Expectancy,Both,Years,77.33114
4811001,Wetaskiwin County No. 10,2015,Life Expectancy,Both,Years,77.25495
4811001,Wetaskiwin County No. 10,2016,Life Expectancy,Both,Years,77.34055
4811001,Wetaskiwin County No. 10,2017,Life Expectancy,Both,Years,77.28173
4811001,Wetaskiwin County No. 10,2018,Life Expectancy,Both,Years,77.42348
4811001,Wetaskiwin County No. 10,2019,Life Expectancy,Both,Years,77.61538
4811001,Wetaskiwin County No. 10,2020,Life Expectancy,Both,Years,77.33504
4811001,Wetaskiwin County No. 10,2021,Life Expectancy,Both,Years,76.68517
4811001,Wetaskiwin County No. 10,2022,Life Expectancy,Both,Years,76.06173
4811002,Wetaskiwin,2011,Life Expectancy,Female,Years,78.91000
4811002,Wetaskiwin,2012,Life Expectancy,Female,Years,78.68000
4811002,Wetaskiwin,2013,Life Expectancy,Female,Years,78.65000
4811002,Wetaskiwin,2014,Life Expectancy,Female,Years,78.52000
4811002,Wetaskiwin,2015,Life Expectancy,Female,Years,78.74000
4811002,Wetaskiwin,2016,Life Expectancy,Female,Years,78.86000
4811002,Wetaskiwin,2017,Life Expectancy,Female,Years,78.88000
4811002,Wetaskiwin,2018,Life Expectancy,Female,Years,78.80000
4811002,Wetaskiwin,2019,Life Expectancy,Female,Years,79.18000
4811002,Wetaskiwin,2020,Life Expectancy,Female,Years,78.55000
4811002,Wetaskiwin,2021,Life Expectancy,Female,Years,78.01000
4811002,Wetaskiwin,2022,Life Expectancy,Female,Years,77.71000
4811002,Wetaskiwin,2011,Life Expectancy,Male,Years,74.28000
4811002,Wetaskiwin,2012,Life Expectancy,Male,Years,74.50000
4811002,Wetaskiwin,2013,Life Expectancy,Male,Years,74.89000
4811002,Wetaskiwin,2014,Life Expectancy,Male,Years,74.37000
4811002,Wetaskiwin,2015,Life Expectancy,Male,Years,73.92000
4811002,Wetaskiwin,2016,Life Expectancy,Male,Years,74.02000
4811002,Wetaskiwin,2017,Life Expectancy,Male,Years,73.95000
4811002,Wetaskiwin,2018,Life Expectancy,Male,Years,74.22000
4811002,Wetaskiwin,2019,Life Expectancy,Male,Years,74.26000
4811002,Wetaskiwin,2020,Life Expectancy,Male,Years,73.93000
4811002,Wetaskiwin,2021,Life Expectancy,Male,Years,72.81000
4811002,Wetaskiwin,2022,Life Expectancy,Male,Years,71.68000
4811002,Wetaskiwin,2011,Life Expectancy,Both,Years,76.55000
4811002,Wetaskiwin,2012,Life Expectancy,Both,Years,76.56000
4811002,Wetaskiwin,2013,Life Expectancy,Both,Years,76.75000
4811002,Wetaskiwin,2014,Life Expectancy,Both,Years,76.40000
4811002,Wetaskiwin,2015,Life Expectancy,Both,Years,76.27000
4811002,Wetaskiwin,2016,Life Expectancy,Both,Years,76.36000
4811002,Wetaskiwin,2017,Life Expectancy,Both,Years,76.34000
4811002,Wetaskiwin,2018,Life Expectancy,Both,Years,76.44000
4811002,Wetaskiwin,2019,Life Expectancy,Both,Years,76.65000
4811002,Wetaskiwin,2020,Life Expectancy,Both,Years,76.18000
4811002,Wetaskiwin,2021,Life Expectancy,Both,Years,75.32000
4811002,Wetaskiwin,2022,Life Expectancy,Both,Years,74.56000
4817076,Northern Lights County,2011,Life Expectancy,Female,Years,81.80242
4817076,Northern Lights County,2012,Life Expectancy,Female,Years,81.58161
4817076,Northern Lights County,2013,Life Expectancy,Female,Years,81.92351
4817076,Northern Lights County,2014,Life Expectancy,Female,Years,81.70939
4817076,Northern Lights County,2015,Life Expectancy,Female,Years,81.43787
4817076,Northern Lights County,2016,Life Expectancy,Female,Years,81.25214
4817076,Northern Lights County,2017,Life Expectancy,Female,Years,80.90650
4817076,Northern Lights County,2018,Life Expectancy,Female,Years,80.51253
4817076,Northern Lights County,2019,Life Expectancy,Female,Years,80.48624
4817076,Northern Lights County,2020,Life Expectancy,Female,Years,79.94039
4817076,Northern Lights County,2021,Life Expectancy,Female,Years,79.91040
4817076,Northern Lights County,2022,Life Expectancy,Female,Years,80.09906
4817076,Northern Lights County,2011,Life Expectancy,Male,Years,76.01184
4817076,Northern Lights County,2012,Life Expectancy,Male,Years,76.04083
4817076,Northern Lights County,2013,Life Expectancy,Male,Years,76.12748
4817076,Northern Lights County,2014,Life Expectancy,Male,Years,76.14853
4817076,Northern Lights County,2015,Life Expectancy,Male,Years,75.83118
4817076,Northern Lights County,2016,Life Expectancy,Male,Years,75.85163
4817076,Northern Lights County,2017,Life Expectancy,Male,Years,76.35976
4817076,Northern Lights County,2018,Life Expectancy,Male,Years,76.36543
4817076,Northern Lights County,2019,Life Expectancy,Male,Years,76.44405
4817076,Northern Lights County,2020,Life Expectancy,Male,Years,76.05442
4817076,Northern Lights County,2021,Life Expectancy,Male,Years,75.99966
4817076,Northern Lights County,2022,Life Expectancy,Male,Years,75.75592
4817076,Northern Lights County,2011,Life Expectancy,Both,Years,78.69818
4817076,Northern Lights County,2012,Life Expectancy,Both,Years,78.61817
4817076,Northern Lights County,2013,Life Expectancy,Both,Years,78.82946
4817076,Northern Lights County,2014,Life Expectancy,Both,Years,78.74843
4817076,Northern Lights County,2015,Life Expectancy,Both,Years,78.44480
4817076,Northern Lights County,2016,Life Expectancy,Both,Years,78.37441
4817076,Northern Lights County,2017,Life Expectancy,Both,Years,78.47834
4817076,Northern Lights County,2018,Life Expectancy,Both,Years,78.30447
4817076,Northern Lights County,2019,Life Expectancy,Both,Years,78.33895
4817076,Northern Lights County,2020,Life Expectancy,Both,Years,77.87273
4817076,Northern Lights County,2021,Life Expectancy,Both,Years,77.80291
4817076,Northern Lights County,2022,Life Expectancy,Both,Years,77.75049
4817078,Manning,2011,Life Expectancy,Female,Years,79.10000
4817078,Manning,2012,Life Expectancy,Female,Years,79.17000
4817078,Manning,2013,Life Expectancy,Female,Years,79.32000
4817078,Manning,2014,Life Expectancy,Female,Years,78.57000
4817078,Manning,2015,Life Expectancy,Female,Years,78.27000
4817078,Manning,2016,Life Expectancy,Female,Years,78.76000
4817078,Manning,2017,Life Expectancy,Female,Years,78.92000
4817078,Manning,2018,Life Expectancy,Female,Years,78.94000
4817078,Manning,2019,Life Expectancy,Female,Years,80.13000
4817078,Manning,2020,Life Expectancy,Female,Years,80.11000
4817078,Manning,2021,Life Expectancy,Female,Years,80.95000
4817078,Manning,2022,Life Expectancy,Female,Years,81.59000
4817078,Manning,2023,Life Expectancy,Female,Years,81.82000
4817078,Manning,2011,Life Expectancy,Male,Years,75.14000
4817078,Manning,2012,Life Expectancy,Male,Years,75.04000
4817078,Manning,2013,Life Expectancy,Male,Years,75.20000
4817078,Manning,2014,Life Expectancy,Male,Years,75.26000
4817078,Manning,2015,Life Expectancy,Male,Years,74.62000
4817078,Manning,2016,Life Expectancy,Male,Years,75.69000
4817078,Manning,2017,Life Expectancy,Male,Years,75.68000
4817078,Manning,2018,Life Expectancy,Male,Years,75.33000
4817078,Manning,2019,Life Expectancy,Male,Years,75.08000
4817078,Manning,2020,Life Expectancy,Male,Years,74.65000
4817078,Manning,2021,Life Expectancy,Male,Years,73.95000
4817078,Manning,2022,Life Expectancy,Male,Years,73.59000
4817078,Manning,2023,Life Expectancy,Male,Years,73.52000
4817078,Manning,2011,Life Expectancy,Both,Years,76.92000
4817078,Manning,2012,Life Expectancy,Both,Years,76.92000
4817078,Manning,2013,Life Expectancy,Both,Years,77.11000
4817078,Manning,2014,Life Expectancy,Both,Years,76.83000
4817078,Manning,2015,Life Expectancy,Both,Years,76.33000
4817078,Manning,2016,Life Expectancy,Both,Years,77.16000
4817078,Manning,2017,Life Expectancy,Both,Years,77.19000
4817078,Manning,2018,Life Expectancy,Both,Years,77.11000
4817078,Manning,2019,Life Expectancy,Both,Years,77.48000
4817078,Manning,2020,Life Expectancy,Both,Years,77.21000
4817078,Manning,2021,Life Expectancy,Both,Years,77.15000
4817078,Manning,2022,Life Expectancy,Both,Years,77.25000
4817078,Manning,2023,Life Expectancy,Both,Years,77.30000
4817093,High Level,2011,Life Expectancy,Female,Years,79.01000
4817093,High Level,2012,Life Expectancy,Female,Years,79.01000
4817093,High Level,2013,Life Expectancy,Female,Years,79.13000
4817093,High Level,2014,Life Expectancy,Female,Years,79.33000
4817093,High Level,2015,Life Expectancy,Female,Years,79.64000
4817093,High Level,2016,Life Expectancy,Female,Years,79.79000
4817093,High Level,2017,Life Expectancy,Female,Years,79.89000
4817093,High Level,2018,Life Expectancy,Female,Years,79.70000
4817093,High Level,2019,Life Expectancy,Female,Years,79.96000
4817093,High Level,2020,Life Expectancy,Female,Years,79.60000
4817093,High Level,2021,Life Expectancy,Female,Years,79.10000
4817093,High Level,2022,Life Expectancy,Female,Years,78.94000
4817093,High Level,2011,Life Expectancy,Male,Years,74.27000
4817093,High Level,2012,Life Expectancy,Male,Years,74.38000
4817093,High Level,2013,Life Expectancy,Male,Years,74.63000
4817093,High Level,2014,Life Expectancy,Male,Years,74.82000
4817093,High Level,2015,Life Expectancy,Male,Years,75.00000
4817093,High Level,2016,Life Expectancy,Male,Years,75.11000
4817093,High Level,2017,Life Expectancy,Male,Years,75.42000
4817093,High Level,2018,Life Expectancy,Male,Years,75.64000
4817093,High Level,2019,Life Expectancy,Male,Years,75.60000
4817093,High Level,2020,Life Expectancy,Male,Years,75.02000
4817093,High Level,2021,Life Expectancy,Male,Years,74.09000
4817093,High Level,2022,Life Expectancy,Male,Years,74.03000
4817093,High Level,2011,Life Expectancy,Both,Years,76.41000
4817093,High Level,2012,Life Expectancy,Both,Years,76.49000
4817093,High Level,2013,Life Expectancy,Both,Years,76.70000
4817093,High Level,2014,Life Expectancy,Both,Years,76.87000
4817093,High Level,2015,Life Expectancy,Both,Years,77.14000
4817093,High Level,2016,Life Expectancy,Both,Years,77.27000
4817093,High Level,2017,Life Expectancy,Both,Years,77.47000
4817093,High Level,2018,Life Expectancy,Both,Years,77.50000
4817093,High Level,2019,Life Expectancy,Both,Years,77.60000
4817093,High Level,2020,Life Expectancy,Both,Years,77.14000
4817093,High Level,2021,Life Expectancy,Both,Years,76.39000
4817093,High Level,2022,Life Expectancy,Both,Years,76.32000
4813061,Whispering Hills,2011,Life Expectancy,Female,Years,81.06000
4813061,Whispering Hills,2012,Life Expectancy,Female,Years,81.71000
4813061,Whispering Hills,2013,Life Expectancy,Female,Years,81.86000
4813061,Whispering Hills,2014,Life Expectancy,Female,Years,82.02000
4813061,Whispering Hills,2015,Life Expectancy,Female,Years,82.45000
4813061,Whispering Hills,2016,Life Expectancy,Female,Years,82.63000
4813061,Whispering Hills,2017,Life Expectancy,Female,Years,82.84000
4813061,Whispering Hills,2018,Life Expectancy,Female,Years,83.18000
4813061,Whispering Hills,2019,Life Expectancy,Female,Years,83.39000
4813061,Whispering Hills,2020,Life Expectancy,Female,Years,83.22000
4813061,Whispering Hills,2021,Life Expectancy,Female,Years,82.79000
4813061,Whispering Hills,2022,Life Expectancy,Female,Years,82.55000
4813061,Whispering Hills,2011,Life Expectancy,Male,Years,76.39000
4813061,Whispering Hills,2012,Life Expectancy,Male,Years,76.05000
4813061,Whispering Hills,2013,Life Expectancy,Male,Years,75.85000
4813061,Whispering Hills,2014,Life Expectancy,Male,Years,76.03000
4813061,Whispering Hills,2015,Life Expectancy,Male,Years,76.29000
4813061,Whispering Hills,2016,Life Expectancy,Male,Years,76.48000
4813061,Whispering Hills,2017,Life Expectancy,Male,Years,76.56000
4813061,Whispering Hills,2018,Life Expectancy,Male,Years,76.90000
4813061,Whispering Hills,2019,Life Expectancy,Male,Years,76.56000
4813061,Whispering Hills,2020,Life Expectancy,Male,Years,76.40000
4813061,Whispering Hills,2021,Life Expectancy,Male,Years,76.14000
4813061,Whispering Hills,2022,Life Expectancy,Male,Years,76.00000
4813061,Whispering Hills,2011,Life Expectancy,Both,Years,78.61000
4813061,Whispering Hills,2012,Life Expectancy,Both,Years,78.70000
4813061,Whispering Hills,2013,Life Expectancy,Both,Years,78.65000
4813061,Whispering Hills,2014,Life Expectancy,Both,Years,78.81000
4813061,Whispering Hills,2015,Life Expectancy,Both,Years,79.11000
4813061,Whispering Hills,2016,Life Expectancy,Both,Years,79.29000
4813061,Whispering Hills,2017,Life Expectancy,Both,Years,79.45000
4813061,Whispering Hills,2018,Life Expectancy,Both,Years,79.79000
4813061,Whispering Hills,2019,Life Expectancy,Both,Years,79.74000
4813061,Whispering Hills,2020,Life Expectancy,Both,Years,79.58000
4813061,Whispering Hills,2021,Life Expectancy,Both,Years,79.25000
4813061,Whispering Hills,2022,Life Expectancy,Both,Years,79.08000
4813036,Thorhild County,2011,Life Expectancy,Female,Years,81.82229
4813036,Thorhild County,2012,Life Expectancy,Female,Years,82.14317
4813036,Thorhild County,2013,Life Expectancy,Female,Years,81.94832
4813036,Thorhild County,2014,Life Expectancy,Female,Years,81.83075
4813036,Thorhild County,2015,Life Expectancy,Female,Years,81.80446
4813036,Thorhild County,2016,Life Expectancy,Female,Years,81.84801
4813036,Thorhild County,2017,Life Expectancy,Female,Years,82.16549
4813036,Thorhild County,2018,Life Expectancy,Female,Years,82.43162
4813036,Thorhild County,2019,Life Expectancy,Female,Years,82.23298
4813036,Thorhild County,2020,Life Expectancy,Female,Years,82.03742
4813036,Thorhild County,2021,Life Expectancy,Female,Years,81.96123
4813036,Thorhild County,2022,Life Expectancy,Female,Years,81.83280
4813036,Thorhild County,2011,Life Expectancy,Male,Years,76.25897
4813036,Thorhild County,2012,Life Expectancy,Male,Years,76.39885
4813036,Thorhild County,2013,Life Expectancy,Male,Years,76.44510
4813036,Thorhild County,2014,Life Expectancy,Male,Years,76.71366
4813036,Thorhild County,2015,Life Expectancy,Male,Years,76.64515
4813036,Thorhild County,2016,Life Expectancy,Male,Years,76.72556
4813036,Thorhild County,2017,Life Expectancy,Male,Years,77.02632
4813036,Thorhild County,2018,Life Expectancy,Male,Years,77.03390
4813036,Thorhild County,2019,Life Expectancy,Male,Years,77.02142
4813036,Thorhild County,2020,Life Expectancy,Male,Years,76.75960
4813036,Thorhild County,2021,Life Expectancy,Male,Years,76.82750
4813036,Thorhild County,2022,Life Expectancy,Male,Years,76.80973
4813036,Thorhild County,2011,Life Expectancy,Both,Years,78.85826
4813036,Thorhild County,2012,Life Expectancy,Both,Years,79.08421
4813036,Thorhild County,2013,Life Expectancy,Both,Years,79.01653
4813036,Thorhild County,2014,Life Expectancy,Both,Years,79.11995
4813036,Thorhild County,2015,Life Expectancy,Both,Years,79.05736
4813036,Thorhild County,2016,Life Expectancy,Both,Years,79.11824
4813036,Thorhild County,2017,Life Expectancy,Both,Years,79.42250
4813036,Thorhild County,2018,Life Expectancy,Both,Years,79.53834
4813036,Thorhild County,2019,Life Expectancy,Both,Years,79.44203
4813036,Thorhild County,2020,Life Expectancy,Both,Years,79.20956
4813036,Thorhild County,2021,Life Expectancy,Both,Years,79.21449
4813036,Thorhild County,2022,Life Expectancy,Both,Years,79.14544
4813044,Athabasca County,2011,Life Expectancy,Female,Years,80.80638
4813044,Athabasca County,2012,Life Expectancy,Female,Years,81.16210
4813044,Athabasca County,2013,Life Expectancy,Female,Years,81.09253
4813044,Athabasca County,2014,Life Expectancy,Female,Years,81.15715
4813044,Athabasca County,2015,Life Expectancy,Female,Years,81.37491
4813044,Athabasca County,2016,Life Expectancy,Female,Years,81.75377
4813044,Athabasca County,2017,Life Expectancy,Female,Years,81.73578
4813044,Athabasca County,2018,Life Expectancy,Female,Years,82.16755
4813044,Athabasca County,2019,Life Expectancy,Female,Years,82.06909
4813044,Athabasca County,2020,Life Expectancy,Female,Years,82.19534
4813044,Athabasca County,2021,Life Expectancy,Female,Years,81.80821
4813044,Athabasca County,2022,Life Expectancy,Female,Years,81.72827
4813044,Athabasca County,2011,Life Expectancy,Male,Years,75.65820
4813044,Athabasca County,2012,Life Expectancy,Male,Years,75.66756
4813044,Athabasca County,2013,Life Expectancy,Male,Years,75.61587
4813044,Athabasca County,2014,Life Expectancy,Male,Years,75.64036
4813044,Athabasca County,2015,Life Expectancy,Male,Years,75.99740
4813044,Athabasca County,2016,Life Expectancy,Male,Years,76.18863
4813044,Athabasca County,2017,Life Expectancy,Male,Years,76.34961
4813044,Athabasca County,2018,Life Expectancy,Male,Years,76.41435
4813044,Athabasca County,2019,Life Expectancy,Male,Years,76.12326
4813044,Athabasca County,2020,Life Expectancy,Male,Years,75.90264
4813044,Athabasca County,2021,Life Expectancy,Male,Years,75.57553
4813044,Athabasca County,2022,Life Expectancy,Male,Years,75.33739
4813044,Athabasca County,2011,Life Expectancy,Both,Years,78.06230
4813044,Athabasca County,2012,Life Expectancy,Both,Years,78.23228
4813044,Athabasca County,2013,Life Expectancy,Both,Years,78.17296
4813044,Athabasca County,2014,Life Expectancy,Both,Years,78.18767
4813044,Athabasca County,2015,Life Expectancy,Both,Years,78.46014
4813044,Athabasca County,2016,Life Expectancy,Both,Years,78.72603
4813044,Athabasca County,2017,Life Expectancy,Both,Years,78.82524
4813044,Athabasca County,2018,Life Expectancy,Both,Years,79.05370
4813044,Athabasca County,2019,Life Expectancy,Both,Years,78.88486
4813044,Athabasca County,2020,Life Expectancy,Both,Years,78.82588
4813044,Athabasca County,2021,Life Expectancy,Both,Years,78.49022
4813044,Athabasca County,2022,Life Expectancy,Both,Years,78.32728
4813046,Boyle,2011,Life Expectancy,Female,Years,79.99000
4813046,Boyle,2012,Life Expectancy,Female,Years,79.41000
4813046,Boyle,2013,Life Expectancy,Female,Years,78.67000
4813046,Boyle,2014,Life Expectancy,Female,Years,78.43000
4813046,Boyle,2015,Life Expectancy,Female,Years,77.99000
4813046,Boyle,2016,Life Expectancy,Female,Years,79.03000
4813046,Boyle,2017,Life Expectancy,Female,Years,78.23000
4813046,Boyle,2018,Life Expectancy,Female,Years,79.03000
4813046,Boyle,2019,Life Expectancy,Female,Years,78.02000
4813046,Boyle,2020,Life Expectancy,Female,Years,79.04000
4813046,Boyle,2021,Life Expectancy,Female,Years,78.80000
4813046,Boyle,2022,Life Expectancy,Female,Years,79.27000
4813046,Boyle,2023,Life Expectancy,Female,Years,79.05000
4813046,Boyle,2011,Life Expectancy,Male,Years,73.33000
4813046,Boyle,2012,Life Expectancy,Male,Years,74.45000
4813046,Boyle,2013,Life Expectancy,Male,Years,74.87000
4813046,Boyle,2014,Life Expectancy,Male,Years,74.42000
4813046,Boyle,2015,Life Expectancy,Male,Years,75.09000
4813046,Boyle,2016,Life Expectancy,Male,Years,75.29000
4813046,Boyle,2017,Life Expectancy,Male,Years,75.70000
4813046,Boyle,2018,Life Expectancy,Male,Years,74.97000
4813046,Boyle,2019,Life Expectancy,Male,Years,74.83000
4813046,Boyle,2020,Life Expectancy,Male,Years,74.43000
4813046,Boyle,2021,Life Expectancy,Male,Years,73.90000
4813046,Boyle,2022,Life Expectancy,Male,Years,73.38000
4813046,Boyle,2023,Life Expectancy,Male,Years,73.38000
4813046,Boyle,2011,Life Expectancy,Both,Years,76.31000
4813046,Boyle,2012,Life Expectancy,Both,Years,76.74000
4813046,Boyle,2013,Life Expectancy,Both,Years,76.66000
4813046,Boyle,2014,Life Expectancy,Both,Years,76.23000
4813046,Boyle,2015,Life Expectancy,Both,Years,76.43000
4813046,Boyle,2016,Life Expectancy,Both,Years,76.98000
4813046,Boyle,2017,Life Expectancy,Both,Years,76.87000
4813046,Boyle,2018,Life Expectancy,Both,Years,76.82000
4813046,Boyle,2019,Life Expectancy,Both,Years,76.31000
4813046,Boyle,2020,Life Expectancy,Both,Years,76.55000
4813046,Boyle,2021,Life Expectancy,Both,Years,76.20000
4813046,Boyle,2022,Life Expectancy,Both,Years,76.09000
4813046,Boyle,2023,Life Expectancy,Both,Years,75.97000
4813047,Sunset Beach,2011,Life Expectancy,Female,Years,81.06000
4813047,Sunset Beach,2012,Life Expectancy,Female,Years,81.71000
4813047,Sunset Beach,2013,Life Expectancy,Female,Years,81.86000
4813047,Sunset Beach,2014,Life Expectancy,Female,Years,82.02000
4813047,Sunset Beach,2015,Life Expectancy,Female,Years,82.45000
4813047,Sunset Beach,2016,Life Expectancy,Female,Years,82.63000
4813047,Sunset Beach,2017,Life Expectancy,Female,Years,82.84000
4813047,Sunset Beach,2018,Life Expectancy,Female,Years,83.18000
4813047,Sunset Beach,2019,Life Expectancy,Female,Years,83.39000
4813047,Sunset Beach,2020,Life Expectancy,Female,Years,83.22000
4813047,Sunset Beach,2021,Life Expectancy,Female,Years,82.79000
4813047,Sunset Beach,2022,Life Expectancy,Female,Years,82.55000
4813047,Sunset Beach,2011,Life Expectancy,Male,Years,76.39000
4813047,Sunset Beach,2012,Life Expectancy,Male,Years,76.05000
4813047,Sunset Beach,2013,Life Expectancy,Male,Years,75.85000
4813047,Sunset Beach,2014,Life Expectancy,Male,Years,76.03000
4813047,Sunset Beach,2015,Life Expectancy,Male,Years,76.29000
4813047,Sunset Beach,2016,Life Expectancy,Male,Years,76.48000
4813047,Sunset Beach,2017,Life Expectancy,Male,Years,76.56000
4813047,Sunset Beach,2018,Life Expectancy,Male,Years,76.90000
4813047,Sunset Beach,2019,Life Expectancy,Male,Years,76.56000
4813047,Sunset Beach,2020,Life Expectancy,Male,Years,76.40000
4813047,Sunset Beach,2021,Life Expectancy,Male,Years,76.14000
4813047,Sunset Beach,2022,Life Expectancy,Male,Years,76.00000
4813047,Sunset Beach,2011,Life Expectancy,Both,Years,78.61000
4813047,Sunset Beach,2012,Life Expectancy,Both,Years,78.70000
4813047,Sunset Beach,2013,Life Expectancy,Both,Years,78.65000
4813047,Sunset Beach,2014,Life Expectancy,Both,Years,78.81000
4813047,Sunset Beach,2015,Life Expectancy,Both,Years,79.11000
4813047,Sunset Beach,2016,Life Expectancy,Both,Years,79.29000
4813047,Sunset Beach,2017,Life Expectancy,Both,Years,79.45000
4813047,Sunset Beach,2018,Life Expectancy,Both,Years,79.79000
4813047,Sunset Beach,2019,Life Expectancy,Both,Years,79.74000
4813047,Sunset Beach,2020,Life Expectancy,Both,Years,79.58000
4813047,Sunset Beach,2021,Life Expectancy,Both,Years,79.25000
4813047,Sunset Beach,2022,Life Expectancy,Both,Years,79.08000
4813048,Athabasca,2011,Life Expectancy,Female,Years,81.06000
4813048,Athabasca,2012,Life Expectancy,Female,Years,81.71000
4813048,Athabasca,2013,Life Expectancy,Female,Years,81.86000
4813048,Athabasca,2014,Life Expectancy,Female,Years,82.02000
4813048,Athabasca,2015,Life Expectancy,Female,Years,82.45000
4813048,Athabasca,2016,Life Expectancy,Female,Years,82.63000
4813048,Athabasca,2017,Life Expectancy,Female,Years,82.84000
4813048,Athabasca,2018,Life Expectancy,Female,Years,83.18000
4813048,Athabasca,2019,Life Expectancy,Female,Years,83.39000
4813048,Athabasca,2020,Life Expectancy,Female,Years,83.22000
4813048,Athabasca,2021,Life Expectancy,Female,Years,82.79000
4813048,Athabasca,2022,Life Expectancy,Female,Years,82.55000
4813048,Athabasca,2011,Life Expectancy,Male,Years,76.39000
4813048,Athabasca,2012,Life Expectancy,Male,Years,76.05000
4813048,Athabasca,2013,Life Expectancy,Male,Years,75.85000
4813048,Athabasca,2014,Life Expectancy,Male,Years,76.03000
4813048,Athabasca,2015,Life Expectancy,Male,Years,76.29000
4813048,Athabasca,2016,Life Expectancy,Male,Years,76.48000
4813048,Athabasca,2017,Life Expectancy,Male,Years,76.56000
4813048,Athabasca,2018,Life Expectancy,Male,Years,76.90000
4813048,Athabasca,2019,Life Expectancy,Male,Years,76.56000
4813048,Athabasca,2020,Life Expectancy,Male,Years,76.40000
4813048,Athabasca,2021,Life Expectancy,Male,Years,76.14000
4813048,Athabasca,2022,Life Expectancy,Male,Years,76.00000
4813048,Athabasca,2011,Life Expectancy,Both,Years,78.61000
4813048,Athabasca,2012,Life Expectancy,Both,Years,78.70000
4813048,Athabasca,2013,Life Expectancy,Both,Years,78.65000
4813048,Athabasca,2014,Life Expectancy,Both,Years,78.81000
4813048,Athabasca,2015,Life Expectancy,Both,Years,79.11000
4813048,Athabasca,2016,Life Expectancy,Both,Years,79.29000
4813048,Athabasca,2017,Life Expectancy,Both,Years,79.45000
4813048,Athabasca,2018,Life Expectancy,Both,Years,79.79000
4813048,Athabasca,2019,Life Expectancy,Both,Years,79.74000
4813048,Athabasca,2020,Life Expectancy,Both,Years,79.58000
4813048,Athabasca,2021,Life Expectancy,Both,Years,79.25000
4813048,Athabasca,2022,Life Expectancy,Both,Years,79.08000
4813049,Island Lake,2011,Life Expectancy,Female,Years,81.06000
4813049,Island Lake,2012,Life Expectancy,Female,Years,81.71000
4813049,Island Lake,2013,Life Expectancy,Female,Years,81.86000
4813049,Island Lake,2014,Life Expectancy,Female,Years,82.02000
4813049,Island Lake,2015,Life Expectancy,Female,Years,82.45000
4813049,Island Lake,2016,Life Expectancy,Female,Years,82.63000
4813049,Island Lake,2017,Life Expectancy,Female,Years,82.84000
4813049,Island Lake,2018,Life Expectancy,Female,Years,83.18000
4813049,Island Lake,2019,Life Expectancy,Female,Years,83.39000
4813049,Island Lake,2020,Life Expectancy,Female,Years,83.22000
4813049,Island Lake,2021,Life Expectancy,Female,Years,82.79000
4813049,Island Lake,2022,Life Expectancy,Female,Years,82.55000
4813049,Island Lake,2011,Life Expectancy,Male,Years,76.39000
4813049,Island Lake,2012,Life Expectancy,Male,Years,76.05000
4813049,Island Lake,2013,Life Expectancy,Male,Years,75.85000
4813049,Island Lake,2014,Life Expectancy,Male,Years,76.03000
4813049,Island Lake,2015,Life Expectancy,Male,Years,76.29000
4813049,Island Lake,2016,Life Expectancy,Male,Years,76.48000
4813049,Island Lake,2017,Life Expectancy,Male,Years,76.56000
4813049,Island Lake,2018,Life Expectancy,Male,Years,76.90000
4813049,Island Lake,2019,Life Expectancy,Male,Years,76.56000
4813049,Island Lake,2020,Life Expectancy,Male,Years,76.40000
4813049,Island Lake,2021,Life Expectancy,Male,Years,76.14000
4813049,Island Lake,2022,Life Expectancy,Male,Years,76.00000
4813049,Island Lake,2011,Life Expectancy,Both,Years,78.61000
4813049,Island Lake,2012,Life Expectancy,Both,Years,78.70000
4813049,Island Lake,2013,Life Expectancy,Both,Years,78.65000
4813049,Island Lake,2014,Life Expectancy,Both,Years,78.81000
4813049,Island Lake,2015,Life Expectancy,Both,Years,79.11000
4813049,Island Lake,2016,Life Expectancy,Both,Years,79.29000
4813049,Island Lake,2017,Life Expectancy,Both,Years,79.45000
4813049,Island Lake,2018,Life Expectancy,Both,Years,79.79000
4813049,Island Lake,2019,Life Expectancy,Both,Years,79.74000
4813049,Island Lake,2020,Life Expectancy,Both,Years,79.58000
4813049,Island Lake,2021,Life Expectancy,Both,Years,79.25000
4813049,Island Lake,2022,Life Expectancy,Both,Years,79.08000
4813051,Island Lake South,2011,Life Expectancy,Female,Years,81.06000
4813051,Island Lake South,2012,Life Expectancy,Female,Years,81.71000
4813051,Island Lake South,2013,Life Expectancy,Female,Years,81.86000
4813051,Island Lake South,2014,Life Expectancy,Female,Years,82.02000
4813051,Island Lake South,2015,Life Expectancy,Female,Years,82.45000
4813051,Island Lake South,2016,Life Expectancy,Female,Years,82.63000
4813051,Island Lake South,2017,Life Expectancy,Female,Years,82.84000
4813051,Island Lake South,2018,Life Expectancy,Female,Years,83.18000
4813051,Island Lake South,2019,Life Expectancy,Female,Years,83.39000
4813051,Island Lake South,2020,Life Expectancy,Female,Years,83.22000
4813051,Island Lake South,2021,Life Expectancy,Female,Years,82.79000
4813051,Island Lake South,2022,Life Expectancy,Female,Years,82.55000
4813051,Island Lake South,2011,Life Expectancy,Male,Years,76.39000
4813051,Island Lake South,2012,Life Expectancy,Male,Years,76.05000
4813051,Island Lake South,2013,Life Expectancy,Male,Years,75.85000
4813051,Island Lake South,2014,Life Expectancy,Male,Years,76.03000
4813051,Island Lake South,2015,Life Expectancy,Male,Years,76.29000
4813051,Island Lake South,2016,Life Expectancy,Male,Years,76.48000
4813051,Island Lake South,2017,Life Expectancy,Male,Years,76.56000
4813051,Island Lake South,2018,Life Expectancy,Male,Years,76.90000
4813051,Island Lake South,2019,Life Expectancy,Male,Years,76.56000
4813051,Island Lake South,2020,Life Expectancy,Male,Years,76.40000
4813051,Island Lake South,2021,Life Expectancy,Male,Years,76.14000
4813051,Island Lake South,2022,Life Expectancy,Male,Years,76.00000
4813051,Island Lake South,2011,Life Expectancy,Both,Years,78.61000
4813051,Island Lake South,2012,Life Expectancy,Both,Years,78.70000
4813051,Island Lake South,2013,Life Expectancy,Both,Years,78.65000
4813051,Island Lake South,2014,Life Expectancy,Both,Years,78.81000
4813051,Island Lake South,2015,Life Expectancy,Both,Years,79.11000
4813051,Island Lake South,2016,Life Expectancy,Both,Years,79.29000
4813051,Island Lake South,2017,Life Expectancy,Both,Years,79.45000
4813051,Island Lake South,2018,Life Expectancy,Both,Years,79.79000
4813051,Island Lake South,2019,Life Expectancy,Both,Years,79.74000
4813051,Island Lake South,2020,Life Expectancy,Both,Years,79.58000
4813051,Island Lake South,2021,Life Expectancy,Both,Years,79.25000
4813051,Island Lake South,2022,Life Expectancy,Both,Years,79.08000
4813055,South Baptiste,2011,Life Expectancy,Female,Years,81.06000
4813055,South Baptiste,2012,Life Expectancy,Female,Years,81.71000
4813055,South Baptiste,2013,Life Expectancy,Female,Years,81.86000
4813055,South Baptiste,2014,Life Expectancy,Female,Years,82.02000
4813055,South Baptiste,2015,Life Expectancy,Female,Years,82.45000
4813055,South Baptiste,2016,Life Expectancy,Female,Years,82.63000
4813055,South Baptiste,2017,Life Expectancy,Female,Years,82.84000
4813055,South Baptiste,2018,Life Expectancy,Female,Years,83.18000
4813055,South Baptiste,2019,Life Expectancy,Female,Years,83.39000
4813055,South Baptiste,2020,Life Expectancy,Female,Years,83.22000
4813055,South Baptiste,2021,Life Expectancy,Female,Years,82.79000
4813055,South Baptiste,2022,Life Expectancy,Female,Years,82.55000
4813055,South Baptiste,2023,Life Expectancy,Female,Years,82.02000
4813055,South Baptiste,2011,Life Expectancy,Male,Years,76.39000
4813055,South Baptiste,2012,Life Expectancy,Male,Years,76.05000
4813055,South Baptiste,2013,Life Expectancy,Male,Years,75.85000
4813055,South Baptiste,2014,Life Expectancy,Male,Years,76.03000
4813055,South Baptiste,2015,Life Expectancy,Male,Years,76.29000
4813055,South Baptiste,2016,Life Expectancy,Male,Years,76.48000
4813055,South Baptiste,2017,Life Expectancy,Male,Years,76.56000
4813055,South Baptiste,2018,Life Expectancy,Male,Years,76.90000
4813055,South Baptiste,2019,Life Expectancy,Male,Years,76.56000
4813055,South Baptiste,2020,Life Expectancy,Male,Years,76.40000
4813055,South Baptiste,2021,Life Expectancy,Male,Years,76.14000
4813055,South Baptiste,2022,Life Expectancy,Male,Years,76.00000
4813055,South Baptiste,2023,Life Expectancy,Male,Years,76.10000
4813055,South Baptiste,2011,Life Expectancy,Both,Years,78.61000
4813055,South Baptiste,2012,Life Expectancy,Both,Years,78.70000
4813055,South Baptiste,2013,Life Expectancy,Both,Years,78.65000
4813055,South Baptiste,2014,Life Expectancy,Both,Years,78.81000
4813055,South Baptiste,2015,Life Expectancy,Both,Years,79.11000
4813055,South Baptiste,2016,Life Expectancy,Both,Years,79.29000
4813055,South Baptiste,2017,Life Expectancy,Both,Years,79.45000
4813055,South Baptiste,2018,Life Expectancy,Both,Years,79.79000
4813055,South Baptiste,2019,Life Expectancy,Both,Years,79.74000
4813055,South Baptiste,2020,Life Expectancy,Both,Years,79.58000
4813055,South Baptiste,2021,Life Expectancy,Both,Years,79.25000
4813055,South Baptiste,2022,Life Expectancy,Both,Years,79.08000
4813055,South Baptiste,2023,Life Expectancy,Both,Years,78.88000
4817033,Lesser Slave River No.124,2011,Life Expectancy,Female,Years,81.21811
4817033,Lesser Slave River No.124,2012,Life Expectancy,Female,Years,81.60185
4817033,Lesser Slave River No.124,2013,Life Expectancy,Female,Years,81.58943
4817033,Lesser Slave River No.124,2014,Life Expectancy,Female,Years,81.59187
4817033,Lesser Slave River No.124,2015,Life Expectancy,Female,Years,81.74087
4817033,Lesser Slave River No.124,2016,Life Expectancy,Female,Years,81.91746
4817033,Lesser Slave River No.124,2017,Life Expectancy,Female,Years,81.96217
4817033,Lesser Slave River No.124,2018,Life Expectancy,Female,Years,82.32776
4817033,Lesser Slave River No.124,2019,Life Expectancy,Female,Years,82.36247
4817033,Lesser Slave River No.124,2020,Life Expectancy,Female,Years,82.34141
4817033,Lesser Slave River No.124,2021,Life Expectancy,Female,Years,82.18097
4817033,Lesser Slave River No.124,2022,Life Expectancy,Female,Years,81.85465
4817033,Lesser Slave River No.124,2011,Life Expectancy,Male,Years,75.98015
4817033,Lesser Slave River No.124,2012,Life Expectancy,Male,Years,76.09814
4817033,Lesser Slave River No.124,2013,Life Expectancy,Male,Years,76.23938
4817033,Lesser Slave River No.124,2014,Life Expectancy,Male,Years,76.40265
4817033,Lesser Slave River No.124,2015,Life Expectancy,Male,Years,76.57346
4817033,Lesser Slave River No.124,2016,Life Expectancy,Male,Years,76.94842
4817033,Lesser Slave River No.124,2017,Life Expectancy,Male,Years,77.16863
4817033,Lesser Slave River No.124,2018,Life Expectancy,Male,Years,77.51052
4817033,Lesser Slave River No.124,2019,Life Expectancy,Male,Years,77.28272
4817033,Lesser Slave River No.124,2020,Life Expectancy,Male,Years,76.90888
4817033,Lesser Slave River No.124,2021,Life Expectancy,Male,Years,76.67047
4817033,Lesser Slave River No.124,2022,Life Expectancy,Male,Years,76.46578
4817033,Lesser Slave River No.124,2011,Life Expectancy,Both,Years,78.43198
4817033,Lesser Slave River No.124,2012,Life Expectancy,Both,Years,78.66557
4817033,Lesser Slave River No.124,2013,Life Expectancy,Both,Years,78.73178
4817033,Lesser Slave River No.124,2014,Life Expectancy,Both,Years,78.82755
4817033,Lesser Slave River No.124,2015,Life Expectancy,Both,Years,78.98347
4817033,Lesser Slave River No.124,2016,Life Expectancy,Both,Years,79.26272
4817033,Lesser Slave River No.124,2017,Life Expectancy,Both,Years,79.41563
4817033,Lesser Slave River No.124,2018,Life Expectancy,Both,Years,79.76868
4817033,Lesser Slave River No.124,2019,Life Expectancy,Both,Years,79.66901
4817033,Lesser Slave River No.124,2020,Life Expectancy,Both,Years,79.46085
4817033,Lesser Slave River No.124,2021,Life Expectancy,Both,Years,79.25683
4817033,Lesser Slave River No.124,2022,Life Expectancy,Both,Years,78.99851
4817039,Nampa,2011,Life Expectancy,Female,Years,82.32000
4817039,Nampa,2012,Life Expectancy,Female,Years,82.04000
4817039,Nampa,2013,Life Expectancy,Female,Years,82.41000
4817039,Nampa,2014,Life Expectancy,Female,Years,82.29000
4817039,Nampa,2015,Life Expectancy,Female,Years,82.02000
4817039,Nampa,2016,Life Expectancy,Female,Years,81.70000
4817039,Nampa,2017,Life Expectancy,Female,Years,81.27000
4817039,Nampa,2018,Life Expectancy,Female,Years,80.80000
4817039,Nampa,2019,Life Expectancy,Female,Years,80.55000
4817039,Nampa,2020,Life Expectancy,Female,Years,79.91000
4817039,Nampa,2021,Life Expectancy,Female,Years,79.72000
4817039,Nampa,2022,Life Expectancy,Female,Years,79.83000
4817039,Nampa,2011,Life Expectancy,Male,Years,76.18000
4817039,Nampa,2012,Life Expectancy,Male,Years,76.23000
4817039,Nampa,2013,Life Expectancy,Male,Years,76.30000
4817039,Nampa,2014,Life Expectancy,Male,Years,76.31000
4817039,Nampa,2015,Life Expectancy,Male,Years,76.05000
4817039,Nampa,2016,Life Expectancy,Male,Years,75.88000
4817039,Nampa,2017,Life Expectancy,Male,Years,76.48000
4817039,Nampa,2018,Life Expectancy,Male,Years,76.55000
4817039,Nampa,2019,Life Expectancy,Male,Years,76.68000
4817039,Nampa,2020,Life Expectancy,Male,Years,76.30000
4817039,Nampa,2021,Life Expectancy,Male,Years,76.36000
4817039,Nampa,2022,Life Expectancy,Male,Years,76.14000
4817039,Nampa,2011,Life Expectancy,Both,Years,79.04000
4817039,Nampa,2012,Life Expectancy,Both,Years,78.94000
4817039,Nampa,2013,Life Expectancy,Both,Years,79.15000
4817039,Nampa,2014,Life Expectancy,Both,Years,79.10000
4817039,Nampa,2015,Life Expectancy,Both,Years,78.83000
4817039,Nampa,2016,Life Expectancy,Both,Years,78.59000
4817039,Nampa,2017,Life Expectancy,Both,Years,78.71000
4817039,Nampa,2018,Life Expectancy,Both,Years,78.52000
4817039,Nampa,2019,Life Expectancy,Both,Years,78.49000
4817039,Nampa,2020,Life Expectancy,Both,Years,77.99000
4817039,Nampa,2021,Life Expectancy,Both,Years,77.92000
4817039,Nampa,2022,Life Expectancy,Both,Years,77.84000
4819009,Beaverlodge,2011,Life Expectancy,Female,Years,81.52000
4819009,Beaverlodge,2012,Life Expectancy,Female,Years,81.76000
4819009,Beaverlodge,2013,Life Expectancy,Female,Years,81.90000
4819009,Beaverlodge,2014,Life Expectancy,Female,Years,82.13000
4819009,Beaverlodge,2015,Life Expectancy,Female,Years,81.97000
4819009,Beaverlodge,2016,Life Expectancy,Female,Years,82.15000
4819009,Beaverlodge,2017,Life Expectancy,Female,Years,82.62000
4819009,Beaverlodge,2018,Life Expectancy,Female,Years,83.04000
4819009,Beaverlodge,2019,Life Expectancy,Female,Years,83.02000
4819009,Beaverlodge,2020,Life Expectancy,Female,Years,82.75000
4819009,Beaverlodge,2021,Life Expectancy,Female,Years,81.88000
4819009,Beaverlodge,2022,Life Expectancy,Female,Years,81.59000
4819009,Beaverlodge,2011,Life Expectancy,Male,Years,77.85000
4819009,Beaverlodge,2012,Life Expectancy,Male,Years,78.23000
4819009,Beaverlodge,2013,Life Expectancy,Male,Years,78.05000
4819009,Beaverlodge,2014,Life Expectancy,Male,Years,78.18000
4819009,Beaverlodge,2015,Life Expectancy,Male,Years,78.05000
4819009,Beaverlodge,2016,Life Expectancy,Male,Years,77.44000
4819009,Beaverlodge,2017,Life Expectancy,Male,Years,77.54000
4819009,Beaverlodge,2018,Life Expectancy,Male,Years,77.30000
4819009,Beaverlodge,2019,Life Expectancy,Male,Years,77.64000
4819009,Beaverlodge,2020,Life Expectancy,Male,Years,77.75000
4819009,Beaverlodge,2021,Life Expectancy,Male,Years,77.41000
4819009,Beaverlodge,2022,Life Expectancy,Male,Years,77.64000
4819009,Beaverlodge,2011,Life Expectancy,Both,Years,79.59000
4819009,Beaverlodge,2012,Life Expectancy,Both,Years,79.91000
4819009,Beaverlodge,2013,Life Expectancy,Both,Years,79.88000
4819009,Beaverlodge,2014,Life Expectancy,Both,Years,80.06000
4819009,Beaverlodge,2015,Life Expectancy,Both,Years,79.92000
4819009,Beaverlodge,2016,Life Expectancy,Both,Years,79.66000
4819009,Beaverlodge,2017,Life Expectancy,Both,Years,79.91000
4819009,Beaverlodge,2018,Life Expectancy,Both,Years,79.92000
4819009,Beaverlodge,2019,Life Expectancy,Both,Years,80.16000
4819009,Beaverlodge,2020,Life Expectancy,Both,Years,80.10000
4819009,Beaverlodge,2021,Life Expectancy,Both,Years,79.55000
4819009,Beaverlodge,2022,Life Expectancy,Both,Years,79.55000
4810052,Two Hills,2011,Life Expectancy,Female,Years,82.98000
4810052,Two Hills,2012,Life Expectancy,Female,Years,82.70000
4810052,Two Hills,2013,Life Expectancy,Female,Years,82.58000
4810052,Two Hills,2014,Life Expectancy,Female,Years,82.47000
4810052,Two Hills,2015,Life Expectancy,Female,Years,82.77000
4810052,Two Hills,2016,Life Expectancy,Female,Years,82.43000
4810052,Two Hills,2017,Life Expectancy,Female,Years,82.81000
4810052,Two Hills,2018,Life Expectancy,Female,Years,83.46000
4810052,Two Hills,2019,Life Expectancy,Female,Years,83.17000
4810052,Two Hills,2020,Life Expectancy,Female,Years,83.67000
4810052,Two Hills,2021,Life Expectancy,Female,Years,83.66000
4810052,Two Hills,2022,Life Expectancy,Female,Years,83.63000
4810052,Two Hills,2023,Life Expectancy,Female,Years,83.85000
4810052,Two Hills,2011,Life Expectancy,Male,Years,74.87000
4810052,Two Hills,2012,Life Expectancy,Male,Years,75.16000
4810052,Two Hills,2013,Life Expectancy,Male,Years,75.44000
4810052,Two Hills,2014,Life Expectancy,Male,Years,75.92000
4810052,Two Hills,2015,Life Expectancy,Male,Years,76.36000
4810052,Two Hills,2016,Life Expectancy,Male,Years,76.36000
4810052,Two Hills,2017,Life Expectancy,Male,Years,76.45000
4810052,Two Hills,2018,Life Expectancy,Male,Years,76.57000
4810052,Two Hills,2019,Life Expectancy,Male,Years,76.51000
4810052,Two Hills,2020,Life Expectancy,Male,Years,77.11000
4810052,Two Hills,2021,Life Expectancy,Male,Years,77.21000
4810052,Two Hills,2022,Life Expectancy,Male,Years,77.12000
4810052,Two Hills,2023,Life Expectancy,Male,Years,76.99000
4810052,Two Hills,2011,Life Expectancy,Both,Years,78.41000
4810052,Two Hills,2012,Life Expectancy,Both,Years,78.52000
4810052,Two Hills,2013,Life Expectancy,Both,Years,78.65000
4810052,Two Hills,2014,Life Expectancy,Both,Years,78.87000
4810052,Two Hills,2015,Life Expectancy,Both,Years,79.28000
4810052,Two Hills,2016,Life Expectancy,Both,Years,79.14000
4810052,Two Hills,2017,Life Expectancy,Both,Years,79.27000
4810052,Two Hills,2018,Life Expectancy,Both,Years,79.59000
4810052,Two Hills,2019,Life Expectancy,Both,Years,79.52000
4810052,Two Hills,2020,Life Expectancy,Both,Years,80.13000
4810052,Two Hills,2021,Life Expectancy,Both,Years,80.18000
4810052,Two Hills,2022,Life Expectancy,Both,Years,80.08000
4810052,Two Hills,2023,Life Expectancy,Both,Years,80.08000
4810058,Lamont County,2011,Life Expectancy,Female,Years,79.41000
4810058,Lamont County,2012,Life Expectancy,Female,Years,79.36000
4810058,Lamont County,2013,Life Expectancy,Female,Years,80.03000
4810058,Lamont County,2014,Life Expectancy,Female,Years,80.62000
4810058,Lamont County,2015,Life Expectancy,Female,Years,81.16000
4810058,Lamont County,2016,Life Expectancy,Female,Years,81.27000
4810058,Lamont County,2017,Life Expectancy,Female,Years,81.99000
4810058,Lamont County,2018,Life Expectancy,Female,Years,82.54000
4810058,Lamont County,2019,Life Expectancy,Female,Years,82.51000
4810058,Lamont County,2020,Life Expectancy,Female,Years,82.57000
4810058,Lamont County,2021,Life Expectancy,Female,Years,82.48000
4810058,Lamont County,2022,Life Expectancy,Female,Years,82.28000
4810058,Lamont County,2011,Life Expectancy,Male,Years,74.72000
4810058,Lamont County,2012,Life Expectancy,Male,Years,74.93000
4810058,Lamont County,2013,Life Expectancy,Male,Years,74.76000
4810058,Lamont County,2014,Life Expectancy,Male,Years,74.53000
4810058,Lamont County,2015,Life Expectancy,Male,Years,74.53000
4810058,Lamont County,2016,Life Expectancy,Male,Years,74.58000
4810058,Lamont County,2017,Life Expectancy,Male,Years,74.47000
4810058,Lamont County,2018,Life Expectancy,Male,Years,74.33000
4810058,Lamont County,2019,Life Expectancy,Male,Years,74.68000
4810058,Lamont County,2020,Life Expectancy,Male,Years,75.08000
4810058,Lamont County,2021,Life Expectancy,Male,Years,74.63000
4810058,Lamont County,2022,Life Expectancy,Male,Years,74.69000
4810058,Lamont County,2011,Life Expectancy,Both,Years,76.86000
4810058,Lamont County,2012,Life Expectancy,Both,Years,76.97000
4810058,Lamont County,2013,Life Expectancy,Both,Years,77.15000
4810058,Lamont County,2014,Life Expectancy,Both,Years,77.27000
4810058,Lamont County,2015,Life Expectancy,Both,Years,77.46000
4810058,Lamont County,2016,Life Expectancy,Both,Years,77.56000
4810058,Lamont County,2017,Life Expectancy,Both,Years,77.80000
4810058,Lamont County,2018,Life Expectancy,Both,Years,77.97000
4810058,Lamont County,2019,Life Expectancy,Both,Years,78.17000
4810058,Lamont County,2020,Life Expectancy,Both,Years,78.40000
4810058,Lamont County,2021,Life Expectancy,Both,Years,78.13000
4810058,Lamont County,2022,Life Expectancy,Both,Years,78.09000
4810048,Two Hills County No. 21,2011,Life Expectancy,Female,Years,165.96000
4810048,Two Hills County No. 21,2012,Life Expectancy,Female,Years,165.40000
4810048,Two Hills County No. 21,2013,Life Expectancy,Female,Years,165.16000
4810048,Two Hills County No. 21,2014,Life Expectancy,Female,Years,164.94000
4810048,Two Hills County No. 21,2015,Life Expectancy,Female,Years,165.54000
4810048,Two Hills County No. 21,2016,Life Expectancy,Female,Years,164.86000
4810048,Two Hills County No. 21,2017,Life Expectancy,Female,Years,165.62000
4810048,Two Hills County No. 21,2018,Life Expectancy,Female,Years,166.92000
4810048,Two Hills County No. 21,2019,Life Expectancy,Female,Years,166.34000
4810048,Two Hills County No. 21,2020,Life Expectancy,Female,Years,167.34000
4810048,Two Hills County No. 21,2021,Life Expectancy,Female,Years,167.32000
4810048,Two Hills County No. 21,2022,Life Expectancy,Female,Years,83.63000
4810048,Two Hills County No. 21,2011,Life Expectancy,Male,Years,149.74000
4810048,Two Hills County No. 21,2012,Life Expectancy,Male,Years,150.32000
4810048,Two Hills County No. 21,2013,Life Expectancy,Male,Years,150.88000
4810048,Two Hills County No. 21,2014,Life Expectancy,Male,Years,151.84000
4810048,Two Hills County No. 21,2015,Life Expectancy,Male,Years,152.72000
4810048,Two Hills County No. 21,2016,Life Expectancy,Male,Years,152.72000
4810048,Two Hills County No. 21,2017,Life Expectancy,Male,Years,152.90000
4810048,Two Hills County No. 21,2018,Life Expectancy,Male,Years,153.14000
4810048,Two Hills County No. 21,2019,Life Expectancy,Male,Years,153.02000
4810048,Two Hills County No. 21,2020,Life Expectancy,Male,Years,154.22000
4810048,Two Hills County No. 21,2021,Life Expectancy,Male,Years,154.42000
4810048,Two Hills County No. 21,2022,Life Expectancy,Male,Years,77.12000
4810048,Two Hills County No. 21,2011,Life Expectancy,Both,Years,156.82000
4810048,Two Hills County No. 21,2012,Life Expectancy,Both,Years,157.04000
4810048,Two Hills County No. 21,2013,Life Expectancy,Both,Years,157.30000
4810048,Two Hills County No. 21,2014,Life Expectancy,Both,Years,157.74000
4810048,Two Hills County No. 21,2015,Life Expectancy,Both,Years,158.56000
4810048,Two Hills County No. 21,2016,Life Expectancy,Both,Years,158.28000
4810048,Two Hills County No. 21,2017,Life Expectancy,Both,Years,158.54000
4810048,Two Hills County No. 21,2018,Life Expectancy,Both,Years,159.18000
4810048,Two Hills County No. 21,2019,Life Expectancy,Both,Years,159.04000
4810048,Two Hills County No. 21,2020,Life Expectancy,Both,Years,160.26000
4810048,Two Hills County No. 21,2021,Life Expectancy,Both,Years,160.36000
4810048,Two Hills County No. 21,2022,Life Expectancy,Both,Years,80.08000
4810051,Myrnam,2011,Life Expectancy,Female,Years,82.98000
4810051,Myrnam,2012,Life Expectancy,Female,Years,82.70000
4810051,Myrnam,2013,Life Expectancy,Female,Years,82.58000
4810051,Myrnam,2014,Life Expectancy,Female,Years,82.47000
4810051,Myrnam,2015,Life Expectancy,Female,Years,82.77000
4810051,Myrnam,2016,Life Expectancy,Female,Years,82.43000
4810051,Myrnam,2017,Life Expectancy,Female,Years,82.81000
4810051,Myrnam,2018,Life Expectancy,Female,Years,83.46000
4810051,Myrnam,2019,Life Expectancy,Female,Years,83.17000
4810051,Myrnam,2020,Life Expectancy,Female,Years,83.67000
4810051,Myrnam,2021,Life Expectancy,Female,Years,83.66000
4810051,Myrnam,2022,Life Expectancy,Female,Years,83.63000
4810051,Myrnam,2011,Life Expectancy,Male,Years,74.87000
4810051,Myrnam,2012,Life Expectancy,Male,Years,75.16000
4810051,Myrnam,2013,Life Expectancy,Male,Years,75.44000
4810051,Myrnam,2014,Life Expectancy,Male,Years,75.92000
4810051,Myrnam,2015,Life Expectancy,Male,Years,76.36000
4810051,Myrnam,2016,Life Expectancy,Male,Years,76.36000
4810051,Myrnam,2017,Life Expectancy,Male,Years,76.45000
4810051,Myrnam,2018,Life Expectancy,Male,Years,76.57000
4810051,Myrnam,2019,Life Expectancy,Male,Years,76.51000
4810051,Myrnam,2020,Life Expectancy,Male,Years,77.11000
4810051,Myrnam,2021,Life Expectancy,Male,Years,77.21000
4810051,Myrnam,2022,Life Expectancy,Male,Years,77.12000
4810051,Myrnam,2011,Life Expectancy,Both,Years,78.41000
4810051,Myrnam,2012,Life Expectancy,Both,Years,78.52000
4810051,Myrnam,2013,Life Expectancy,Both,Years,78.65000
4810051,Myrnam,2014,Life Expectancy,Both,Years,78.87000
4810051,Myrnam,2015,Life Expectancy,Both,Years,79.28000
4810051,Myrnam,2016,Life Expectancy,Both,Years,79.14000
4810051,Myrnam,2017,Life Expectancy,Both,Years,79.27000
4810051,Myrnam,2018,Life Expectancy,Both,Years,79.59000
4810051,Myrnam,2019,Life Expectancy,Both,Years,79.52000
4810051,Myrnam,2020,Life Expectancy,Both,Years,80.13000
4810051,Myrnam,2021,Life Expectancy,Both,Years,80.18000
4810051,Myrnam,2022,Life Expectancy,Both,Years,80.08000
4810059,Andrew,2011,Life Expectancy,Female,Years,79.41000
4810059,Andrew,2012,Life Expectancy,Female,Years,79.36000
4810059,Andrew,2013,Life Expectancy,Female,Years,80.03000
4810059,Andrew,2014,Life Expectancy,Female,Years,80.62000
4810059,Andrew,2015,Life Expectancy,Female,Years,81.16000
4810059,Andrew,2016,Life Expectancy,Female,Years,81.27000
4810059,Andrew,2017,Life Expectancy,Female,Years,81.99000
4810059,Andrew,2018,Life Expectancy,Female,Years,82.54000
4810059,Andrew,2019,Life Expectancy,Female,Years,82.51000
4810059,Andrew,2020,Life Expectancy,Female,Years,82.57000
4810059,Andrew,2021,Life Expectancy,Female,Years,82.48000
4810059,Andrew,2022,Life Expectancy,Female,Years,82.28000
4810059,Andrew,2011,Life Expectancy,Male,Years,74.72000
4810059,Andrew,2012,Life Expectancy,Male,Years,74.93000
4810059,Andrew,2013,Life Expectancy,Male,Years,74.76000
4810059,Andrew,2014,Life Expectancy,Male,Years,74.53000
4810059,Andrew,2015,Life Expectancy,Male,Years,74.53000
4810059,Andrew,2016,Life Expectancy,Male,Years,74.58000
4810059,Andrew,2017,Life Expectancy,Male,Years,74.47000
4810059,Andrew,2018,Life Expectancy,Male,Years,74.33000
4810059,Andrew,2019,Life Expectancy,Male,Years,74.68000
4810059,Andrew,2020,Life Expectancy,Male,Years,75.08000
4810059,Andrew,2021,Life Expectancy,Male,Years,74.63000
4810059,Andrew,2022,Life Expectancy,Male,Years,74.69000
4810059,Andrew,2011,Life Expectancy,Both,Years,76.86000
4810059,Andrew,2012,Life Expectancy,Both,Years,76.97000
4810059,Andrew,2013,Life Expectancy,Both,Years,77.15000
4810059,Andrew,2014,Life Expectancy,Both,Years,77.27000
4810059,Andrew,2015,Life Expectancy,Both,Years,77.46000
4810059,Andrew,2016,Life Expectancy,Both,Years,77.56000
4810059,Andrew,2017,Life Expectancy,Both,Years,77.80000
4810059,Andrew,2018,Life Expectancy,Both,Years,77.97000
4810059,Andrew,2019,Life Expectancy,Both,Years,78.17000
4810059,Andrew,2020,Life Expectancy,Both,Years,78.40000
4810059,Andrew,2021,Life Expectancy,Both,Years,78.13000
4810059,Andrew,2022,Life Expectancy,Both,Years,78.09000
4810061,Mundare,2011,Life Expectancy,Female,Years,82.82000
4810061,Mundare,2012,Life Expectancy,Female,Years,82.58000
4810061,Mundare,2013,Life Expectancy,Female,Years,83.01000
4810061,Mundare,2014,Life Expectancy,Female,Years,83.00000
4810061,Mundare,2015,Life Expectancy,Female,Years,83.09000
4810061,Mundare,2016,Life Expectancy,Female,Years,82.75000
4810061,Mundare,2017,Life Expectancy,Female,Years,82.80000
4810061,Mundare,2018,Life Expectancy,Female,Years,82.66000
4810061,Mundare,2019,Life Expectancy,Female,Years,83.04000
4810061,Mundare,2020,Life Expectancy,Female,Years,82.91000
4810061,Mundare,2021,Life Expectancy,Female,Years,82.75000
4810061,Mundare,2022,Life Expectancy,Female,Years,82.95000
4810061,Mundare,2011,Life Expectancy,Male,Years,75.92000
4810061,Mundare,2012,Life Expectancy,Male,Years,76.17000
4810061,Mundare,2013,Life Expectancy,Male,Years,76.67000
4810061,Mundare,2014,Life Expectancy,Male,Years,76.55000
4810061,Mundare,2015,Life Expectancy,Male,Years,76.53000
4810061,Mundare,2016,Life Expectancy,Male,Years,76.35000
4810061,Mundare,2017,Life Expectancy,Male,Years,76.28000
4810061,Mundare,2018,Life Expectancy,Male,Years,76.79000
4810061,Mundare,2019,Life Expectancy,Male,Years,76.87000
4810061,Mundare,2020,Life Expectancy,Male,Years,77.31000
4810061,Mundare,2021,Life Expectancy,Male,Years,76.87000
4810061,Mundare,2022,Life Expectancy,Male,Years,76.51000
4810061,Mundare,2011,Life Expectancy,Both,Years,79.22000
4810061,Mundare,2012,Life Expectancy,Both,Years,79.23000
4810061,Mundare,2013,Life Expectancy,Both,Years,79.70000
4810061,Mundare,2014,Life Expectancy,Both,Years,79.62000
4810061,Mundare,2015,Life Expectancy,Both,Years,79.65000
4810061,Mundare,2016,Life Expectancy,Both,Years,79.41000
4810061,Mundare,2017,Life Expectancy,Both,Years,79.42000
4810061,Mundare,2018,Life Expectancy,Both,Years,79.63000
4810061,Mundare,2019,Life Expectancy,Both,Years,79.87000
4810061,Mundare,2020,Life Expectancy,Both,Years,80.04000
4810061,Mundare,2021,Life Expectancy,Both,Years,79.74000
4810061,Mundare,2022,Life Expectancy,Both,Years,79.62000
4810062,Chipman,2011,Life Expectancy,Female,Years,79.41000
4810062,Chipman,2012,Life Expectancy,Female,Years,79.36000
4810062,Chipman,2013,Life Expectancy,Female,Years,80.03000
4810062,Chipman,2014,Life Expectancy,Female,Years,80.62000
4810062,Chipman,2015,Life Expectancy,Female,Years,81.16000
4810062,Chipman,2016,Life Expectancy,Female,Years,81.27000
4810062,Chipman,2017,Life Expectancy,Female,Years,81.99000
4810062,Chipman,2018,Life Expectancy,Female,Years,82.54000
4810062,Chipman,2019,Life Expectancy,Female,Years,82.51000
4810062,Chipman,2020,Life Expectancy,Female,Years,82.57000
4810062,Chipman,2021,Life Expectancy,Female,Years,82.48000
4810062,Chipman,2022,Life Expectancy,Female,Years,82.28000
4810062,Chipman,2011,Life Expectancy,Male,Years,74.72000
4810062,Chipman,2012,Life Expectancy,Male,Years,74.93000
4810062,Chipman,2013,Life Expectancy,Male,Years,74.76000
4810062,Chipman,2014,Life Expectancy,Male,Years,74.53000
4810062,Chipman,2015,Life Expectancy,Male,Years,74.53000
4810062,Chipman,2016,Life Expectancy,Male,Years,74.58000
4810062,Chipman,2017,Life Expectancy,Male,Years,74.47000
4810062,Chipman,2018,Life Expectancy,Male,Years,74.33000
4810062,Chipman,2019,Life Expectancy,Male,Years,74.68000
4810062,Chipman,2020,Life Expectancy,Male,Years,75.08000
4810062,Chipman,2021,Life Expectancy,Male,Years,74.63000
4810062,Chipman,2022,Life Expectancy,Male,Years,74.69000
4810062,Chipman,2011,Life Expectancy,Both,Years,76.86000
4810062,Chipman,2012,Life Expectancy,Both,Years,76.97000
4810062,Chipman,2013,Life Expectancy,Both,Years,77.15000
4810062,Chipman,2014,Life Expectancy,Both,Years,77.27000
4810062,Chipman,2015,Life Expectancy,Both,Years,77.46000
4810062,Chipman,2016,Life Expectancy,Both,Years,77.56000
4810062,Chipman,2017,Life Expectancy,Both,Years,77.80000
4810062,Chipman,2018,Life Expectancy,Both,Years,77.97000
4810062,Chipman,2019,Life Expectancy,Both,Years,78.17000
4810062,Chipman,2020,Life Expectancy,Both,Years,78.40000
4810062,Chipman,2021,Life Expectancy,Both,Years,78.13000
4810062,Chipman,2022,Life Expectancy,Both,Years,78.09000
4817824,Utikoomak Lake 155,2011,Life Expectancy,Female,Years,77.84000
4817824,Utikoomak Lake 155,2012,Life Expectancy,Female,Years,78.02000
4817824,Utikoomak Lake 155,2013,Life Expectancy,Female,Years,77.80000
4817824,Utikoomak Lake 155,2014,Life Expectancy,Female,Years,77.81000
4817824,Utikoomak Lake 155,2015,Life Expectancy,Female,Years,77.93000
4817824,Utikoomak Lake 155,2016,Life Expectancy,Female,Years,77.71000
4817824,Utikoomak Lake 155,2017,Life Expectancy,Female,Years,77.78000
4817824,Utikoomak Lake 155,2018,Life Expectancy,Female,Years,78.18000
4817824,Utikoomak Lake 155,2019,Life Expectancy,Female,Years,77.69000
4817824,Utikoomak Lake 155,2020,Life Expectancy,Female,Years,78.13000
4817824,Utikoomak Lake 155,2021,Life Expectancy,Female,Years,77.66000
4817824,Utikoomak Lake 155,2022,Life Expectancy,Female,Years,77.14000
4817824,Utikoomak Lake 155,2011,Life Expectancy,Male,Years,73.29000
4817824,Utikoomak Lake 155,2012,Life Expectancy,Male,Years,73.59000
4817824,Utikoomak Lake 155,2013,Life Expectancy,Male,Years,73.40000
4817824,Utikoomak Lake 155,2014,Life Expectancy,Male,Years,73.19000
4817824,Utikoomak Lake 155,2015,Life Expectancy,Male,Years,73.05000
4817824,Utikoomak Lake 155,2016,Life Expectancy,Male,Years,72.82000
4817824,Utikoomak Lake 155,2017,Life Expectancy,Male,Years,73.16000
4817824,Utikoomak Lake 155,2018,Life Expectancy,Male,Years,73.41000
4817824,Utikoomak Lake 155,2019,Life Expectancy,Male,Years,73.46000
4817824,Utikoomak Lake 155,2020,Life Expectancy,Male,Years,73.35000
4817824,Utikoomak Lake 155,2021,Life Expectancy,Male,Years,73.02000
4817824,Utikoomak Lake 155,2022,Life Expectancy,Male,Years,72.08000
4817824,Utikoomak Lake 155,2011,Life Expectancy,Both,Years,75.41000
4817824,Utikoomak Lake 155,2012,Life Expectancy,Both,Years,75.66000
4817824,Utikoomak Lake 155,2013,Life Expectancy,Both,Years,75.47000
4817824,Utikoomak Lake 155,2014,Life Expectancy,Both,Years,75.36000
4817824,Utikoomak Lake 155,2015,Life Expectancy,Both,Years,75.32000
4817824,Utikoomak Lake 155,2016,Life Expectancy,Both,Years,75.06000
4817824,Utikoomak Lake 155,2017,Life Expectancy,Both,Years,75.26000
4817824,Utikoomak Lake 155,2018,Life Expectancy,Both,Years,75.61000
4817824,Utikoomak Lake 155,2019,Life Expectancy,Both,Years,75.43000
4817824,Utikoomak Lake 155,2020,Life Expectancy,Both,Years,75.57000
4817824,Utikoomak Lake 155,2021,Life Expectancy,Both,Years,75.24000
4817824,Utikoomak Lake 155,2022,Life Expectancy,Both,Years,74.51000
4817828,Drift Pile River 150,2011,Life Expectancy,Female,Years,77.84000
4817828,Drift Pile River 150,2012,Life Expectancy,Female,Years,78.02000
4817828,Drift Pile River 150,2013,Life Expectancy,Female,Years,77.80000
4817828,Drift Pile River 150,2014,Life Expectancy,Female,Years,77.81000
4817828,Drift Pile River 150,2015,Life Expectancy,Female,Years,77.93000
4817828,Drift Pile River 150,2016,Life Expectancy,Female,Years,77.71000
4817828,Drift Pile River 150,2017,Life Expectancy,Female,Years,77.78000
4817828,Drift Pile River 150,2018,Life Expectancy,Female,Years,78.18000
4817828,Drift Pile River 150,2019,Life Expectancy,Female,Years,77.69000
4817828,Drift Pile River 150,2020,Life Expectancy,Female,Years,78.13000
4817828,Drift Pile River 150,2021,Life Expectancy,Female,Years,77.66000
4817828,Drift Pile River 150,2022,Life Expectancy,Female,Years,77.14000
4817828,Drift Pile River 150,2011,Life Expectancy,Male,Years,73.29000
4817828,Drift Pile River 150,2012,Life Expectancy,Male,Years,73.59000
4817828,Drift Pile River 150,2013,Life Expectancy,Male,Years,73.40000
4817828,Drift Pile River 150,2014,Life Expectancy,Male,Years,73.19000
4817828,Drift Pile River 150,2015,Life Expectancy,Male,Years,73.05000
4817828,Drift Pile River 150,2016,Life Expectancy,Male,Years,72.82000
4817828,Drift Pile River 150,2017,Life Expectancy,Male,Years,73.16000
4817828,Drift Pile River 150,2018,Life Expectancy,Male,Years,73.41000
4817828,Drift Pile River 150,2019,Life Expectancy,Male,Years,73.46000
4817828,Drift Pile River 150,2020,Life Expectancy,Male,Years,73.35000
4817828,Drift Pile River 150,2021,Life Expectancy,Male,Years,73.02000
4817828,Drift Pile River 150,2022,Life Expectancy,Male,Years,72.08000
4817828,Drift Pile River 150,2011,Life Expectancy,Both,Years,75.41000
4817828,Drift Pile River 150,2012,Life Expectancy,Both,Years,75.66000
4817828,Drift Pile River 150,2013,Life Expectancy,Both,Years,75.47000
4817828,Drift Pile River 150,2014,Life Expectancy,Both,Years,75.36000
4817828,Drift Pile River 150,2015,Life Expectancy,Both,Years,75.32000
4817828,Drift Pile River 150,2016,Life Expectancy,Both,Years,75.06000
4817828,Drift Pile River 150,2017,Life Expectancy,Both,Years,75.26000
4817828,Drift Pile River 150,2018,Life Expectancy,Both,Years,75.61000
4817828,Drift Pile River 150,2019,Life Expectancy,Both,Years,75.43000
4817828,Drift Pile River 150,2020,Life Expectancy,Both,Years,75.57000
4817828,Drift Pile River 150,2021,Life Expectancy,Both,Years,75.24000
4817828,Drift Pile River 150,2022,Life Expectancy,Both,Years,74.51000
4810031,Innisfree,2011,Life Expectancy,Female,Years,82.82000
4810031,Innisfree,2012,Life Expectancy,Female,Years,82.58000
4810031,Innisfree,2013,Life Expectancy,Female,Years,83.01000
4810031,Innisfree,2014,Life Expectancy,Female,Years,83.00000
4810031,Innisfree,2015,Life Expectancy,Female,Years,83.09000
4810031,Innisfree,2016,Life Expectancy,Female,Years,82.75000
4810031,Innisfree,2017,Life Expectancy,Female,Years,82.80000
4810031,Innisfree,2018,Life Expectancy,Female,Years,82.66000
4810031,Innisfree,2019,Life Expectancy,Female,Years,83.04000
4810031,Innisfree,2020,Life Expectancy,Female,Years,82.91000
4810031,Innisfree,2021,Life Expectancy,Female,Years,82.75000
4810031,Innisfree,2022,Life Expectancy,Female,Years,82.95000
4810031,Innisfree,2023,Life Expectancy,Female,Years,82.85000
4810031,Innisfree,2011,Life Expectancy,Male,Years,75.92000
4810031,Innisfree,2012,Life Expectancy,Male,Years,76.17000
4810031,Innisfree,2013,Life Expectancy,Male,Years,76.67000
4810031,Innisfree,2014,Life Expectancy,Male,Years,76.55000
4810031,Innisfree,2015,Life Expectancy,Male,Years,76.53000
4810031,Innisfree,2016,Life Expectancy,Male,Years,76.35000
4810031,Innisfree,2017,Life Expectancy,Male,Years,76.28000
4810031,Innisfree,2018,Life Expectancy,Male,Years,76.79000
4810031,Innisfree,2019,Life Expectancy,Male,Years,76.87000
4810031,Innisfree,2020,Life Expectancy,Male,Years,77.31000
4810031,Innisfree,2021,Life Expectancy,Male,Years,76.87000
4810031,Innisfree,2022,Life Expectancy,Male,Years,76.51000
4810031,Innisfree,2023,Life Expectancy,Male,Years,76.05000
4810031,Innisfree,2011,Life Expectancy,Both,Years,79.22000
4810031,Innisfree,2012,Life Expectancy,Both,Years,79.23000
4810031,Innisfree,2013,Life Expectancy,Both,Years,79.70000
4810031,Innisfree,2014,Life Expectancy,Both,Years,79.62000
4810031,Innisfree,2015,Life Expectancy,Both,Years,79.65000
4810031,Innisfree,2016,Life Expectancy,Both,Years,79.41000
4810031,Innisfree,2017,Life Expectancy,Both,Years,79.42000
4810031,Innisfree,2018,Life Expectancy,Both,Years,79.63000
4810031,Innisfree,2019,Life Expectancy,Both,Years,79.87000
4810031,Innisfree,2020,Life Expectancy,Both,Years,80.04000
4810031,Innisfree,2021,Life Expectancy,Both,Years,79.74000
4810031,Innisfree,2022,Life Expectancy,Both,Years,79.62000
4810031,Innisfree,2023,Life Expectancy,Both,Years,79.32000
4810042,Vermilion,2011,Life Expectancy,Female,Years,87.21000
4810042,Vermilion,2012,Life Expectancy,Female,Years,87.22000
4810042,Vermilion,2013,Life Expectancy,Female,Years,87.46000
4810042,Vermilion,2014,Life Expectancy,Female,Years,87.66000
4810042,Vermilion,2015,Life Expectancy,Female,Years,87.64000
4810042,Vermilion,2016,Life Expectancy,Female,Years,88.11000
4810042,Vermilion,2017,Life Expectancy,Female,Years,88.15000
4810042,Vermilion,2018,Life Expectancy,Female,Years,88.18000
4810042,Vermilion,2019,Life Expectancy,Female,Years,88.40000
4810042,Vermilion,2020,Life Expectancy,Female,Years,88.65000
4810042,Vermilion,2021,Life Expectancy,Female,Years,88.51000
4810042,Vermilion,2022,Life Expectancy,Female,Years,88.55000
4810042,Vermilion,2011,Life Expectancy,Male,Years,81.79000
4810042,Vermilion,2012,Life Expectancy,Male,Years,81.50000
4810042,Vermilion,2013,Life Expectancy,Male,Years,82.07000
4810042,Vermilion,2014,Life Expectancy,Male,Years,82.33000
4810042,Vermilion,2015,Life Expectancy,Male,Years,82.67000
4810042,Vermilion,2016,Life Expectancy,Male,Years,83.02000
4810042,Vermilion,2017,Life Expectancy,Male,Years,83.37000
4810042,Vermilion,2018,Life Expectancy,Male,Years,83.98000
4810042,Vermilion,2019,Life Expectancy,Male,Years,84.57000
4810042,Vermilion,2020,Life Expectancy,Male,Years,84.52000
4810042,Vermilion,2021,Life Expectancy,Male,Years,84.26000
4810042,Vermilion,2022,Life Expectancy,Male,Years,84.35000
4810042,Vermilion,2011,Life Expectancy,Both,Years,84.54000
4810042,Vermilion,2012,Life Expectancy,Both,Years,84.39000
4810042,Vermilion,2013,Life Expectancy,Both,Years,84.81000
4810042,Vermilion,2014,Life Expectancy,Both,Years,85.05000
4810042,Vermilion,2015,Life Expectancy,Both,Years,85.20000
4810042,Vermilion,2016,Life Expectancy,Both,Years,85.62000
4810042,Vermilion,2017,Life Expectancy,Both,Years,85.83000
4810042,Vermilion,2018,Life Expectancy,Both,Years,86.14000
4810042,Vermilion,2019,Life Expectancy,Both,Years,86.51000
4810042,Vermilion,2020,Life Expectancy,Both,Years,86.63000
4810042,Vermilion,2021,Life Expectancy,Both,Years,86.44000
4810042,Vermilion,2022,Life Expectancy,Both,Years,86.50000
4812811,Kehewin 123,2011,Life Expectancy,Female,Years,80.84000
4812811,Kehewin 123,2012,Life Expectancy,Female,Years,80.88000
4812811,Kehewin 123,2013,Life Expectancy,Female,Years,81.00000
4812811,Kehewin 123,2014,Life Expectancy,Female,Years,81.05000
4812811,Kehewin 123,2015,Life Expectancy,Female,Years,81.33000
4812811,Kehewin 123,2016,Life Expectancy,Female,Years,81.84000
4812811,Kehewin 123,2017,Life Expectancy,Female,Years,82.11000
4812811,Kehewin 123,2018,Life Expectancy,Female,Years,82.06000
4812811,Kehewin 123,2019,Life Expectancy,Female,Years,82.31000
4812811,Kehewin 123,2020,Life Expectancy,Female,Years,82.73000
4812811,Kehewin 123,2021,Life Expectancy,Female,Years,82.29000
4812811,Kehewin 123,2022,Life Expectancy,Female,Years,82.21000
4812811,Kehewin 123,2011,Life Expectancy,Male,Years,75.44000
4812811,Kehewin 123,2012,Life Expectancy,Male,Years,75.55000
4812811,Kehewin 123,2013,Life Expectancy,Male,Years,75.87000
4812811,Kehewin 123,2014,Life Expectancy,Male,Years,76.34000
4812811,Kehewin 123,2015,Life Expectancy,Male,Years,76.60000
4812811,Kehewin 123,2016,Life Expectancy,Male,Years,76.90000
4812811,Kehewin 123,2017,Life Expectancy,Male,Years,77.10000
4812811,Kehewin 123,2018,Life Expectancy,Male,Years,77.39000
4812811,Kehewin 123,2019,Life Expectancy,Male,Years,77.45000
4812811,Kehewin 123,2020,Life Expectancy,Male,Years,77.62000
4812811,Kehewin 123,2021,Life Expectancy,Male,Years,77.74000
4812811,Kehewin 123,2022,Life Expectancy,Male,Years,77.78000
4812811,Kehewin 123,2011,Life Expectancy,Both,Years,77.92000
4812811,Kehewin 123,2012,Life Expectancy,Both,Years,78.01000
4812811,Kehewin 123,2013,Life Expectancy,Both,Years,78.25000
4812811,Kehewin 123,2014,Life Expectancy,Both,Years,78.54000
4812811,Kehewin 123,2015,Life Expectancy,Both,Years,78.83000
4812811,Kehewin 123,2016,Life Expectancy,Both,Years,79.24000
4812811,Kehewin 123,2017,Life Expectancy,Both,Years,79.47000
4812811,Kehewin 123,2018,Life Expectancy,Both,Years,79.61000
4812811,Kehewin 123,2019,Life Expectancy,Both,Years,79.76000
4812811,Kehewin 123,2020,Life Expectancy,Both,Years,80.04000
4812811,Kehewin 123,2021,Life Expectancy,Both,Years,79.90000
4812811,Kehewin 123,2022,Life Expectancy,Both,Years,79.88000
4814003,Yellowhead County,2011,Life Expectancy,Female,Years,81.58285
4814003,Yellowhead County,2012,Life Expectancy,Female,Years,81.59389
4814003,Yellowhead County,2013,Life Expectancy,Female,Years,81.57710
4814003,Yellowhead County,2014,Life Expectancy,Female,Years,81.52362
4814003,Yellowhead County,2015,Life Expectancy,Female,Years,81.18218
4814003,Yellowhead County,2016,Life Expectancy,Female,Years,81.01452
4814003,Yellowhead County,2017,Life Expectancy,Female,Years,81.31076
4814003,Yellowhead County,2018,Life Expectancy,Female,Years,81.34951
4814003,Yellowhead County,2019,Life Expectancy,Female,Years,81.62880
4814003,Yellowhead County,2020,Life Expectancy,Female,Years,81.46569
4814003,Yellowhead County,2021,Life Expectancy,Female,Years,81.20011
4814003,Yellowhead County,2022,Life Expectancy,Female,Years,81.11370
4814003,Yellowhead County,2023,Life Expectancy,Female,Years,80.95000
4814003,Yellowhead County,2011,Life Expectancy,Male,Years,76.78554
4814003,Yellowhead County,2012,Life Expectancy,Male,Years,77.08315
4814003,Yellowhead County,2013,Life Expectancy,Male,Years,77.08812
4814003,Yellowhead County,2014,Life Expectancy,Male,Years,77.07657
4814003,Yellowhead County,2015,Life Expectancy,Male,Years,77.15151
4814003,Yellowhead County,2016,Life Expectancy,Male,Years,77.40409
4814003,Yellowhead County,2017,Life Expectancy,Male,Years,77.44911
4814003,Yellowhead County,2018,Life Expectancy,Male,Years,77.99134
4814003,Yellowhead County,2019,Life Expectancy,Male,Years,78.22289
4814003,Yellowhead County,2020,Life Expectancy,Male,Years,78.13994
4814003,Yellowhead County,2021,Life Expectancy,Male,Years,77.54107
4814003,Yellowhead County,2022,Life Expectancy,Male,Years,77.27293
4814003,Yellowhead County,2023,Life Expectancy,Male,Years,76.61000
4814003,Yellowhead County,2011,Life Expectancy,Both,Years,78.98619
4814003,Yellowhead County,2012,Life Expectancy,Both,Years,79.17552
4814003,Yellowhead County,2013,Life Expectancy,Both,Years,79.15833
4814003,Yellowhead County,2014,Life Expectancy,Both,Years,79.12955
4814003,Yellowhead County,2015,Life Expectancy,Both,Years,79.00933
4814003,Yellowhead County,2016,Life Expectancy,Both,Years,79.06897
4814003,Yellowhead County,2017,Life Expectancy,Both,Years,79.22369
4814003,Yellowhead County,2018,Life Expectancy,Both,Years,79.55453
4814003,Yellowhead County,2019,Life Expectancy,Both,Years,79.81534
4814003,Yellowhead County,2020,Life Expectancy,Both,Years,79.70199
4814003,Yellowhead County,2021,Life Expectancy,Both,Years,79.25278
4814003,Yellowhead County,2022,Life Expectancy,Both,Years,79.06507
4814003,Yellowhead County,2023,Life Expectancy,Both,Years,78.63000
4814019,Hinton,2011,Life Expectancy,Female,Years,81.18000
4814019,Hinton,2012,Life Expectancy,Female,Years,80.60000
4814019,Hinton,2013,Life Expectancy,Female,Years,80.41000
4814019,Hinton,2014,Life Expectancy,Female,Years,80.29000
4814019,Hinton,2015,Life Expectancy,Female,Years,80.21000
4814019,Hinton,2016,Life Expectancy,Female,Years,80.16000
4814019,Hinton,2017,Life Expectancy,Female,Years,80.33000
4814019,Hinton,2018,Life Expectancy,Female,Years,81.06000
4814019,Hinton,2019,Life Expectancy,Female,Years,81.78000
4814019,Hinton,2020,Life Expectancy,Female,Years,82.06000
4814019,Hinton,2021,Life Expectancy,Female,Years,81.50000
4814019,Hinton,2022,Life Expectancy,Female,Years,81.33000
4814019,Hinton,2023,Life Expectancy,Female,Years,81.38000
4814019,Hinton,2011,Life Expectancy,Male,Years,77.16000
4814019,Hinton,2012,Life Expectancy,Male,Years,77.53000
4814019,Hinton,2013,Life Expectancy,Male,Years,77.68000
4814019,Hinton,2014,Life Expectancy,Male,Years,77.54000
4814019,Hinton,2015,Life Expectancy,Male,Years,78.05000
4814019,Hinton,2016,Life Expectancy,Male,Years,78.23000
4814019,Hinton,2017,Life Expectancy,Male,Years,78.35000
4814019,Hinton,2018,Life Expectancy,Male,Years,78.44000
4814019,Hinton,2019,Life Expectancy,Male,Years,78.59000
4814019,Hinton,2020,Life Expectancy,Male,Years,78.78000
4814019,Hinton,2021,Life Expectancy,Male,Years,78.19000
4814019,Hinton,2022,Life Expectancy,Male,Years,78.13000
4814019,Hinton,2023,Life Expectancy,Male,Years,78.17000
4814019,Hinton,2011,Life Expectancy,Both,Years,78.99000
4814019,Hinton,2012,Life Expectancy,Both,Years,79.00000
4814019,Hinton,2013,Life Expectancy,Both,Years,78.99000
4814019,Hinton,2014,Life Expectancy,Both,Years,78.87000
4814019,Hinton,2015,Life Expectancy,Both,Years,79.10000
4814019,Hinton,2016,Life Expectancy,Both,Years,79.16000
4814019,Hinton,2017,Life Expectancy,Both,Years,79.33000
4814019,Hinton,2018,Life Expectancy,Both,Years,79.71000
4814019,Hinton,2019,Life Expectancy,Both,Years,80.12000
4814019,Hinton,2020,Life Expectancy,Both,Years,80.36000
4814019,Hinton,2021,Life Expectancy,Both,Years,79.78000
4814019,Hinton,2022,Life Expectancy,Both,Years,79.63000
4814019,Hinton,2023,Life Expectancy,Both,Years,79.69000
4814024,Edson,2011,Life Expectancy,Female,Years,81.19000
4814024,Edson,2012,Life Expectancy,Female,Years,81.94000
4814024,Edson,2013,Life Expectancy,Female,Years,82.73000
4814024,Edson,2014,Life Expectancy,Female,Years,82.44000
4814024,Edson,2015,Life Expectancy,Female,Years,81.94000
4814024,Edson,2016,Life Expectancy,Female,Years,81.67000
4814024,Edson,2017,Life Expectancy,Female,Years,82.18000
4814024,Edson,2018,Life Expectancy,Female,Years,82.24000
4814024,Edson,2019,Life Expectancy,Female,Years,82.27000
4814024,Edson,2020,Life Expectancy,Female,Years,81.98000
4814024,Edson,2021,Life Expectancy,Female,Years,81.66000
4814024,Edson,2022,Life Expectancy,Female,Years,81.30000
4814024,Edson,2011,Life Expectancy,Male,Years,76.86000
4814024,Edson,2012,Life Expectancy,Male,Years,77.11000
4814024,Edson,2013,Life Expectancy,Male,Years,77.23000
4814024,Edson,2014,Life Expectancy,Male,Years,77.41000
4814024,Edson,2015,Life Expectancy,Male,Years,77.37000
4814024,Edson,2016,Life Expectancy,Male,Years,77.38000
4814024,Edson,2017,Life Expectancy,Male,Years,77.06000
4814024,Edson,2018,Life Expectancy,Male,Years,77.37000
4814024,Edson,2019,Life Expectancy,Male,Years,77.75000
4814024,Edson,2020,Life Expectancy,Male,Years,77.76000
4814024,Edson,2021,Life Expectancy,Male,Years,76.78000
4814024,Edson,2022,Life Expectancy,Male,Years,76.87000
4814024,Edson,2011,Life Expectancy,Both,Years,78.94000
4814024,Edson,2012,Life Expectancy,Both,Years,79.42000
4814024,Edson,2013,Life Expectancy,Both,Years,79.79000
4814024,Edson,2014,Life Expectancy,Both,Years,79.76000
4814024,Edson,2015,Life Expectancy,Both,Years,79.52000
4814024,Edson,2016,Life Expectancy,Both,Years,79.39000
4814024,Edson,2017,Life Expectancy,Both,Years,79.41000
4814024,Edson,2018,Life Expectancy,Both,Years,79.65000
4814024,Edson,2019,Life Expectancy,Both,Years,79.87000
4814024,Edson,2020,Life Expectancy,Both,Years,79.73000
4814024,Edson,2021,Life Expectancy,Both,Years,79.04000
4814024,Edson,2022,Life Expectancy,Both,Years,78.93000
4811064,Gibbons,2011,Life Expectancy,Female,Years,82.80000
4811064,Gibbons,2012,Life Expectancy,Female,Years,82.99000
4811064,Gibbons,2013,Life Expectancy,Female,Years,83.66000
4811064,Gibbons,2014,Life Expectancy,Female,Years,83.85000
4811064,Gibbons,2015,Life Expectancy,Female,Years,83.85000
4811064,Gibbons,2016,Life Expectancy,Female,Years,85.01000
4811064,Gibbons,2017,Life Expectancy,Female,Years,85.16000
4811064,Gibbons,2018,Life Expectancy,Female,Years,84.54000
4811064,Gibbons,2019,Life Expectancy,Female,Years,83.96000
4811064,Gibbons,2020,Life Expectancy,Female,Years,83.31000
4811064,Gibbons,2021,Life Expectancy,Female,Years,83.15000
4811064,Gibbons,2022,Life Expectancy,Female,Years,82.53000
4811064,Gibbons,2011,Life Expectancy,Male,Years,76.27000
4811064,Gibbons,2012,Life Expectancy,Male,Years,76.89000
4811064,Gibbons,2013,Life Expectancy,Male,Years,77.15000
4811064,Gibbons,2014,Life Expectancy,Male,Years,77.13000
4811064,Gibbons,2015,Life Expectancy,Male,Years,76.04000
4811064,Gibbons,2016,Life Expectancy,Male,Years,76.77000
4811064,Gibbons,2017,Life Expectancy,Male,Years,77.34000
4811064,Gibbons,2018,Life Expectancy,Male,Years,76.41000
4811064,Gibbons,2019,Life Expectancy,Male,Years,76.80000
4811064,Gibbons,2020,Life Expectancy,Male,Years,76.98000
4811064,Gibbons,2021,Life Expectancy,Male,Years,76.54000
4811064,Gibbons,2022,Life Expectancy,Male,Years,75.81000
4811064,Gibbons,2011,Life Expectancy,Both,Years,79.53000
4811064,Gibbons,2012,Life Expectancy,Both,Years,79.88000
4811064,Gibbons,2013,Life Expectancy,Both,Years,80.16000
4811064,Gibbons,2014,Life Expectancy,Both,Years,79.99000
4811064,Gibbons,2015,Life Expectancy,Both,Years,79.51000
4811064,Gibbons,2016,Life Expectancy,Both,Years,80.44000
4811064,Gibbons,2017,Life Expectancy,Both,Years,80.82000
4811064,Gibbons,2018,Life Expectancy,Both,Years,80.02000
4811064,Gibbons,2019,Life Expectancy,Both,Years,79.91000
4811064,Gibbons,2020,Life Expectancy,Both,Years,79.81000
4811064,Gibbons,2021,Life Expectancy,Both,Years,79.51000
4811064,Gibbons,2022,Life Expectancy,Both,Years,78.82000
4811065,Redwater,2011,Life Expectancy,Female,Years,81.71000
4811065,Redwater,2012,Life Expectancy,Female,Years,82.07000
4811065,Redwater,2013,Life Expectancy,Female,Years,81.92000
4811065,Redwater,2014,Life Expectancy,Female,Years,81.72000
4811065,Redwater,2015,Life Expectancy,Female,Years,81.69000
4811065,Redwater,2016,Life Expectancy,Female,Years,81.85000
4811065,Redwater,2017,Life Expectancy,Female,Years,82.08000
4811065,Redwater,2018,Life Expectancy,Female,Years,82.38000
4811065,Redwater,2019,Life Expectancy,Female,Years,82.16000
4811065,Redwater,2020,Life Expectancy,Female,Years,82.01000
4811065,Redwater,2021,Life Expectancy,Female,Years,82.03000
4811065,Redwater,2022,Life Expectancy,Female,Years,81.86000
4811065,Redwater,2023,Life Expectancy,Female,Years,82.14000
4811065,Redwater,2011,Life Expectancy,Male,Years,76.61000
4811065,Redwater,2012,Life Expectancy,Male,Years,76.65000
4811065,Redwater,2013,Life Expectancy,Male,Years,76.81000
4811065,Redwater,2014,Life Expectancy,Male,Years,77.11000
4811065,Redwater,2015,Life Expectancy,Male,Years,77.15000
4811065,Redwater,2016,Life Expectancy,Male,Years,77.32000
4811065,Redwater,2017,Life Expectancy,Male,Years,77.65000
4811065,Redwater,2018,Life Expectancy,Male,Years,77.71000
4811065,Redwater,2019,Life Expectancy,Male,Years,77.69000
4811065,Redwater,2020,Life Expectancy,Male,Years,77.53000
4811065,Redwater,2021,Life Expectancy,Male,Years,77.43000
4811065,Redwater,2022,Life Expectancy,Male,Years,77.39000
4811065,Redwater,2023,Life Expectancy,Male,Years,77.43000
4811065,Redwater,2011,Life Expectancy,Both,Years,79.02000
4811065,Redwater,2012,Life Expectancy,Both,Years,79.21000
4811065,Redwater,2013,Life Expectancy,Both,Years,79.23000
4811065,Redwater,2014,Life Expectancy,Both,Years,79.31000
4811065,Redwater,2015,Life Expectancy,Both,Years,79.32000
4811065,Redwater,2016,Life Expectancy,Both,Years,79.48000
4811065,Redwater,2017,Life Expectancy,Both,Years,79.77000
4811065,Redwater,2018,Life Expectancy,Both,Years,79.93000
4811065,Redwater,2019,Life Expectancy,Both,Years,79.81000
4811065,Redwater,2020,Life Expectancy,Both,Years,79.65000
4811065,Redwater,2021,Life Expectancy,Both,Years,79.60000
4811065,Redwater,2022,Life Expectancy,Both,Years,79.49000
4811065,Redwater,2023,Life Expectancy,Both,Years,79.64000
